id,text,channel,created_at,category,sentiment
C531504,تم استـــرجاع المبلغ بسرعة، شكراً لكم، هذه المرة الثالثة التي يحدث فيها ذلك.,payment_portal,2024-10-01 04:31:37,فوترة,إيجابي
C280978,أريد التحدث مع مسؤول بخصوص طلبي,mobile_app,2024-10-01 07:42:42,تقني,سلبي
C385392,مرحباً، المبلغ الإجمالي 49 ريال. ما هي ساعات عمل خدمة العملاء؟,call_center,2024-10-01 08:01:25,خدمة_عملاء,محايد
C248042,هلا الفاتورة هالشهر واجد غالية وما أدري ليش، المبلغ 320 ريال,delivery_app,2024-10-01 11:14:34,توصيل,سلبي
C628507,يا جماعة الموظف كان أسلوبه مو زين وسكّر بوجهي والله شي يقهر!,call_center,2024-10-01 11:47:28,خدمة_عملاء,سلبي
C608208,هذه المرة الثالثة التي يحدث فيها ذلك. كيف أفعّل التحقق بخطوتين؟,mobile_app,2024-10-01 12:02:52,تقني,محايد
C827145,ازيكم بعت رسايل كتير ومحدش بيرد، رقم الأوردر #30376 كلمتكم يوم الاثنين عن نظارة شمسية,call_center,2024-10-01 12:17:00,خدمة_عملاء,سلبي
C414792,لَاُ أستطيع تسجيل الدخول إلىّ حَساَبي رغمّ إدخال كلمة المرورّ الصحُيحة، المبلغِ الإجمالي 250 ريال. طلِبْتِ شاشة يوم الْاثنين. هذّا غير مقُبْول إطلاقاً!,mobile_app,2024-10-01 16:59:19,تقني,سلبي
C483038,ازيكم مكتِوب إّن الأّوردر اُتسلّم وأنا ماسِتْلمتش حاُجة، كلمتكْم يوم الثُلَاثاء عن جوال,delivery_app,2024-10-01 17:08:15,توصيل,سلبي
C667457,لو سمحتو المبلغ 750 بدي احكي مع حدا مسؤول,payment_portal,2024-10-01 18:17:32,فوترة,سلبي
C725426,هل تتوفر خدمة التوصيل في نفس اليوم؟ طلبت طابعة يوم الأحد. رقم الطلب #65662.,delivery_app,2024-10-01 18:41:28,توصيل,محايد
C609291,رقم الطلب #73832. هل يوجد رقم مباشر للتواصل مع مشرف؟,call_center,2024-10-02 00:04:49,خدمة_عملاء,محايد
C337730,الخدمة كتير سيئة، هي المرة الخامسة بتصير هيك,delivery_app,2024-10-02 05:20:17,توصيل,سلبي
C537156,جددوا لي الاشتراك بدون ما أوافق وسحبوا 199 ريال، هذي الــــمرة الثانية يصير كذا طلبت شاشة يوم الجمعة والله شي يقهر! رقمي 0536091292,payment_portal,2024-10-02 12:43:25,فوترة,سلبي
C927513,كيفّ أقدّم شكوَى رسمية؟ توَاصلت معكم يوم الثلّاْثْاء بخصّوص ثلّاجة. رِقم الطلب #29221.,call_center,2024-10-02 22:02:00,خدمة_عملاء,محايد
C382052,لم يتم حل المشكلة حتى الآن، طلبت شاحن يوم الخميس. رقم الطلب #18849.,web_form,2024-10-02 22:06:13,أخرى,سلبي
C396752,الحساب كله 499 جنيه اتخصم مني 750 جنيه مرتين على نفس الأوردر,payment_portal,2024-10-03 03:03:53,فوترة,سلبي
C156020,السلام عليكم، كيف أتتبع الشحنة رقم #79087؟,delivery_app,2024-10-03 04:22:18,توصيل,محايد
C349599,لو سمحت بقالي 12 أيام مستني فلوسي ترجع ومفيش حاجة، الحساب كله 49 جنيه طالب شاحن يوم الاثنين عايز حل بسرعة رقمي 0556918935,payment_portal,2024-10-03 04:57:41,فوترة,سلبي
C813467,لو سمحتو التطبيق عم يسكّر لحالو كل شوي، طالب كرسي مكتب يوم الأحد,mobile_app,2024-10-03 05:27:53,تقني,سلبي
C279496,لو سمحتم، هذه المرة الرابعة التي يحدث فيها ذلك. رقم الطلب #89292. لم يتم حل المشكلة حتى الآن,mobile_app,2024-10-03 10:36:54,تقني,سلبي
C582458,تجربة زفت بصراحة، دي المرة الثانية يحصل كده طالب ألعاب أطفال يوم الأربعاء مش هتعامل معاكم تاني,payment_portal,2024-10-03 19:14:36,فوترة,سلبي
C367485,كلمتكم يوم الخميس عن نظارة شمسية رقم الطلب #67166 الطلب وصل ناقص غرض,delivery_app,2024-10-03 19:25:54,توصيل,سلبي
C981889,مرحباً، هل يدعم التطبيق الأجهزة القديمة؟,mobile_app,2024-10-03 20:28:37,تقني,محايد
C677705,السلام عليكم، طلبت شاشة يوم الأحد. التطبيق يتوقف عن العمل كلما حاوـــلت فتح صفحة الطلبات,mobile_app,2024-10-03 21:18:56,تقني,سلبي
C956748,كلمتكم يوم الأربعاء عن طابعة ما أقـــدر أسجل دخول والباسوورد صحيح ما عاد أتعامل معكم,mobile_app,2024-10-04 12:05:49,تقني,سلبي
C867893,الغرض وصلني مكسور، رقم الطلب #14046 والله شي يقهر!,delivery_app,2024-10-04 14:25:53,توصيل,سلبي
C968925,بعد الــتحديث الجديد التطبيق خربان، هذي المرة الثالثة يصير كذا,mobile_app,2024-10-04 15:14:05,تقني,سلبي
C150380,شكراً على سرعة الرد والتعامل الراقي,call_center,2024-10-04 18:11:41,خدمة_عملاء,إيجابي
C201275,يا جماعة المبلغ 99 رقم الطلب #66261 جددولي الاشتراك بدون ما اطلب وانسحب المبلغ,payment_portal,2024-10-04 20:00:03,فوترة,سلبي
C790818,يا جماعة المبلغ 99 رقم الطلب #66261 جددولي الاشتراك بدون ما اطلب وانسحب المبلغ,payment_portal,2024-10-04 20:00:03,فوترة,سلبي
C679290,من بعد التحديث الجديد التطبيق ما عم يشتغل، طالب كرسي مكتب يوم السبت والله شي بيقهر!,mobile_app,2024-10-04 20:39:48,تقني,سلبي
C320550,تم استرجاع المبلغ بسرعة، شكراً لكم، طلبت لابتوب يوم الأربعاء.,payment_portal,2024-10-04 21:45:52,فوترة,إيجابي
C916758,مرحبا هي المرة الخامسة بتصير هيك حكيتكن يوم الأربعاء عن ألعاب أطفال ضليت ناطر ع التلفون ساعة وما حدا رد ما رح اتعامل معكن بعد اليوم,call_center,2024-10-05 00:52:28,خدمة_عملاء,سلبي
C712529,لو سمحتو حكيتكن يوم الثلاثاء عن حقيبة من بعد التحديث الجديد التطبيق ما عم يشتغل، وأيضاً الطلبية وصلت ناقصة,mobile_app,2024-10-05 04:17:40,تقني,سلبي
C614744,التطبيق يطلعني برا كل ما أفتح الطلبات، هذي المرة الخامسة يصير كذا,mobile_app,2024-10-05 18:09:27,تقني,سلبي
C512091,هل يمكن الحصول على فاتورة ضريبية للطلب #80654؟,payment_portal,2024-10-05 20:07:13,فوترة,محايد
C365546,رقم الأوردر #23833 الأبلكيشن بيقفل لوحده كل شوية,mobile_app,2024-10-05 23:38:04,تقني,سلبي
C746382,يا جماعة انسحب مني 199 مرتين على نفس الطلب، المبلغ 320 بدي حل بسرعة,payment_portal,2024-10-06 04:45:26,فوترة,سلبي
C491744,هي المرة الثالثة بتصير هيك التطبـيق عم يسكّر لحالو كل شوي,mobile_app,2024-10-06 07:17:01,تقني,سلبي
C753809,السلام عليكم الغرض وصلني مكسور، كلمتكم يوم الأحد عن جوال,delivery_app,2024-10-06 10:14:27,توصيل,سلبي
C217813,هذي المرة الرابعة يصير كذا تجربة ما تنعاد,payment_portal,2024-10-06 10:31:34,فوترة,سلبي
C783683,يا جماعة ما أقدر أسجل دخول والباسوورد صحيح,mobile_app,2024-10-06 11:22:34,تقني,سلبي
C740688,هلا طلبي #65327 متأخر 11 أيام وللحين ما وصل، رقم اــلطلب #71974 كلمتكم يوم الأربعاء عن ألعاب أطفال ما عاد أتعامل معكم,delivery_app,2024-10-06 13:35:07,توصيل,سلبي
C156856,مرحباً، هذه المرة الثالثة التي يحدث فيها ذلك. شكراً على سرعة الرد والتعامل الراقي,call_center,2024-10-06 14:49:56,خدمة_عملاء,إيجابي
C887031,اُزيكمُ دِي المرة اْلثانية يحصلِ كده طالب كرّسي مكتب يُوم اِلسبت الِمندوّب ماكلْمنّيْش ورجّع الشحنِة بجد حاجة تضايق!,delivery_app,2024-10-06 17:03:39,توصيل,سلبي
C611581,لو سمحتم، رقم الطلب #77938. هذه المرة الخامسة التي يحدث فيها ذلك. شكراً لفريق الدعم الفني على حل مشكلة تسجيل الدخول,mobile_app,2024-10-06 19:32:01,تقني,إيجابي
C716011,هلا انخصم مني 150 ريال مرتين على نفس الطلب، رقم الطلب #93854,payment_portal,2024-10-06 21:36:09,فوترة,سلبي
C260078,تواصلت معكم يوم الأربعاء بخصوص شاحن. المندوب كان محترماً ودقيقاً في الموعد,delivery_app,2024-10-06 23:02:57,توصيل,إيجابي
C302265,تواصلت معكم يوم الأربعاء بخصوص شاحن. المندوب كان محترماً ودقيقاً في الموعد,delivery_app,2024-10-06 23:02:57,توصيل,إيجابي
C350423,المندوب كان محترماً ودقيقاً في الموعد، تواصلت معكم يوم الــخميس بخصوص مكنسة كهربائية.,delivery_app,2024-10-07 01:58:32,توصيل,إيجابي
C338613,انتظرت على الخط أكثر من ساعة دون أن يرد أحد، هذه المرة الرابعة التي يحدث فيها ذلك.,call_center,2024-10-07 02:51:06,خدمة_عملاء,سلبي
C761286,رقم الطلب #23980 طلبت كتب يوم الخميس الطلب وصل ناقص غرض,delivery_app,2024-10-07 04:44:50,توصيل,سلبي
C315839,أبي أحذف حسابي نهائياً، كلمتكم يوم الخميس عن جوال,web_form,2024-10-07 05:14:01,أخرى,سلبي
C816270,😡😡😡,payment_portal,2024-10-07 06:22:04,فوترة,سلبي
C811936,هي المرة الثانية بتصير هيك المبلغ 99 الطلبية وصلت ناقصة ما رح اتعامل معكن بعد اليوم,delivery_app,2024-10-07 10:14:26,توصيل,سلبي
C297185,مرحبا ضليت ناطر ع التلفْوَن ساعةِ وما حدا رد، حكيتكن يوم الأّحد عنِ حقيبة رقم الطلب #19514,call_center,2024-10-07 11:10:59,خدمة_عملاء,سلبي
C322374,يا جماعة التطبيق عم يسكّر لحالو كل شوي، حكيتكن يوم الأربعاء عن سماعات المبلغ 150,mobile_app,2024-10-07 18:54:05,تقني,سلبي
C127385,السلام عليكم، هل يمكن الحصول على فاتورة ضريبية لـــلطلب #51483؟ المبلغ الإجمالي 320 ريال.,payment_portal,2024-10-07 19:30:41,فوترة,محايد
C409816,لو سمحت دي المرة الرــابعة يحصل كده الأوردر #41304 متأخر 10 أيام ولسه ماوصلش بجد حاجة تضايق!,delivery_app,2024-10-07 21:12:42,توصيل,سلبي
C396891,مرحباً، الفاتورة واضحة ومفصلة، عمل ممتاز، رقم الطلب #23122. طلبت حذاء رياضي يوم الاثنين.,payment_portal,2024-10-08 02:31:30,فوترة,إيجابي
C985905,رقم الطلب #10398. رمز التحقق لا يصل إلى هاتفي,mobile_app,2024-10-08 03:31:22,تقني,سلبي
C255200,لو سمحتم، طلبت حذاء رياضي يوم الأحد. تواصلت معكم يوم السبت بخصوص لابتوب. هل تتوفر خدمة التوصيل في نفس اليوم؟,delivery_app,2024-10-08 09:11:34,توصيل,محايد
C353198,رقم اــلطلب #71892. شكراً لفريق الدعم الفني على حل مشكلة تسجيل الدخول,mobile_app,2024-10-08 14:32:31,تقني,إيجابي
C617792,السلام عليكم طلبي #55207 متأخر 11 أيام وللحين ما وصل,delivery_app,2024-10-08 19:22:34,توصيل,سلبي
C308654,السلام عليكم هذي المرة الرابعة يصير كذا من 13 أيام طالب استرجاع فلوسي وللحين ما وصلت والله شي يقهر!,payment_portal,2024-10-09 00:13:33,فوترة,سلبي
C436674,كيف أقدّم شـــكوى رسمية؟,call_center,2024-10-09 01:42:48,خدمة_عملاء,محايد
C333452,كيف أقدّم شَـــكوى رَسمية؟,call_center,2024-10-09 04:05:48,خدمة_عملاء,محايد
C487627,هذه المرة الثانية التي يحدث فيها ذلك. المبلغ الإجمالي 750 ريال. هل يدعم التطبيق الأجهزة القديمة؟,mobile_app,2024-10-09 05:30:29,تقني,محايد
C134143,تأخر وصول الطلب رقم #25225 أكثر من 3 أيام عن الموعد المحدد، المبلغ الإجمالي 150 ريال. تواصلت معكم يوم الأحد بخصوص ألعاب أطفال.,delivery_app,2024-10-09 06:18:25,توصيل,سلبي
C621084,لو سمحت كلمتكم يوم الأحد عن شاحن دي المرة الرـــابعة يحصل كده مش عارف أعمل لوجين والباسورد صح، وأيضاً بقالي 4 أيام مستني فلوسي ترجع ومفيش حاجة عايز حل بسرعة,mobile_app,2024-10-09 06:21:37,تقني,سلبي
C650049,تأخر  وصول الطلب رقم #25225 أكثر من 3 أيام عن الموعد المحدد، المبلغ الإجمالي 150 ريال. تواصلت معكم يوم الأحد بخصوص ألعاب أطفال.,delivery_app,2024-10-09 07:29:25,توصيل,سلبي
C375908,مرحباً، تواصلت معكم يوم الجمعة بخصوص طابعة. هذه المرة الرابعة التي يحدث فيها ذلك. كيف أغيّر طريقة الدفع المسجلة في حسابي؟,payment_portal,2024-10-09 11:43:16,فوترة,محايد
C883300,المبلغ الإجمالي 499 ريال. كيف أفعّل التحقق بخطوتين؟,mobile_app,2024-10-09 12:41:31,تقني,محايد
C160405,هلا الطلب وصل ناقص غرض، هذي المرة الثالثة يصير كذا رقم الطلب #93393 والله شي يقهر! رقمي 0582222326,delivery_app,2024-10-09 13:06:54,توصيل,سلبي
C460230,مرحباً، تم خصم مبلغ 199 ريال من حسابي مرتين لنفس الطلب، تواصلت معكم يوم الجمعة بخصوص كتب. هذا غير مقبول إطلاقاً!,payment_portal,2024-10-09 17:45:21,فوترة,سلبي
C883066,مكتوب إن الأوردر اتسلمْ وأنا ماسُتلمتشُ حاجة، اِلحسابُ كله 49 جنيه,delivery_app,2024-10-09 18:33:56,توصيل,سلبي
C815912,طالب جـــوال يوم السبت لسه المشكلة زي ما هي,delivery_app,2024-10-09 21:55:20,توصيل,سلبي
C603300,ازيكم طالب عطر يوم السبت رقم الأوردر #62971 مكتوب إن الأوردر اتسلم وأنا ماستلمتش حاجة مش هتعامل معاكم تاني,delivery_app,2024-10-09 23:48:48,توصيل,سلبي
C727596,هلا طلبي #99810 متأخر 2 أيام وللحين ما وصل، المبلغ 49 ريال,delivery_app,2024-10-10 13:18:27,توصيل,سلبي
C317825,جددوا لي الاشتراك بدون ما أوافق وسحبوا 750 ريال، طلبت نظارة شمسية يوم السبت هذي المرة الثالثة يصير كذا ابي حل بسرعة,payment_portal,2024-10-10 14:57:27,فوترة,سلبي
C494084,لو سمحتم، ما هي ساعات عمل خدمة العملاء؟ تواصلت معكم يوم الأحد بخصوص شاحن.,call_center,2024-10-10 18:02:41,خدمة_عملاء,محايد
C841850,يا جماعة كود التحقق ما يوصلني، رقم الطلب #23710,mobile_app,2024-10-10 18:35:26,تقني,سلبي
C765203,يا جماعة حكيتكن يوم السبت عن جوال طلبيتي #62495 متأخرة 2 أيام ولسا ما وصلت ما رح اتعامل معكن بعد اليوم,delivery_app,2024-10-10 19:34:16,توصيل,سلبي
C864027,لوَ سمحتم، ما هي ساعاُت عمل خدمة الُعمَلاء؟ تواصلت معكم يومُ الْأحد بخصوص شَاحن.,call_center,2024-10-10 20:24:41,خدمة_عملاء,محايد
C178799,صرلي 9 أيام ناطر يرجعولي المصاري وما في شي، حكيتكن يوم الجمعة عن شاحن المبلغ 49,payment_portal,2024-10-11 01:25:15,فوترة,سلبي
C953237,هل يوجد رقم مباشر للتواصل مع مشرف؟ رقم الطلب #63874. طلبت جوال يوم الثلاثاء.,call_center,2024-10-11 07:21:30,خدمة_عملاء,محايد
C207795,مرحباً، هل يمكن تغيير عنوان التوصيل للطلب #52274؟ طلبت طابعة يوم الأربعاء.,delivery_app,2024-10-11 10:55:00,توصيل,محايد
C960803,المندوب ما اتصل ورجع الطلب، رقم الطلب #38343 كلمتكم يوم الثلاثاء عن ألعاب أطفال,delivery_app,2024-10-11 20:20:15,توصيل,سلبي
C895789,رقم الأوردر #41602 اتخصم مني 499 جنيه مرتين على نفس الأوردر بجد حاجة تضايق!,payment_portal,2024-10-12 00:37:44,فوترة,سلبي
C446274,هلا طلبت خلاط يوم الأربعاء الطلب وصل ناقص غرض,delivery_app,2024-10-12 06:24:03,توصيل,سلبي
C984437,هلا طلبت خلاط يوم الأربعاء الطلب وصل ناقص غرض,delivery_app,2024-10-12 06:24:03,توصيل,سلبي
C353318,بعت رسـايل كتير ومحدش بيرد مش هتعامل معاكم تاني,call_center,2024-10-12 07:06:27,خدمة_عملاء,سلبي
C590522,هل يدعم التطبيق الأجهزة القديمة؟ هذه المرة الثالثة التي يحدث فيها ذلك.,mobile_app,2024-10-12 09:06:12,تقني,محايد
C501474,هل تتوفر خدمة التوصيل في نفس اليوم؟ المبلغ الإجمالي 320 ريال.,delivery_app,2024-10-12 13:13:17,توصيل,محايد
C605688,مرحباً، لا أستطيع تسجيل الدخول إلى حسابي رغم إدخال كلمة المرور الصحيحة هذا غير مقبول إطلاقاً!,mobile_app,2024-10-12 17:02:52,تقني,سلبي
C966581,مرحباً، لا أستطيع تسجيل الدخول إلى حسابي رغم إدخال كلمة المرور الصحيحة هذا غير مقبول إطلاقاً!,mobile_app,2024-10-12 17:02:52,تقني,سلبي
C804650,فضلت مستني على التليفون ساعة ومحدش رد، طالب جوال يوم الاثنين بجد حاجة تضايق!,call_center,2024-10-13 02:32:32,خدمة_عملاء,سلبي
C436298,مرحباً، شكراً على سرــعة الرد والتعامل الراقي، هذه المرة الخامسة التي يحدث فيها ذلك. طلبت حذاء رياضي يوم السبت.,call_center,2024-10-13 05:49:14,خدمة_عملاء,إيجابي
C512978,عايز أكلم حد مسؤول، دي المرة الثانية يحصل كده عايز حل بسرعة,payment_portal,2024-10-13 09:04:22,فوترة,سلبي
C777042,السلام عليكم، تم تسجيل الطلب كمستلم ولكنه لم يصلني، هذه المرة الثالثة التي يحدث فيها ذلك.,delivery_app,2024-10-13 12:10:28,توصيل,سلبي
C288110,السلام عليكم، تم تسجيل الطلب كمستلم ولكنه لم يصلني، هذه المرة الثالثة التي يحدث فيها ذلك.,delivery_app,2024-10-13 12:10:28,توصيل,سلبي
C367698,الْأبلكيشِن بِيقفّل لوحده كل شْوية، الحساب كله 499 جّنيه,mobile_app,2024-10-13 18:55:57,تقني,سلبي
C112815,كلمتكم يوم الثلاثاء عن ألعاب أطفال هذي المرة الثالثة يصير كذا الطلب وصل ناقص غرض,delivery_app,2024-10-13 19:55:32,توصيل,سلبي
C429603,وصل الطلب قبل الموعد والتغليف ممتاز، طلبت سماعات يوم الأربعاء. هذه المرة الرابعة التي يحدث فيها ذلك. https://example.com/orders/56336,delivery_app,2024-10-14 01:21:26,توصيل,إيجابي
C700485,لو سمحت من ساعة التحديث الجديد والأبلكيشن واقع، طالب ثلاجة يوم الجمعة مش هتعامل معاكم تاني,mobile_app,2024-10-14 01:52:28,تقني,سلبي
C881453,لو سمحتم، هذه المرة الثالثة التي يحدث فيها ذلك. تواصلت معكم يوم الاثنين بخصوص كرسي مكتب. رمز التحقق لا يصل إلى هاتفي,mobile_app,2024-10-14 04:37:15,تقني,سلبي
C266869,متى يتم إصدار الفاتورة الشهرية؟ المبلغ الإجمالي 150 ريال.,payment_portal,2024-10-14 13:38:05,فوترة,محايد
C413111,المبلغ الإجمالي 499 ريال. أحتاج مساعدة عاجلة من فضلكم,mobile_app,2024-10-14 16:45:33,تقني,سلبي
C915815,ازيكم الِخدّمة وحشةّ جْداً، رقم الّأوردرِ #33658 دي المرة الَرابْعة يحصل كدّه,payment_portal,2024-10-15 01:38:03,فوترة,سلبي
C183674,هْل يوّجد رقم مباشر للتواصل مع مُشرف؟,call_center,2024-10-15 02:39:16,خدمة_عملاء,محايد
C360618,يا جماعة هذي المرة الرابعة يصير كذا انتظرت ساعة على الخط ومحد رد,call_center,2024-10-15 21:46:58,خدمة_عملاء,سلبي
C475755,المبلغ 320 رمز التحقق ما عم يوصلني بدي حل بسرعة,mobile_app,2024-10-15 23:21:22,تقني,سلبي
C972802,لو سمحتم، تواصلت معكم يوم الاثنين بخصوص خلاط. تم تجديد الاشتراك تلقائياً دون موافقتي وخصم 320 ريال أرجو الحل بأسرع وقت.,payment_portal,2024-10-16 00:33:05,فوترة,سلبي
C274674,هلا رقم الطلب #63141 هذي المرة الثالثة يصير كذا الغرض وصلني مكســـور ما عاد أتعامل معكم,delivery_app,2024-10-16 01:25:59,توصيل,سلبي
C950653,هلا رقم الطلب #63141 هذي المرة الثالثة يصير كذا الغرض وصلني مكســـور ما عاد أتعامل معكم,delivery_app,2024-10-16 01:25:59,توصيل,سلبي
C110557,يا جماعة هذي المرة الثالثة يصير كذا الطلب وصل ناقص غرض,delivery_app,2024-10-16 06:28:10,توصيل,سلبي
C851779,السلام عليكم من 5 أيام طالب استرجاع فلوسي وللحين ما وصلت، المبلغ 750 ريال ابي حل بسرعة,payment_portal,2024-10-16 12:55:03,فوترة,سلبي
C297354,أريد التحدث مع مسؤول بخصوص طلبي سأضطر لإلغاء الاشتراك إن لم تُحل المشكلة.,call_center,2024-10-16 16:02:58,خدمة_عملاء,سلبي
C639846,مكتوب إن الأوردر اتسلم وأنا ماستلمتش حاجة,delivery_app,2024-10-16 16:25:26,توصيل,سلبي
C751553,الحاجة وصلت مكسورة، رقم الأوردر #45819 بجد حاجة تضايق!,delivery_app,2024-10-16 17:08:21,توصيل,سلبي
C531163,ازيكم بقالي 14 أيام مستني فلوسي ترجع ومفيش حاجة، رقم الأوردر #84746,payment_portal,2024-10-17 09:35:25,فوترة,سلبي
C353254,طلبت جوال يوم السبت المبلغ 499 ريال الطلب وصل ناقص غرض,delivery_app,2024-10-17 10:25:10,توصيل,سلبي
C143476,لو سمحت تجربة زفت بصرِاحة,mobile_app,2024-10-17 11:03:08,تقني,سلبي
C897822,مرحباً، رقم الطلب #23664. تواصلت معكم يوم الأحد بخصوص ثلاجة. كيف أتتبع الشحنة رقم #72288؟,delivery_app,2024-10-17 14:27:56,توصيل,محايد
C105668,التحديث الجديد ممتاز والتطبيق صار أسرع، تواصلت معكم يوم الخميس بخصوص ألعاب أطفال.,mobile_app,2024-10-17 20:19:56,تقني,إيجابي
C190075,وصل الطلب قبل الموعد والتغليف ممتاز، طلبت عطر يوم الجمعة.,delivery_app,2024-10-17 20:56:14,توصيل,إيجابي
C730278,السلام عليكم رقم الطلب #69493 طلبت كتب يوم السبت انخصم مني 250 ريال مرتين على نفس الطلب,payment_portal,2024-10-17 22:31:07,فوترة,سلبي
C961338,المندوب ما اتصل فيني ورجّع الطلبية، رقم الطلب #57850 بدي حل بسرعة,call_center,2024-10-17 22:42:41,خدمة_عملاء,سلبي
C974837,الغرض وصلني مكسور، هذي المرة الثالثة يصير كذا,delivery_app,2024-10-18 00:07:03,توصيل,سلبي
C946610,المندوب ما اتصل ورجع الطلب، كلمتكم يوم الجمعة عن عطر والله شي يقهر!,delivery_app,2024-10-18 08:51:12,توصيل,سلبي
C115700,من 9 أيام طالب استرجاع فلوسي وللحين ما وصلت، هذي المرة الثانية يصير كذا المبلغ 199 ريال,payment_portal,2024-10-18 15:30:34,فوترة,سلبي
C922773,لو سمحت عايز أكلم حد مسؤول بجد حاجة تضايق!,payment_portal,2024-10-18 15:59:59,فوترة,سلبي
C529398,يا جماعة انخصم مني 99 ريال مرتين على نفس الطلب، هذي المرة الرابعة يصير كذا,payment_portal,2024-10-18 16:15:04,فوترة,سلبي
C768082,يا جماعة طلبيتي #37664 متأخرة 4 أيام ولسا ما وصلت، هي المرة الثالثة بتصير هيك,delivery_app,2024-10-18 21:05:15,توصيل,سلبي
C375754,يا جماعة طلبيتي #37664 متأخرة 4 أيام ولسا ما وصلت، هي المرة الثالثة بتصير هيك,delivery_app,2024-10-18 21:05:15,توصيل,سلبي
C943033,لو سمحتم، كود الخصم لم يُطبَّق على الفاتورة رغم أنه ساري المفعول، المبلغ الإجمالي 49 ريال.,payment_portal,2024-10-19 00:27:18,فوترة,سلبي
C736314,يا جماعة عندي مشكلة من أمس ومحد حلها، رقم الطلب #55594,call_center,2024-10-19 00:43:47,خدمة_عملاء,سلبي
C409157,هذه المرة الرابعة التي يحدث فيها ذلك. المندوب لم يتصل بي وأعاد الشحنة,delivery_app,2024-10-19 01:39:32,توصيل,سلبي
C337746,كود التحقق ما يُوصْلنْي، الِمبلغ 499 ريَال,delivery_app,2024-10-19 04:51:26,توصيل,سلبي
C364076,ba2ali sa3a mestanni 7ad yerod 3alaya order #75543,call_center,2024-10-19 14:08:48,خدمة_عملاء,إيجابي
C301273,تم تسّجيل الطِلب كمستلّمْ ولكنه لم يصلني https://example.com/orders/31168,delivery_app,2024-10-19 23:31:59,توصيل,سلبي
C734489,لو سمحتم، المندوب كان محترماً ودقيقاً في اــــلموعد,delivery_app,2024-10-20 04:37:28,توصيل,إيجابي
C122068,مُرحباً، رقم اُلطلبِ #88439. المبلغ الإجمُالي 49 رياْل. كيف أتَتبعُ الشحنةْ رقم #26557؟,delivery_app,2024-10-20 10:56:53,توصيل,محايد
C860191,يا جماعة رقم الطلب #42336 بدي احكي مع حدا مسؤول ما رح اتعامل معكن بعد اليوم,payment_portal,2024-10-20 12:24:38,فوترة,سلبي
C952803,لو سمحتم، تم خصم مبلغ 150 ريال من حسابي مرتين لنفس الطلب، هذه المرة الرابعة التي يحدث فيها ذلك. المبلغ الإجمالي 320 ريال. هذا غير مقبول إطلاقاً!,payment_portal,2024-10-20 13:32:52,فوترة,سلبي
C275326,المبلغ 499 ريال الطلب وصل ناقص غرض,delivery_app,2024-10-21 01:44:53,توصيل,سلبي
C270524,المبلغ 499 ريال الطلب وصل ناقص غرض,delivery_app,2024-10-21 01:44:53,توصيل,سلبي
C580416,طالب حقيبة يوم الأربعاء مش عارف أعمل لوجين والباـــسورد صح عايز حل بسرعة,mobile_app,2024-10-21 02:48:46,تقني,سلبي
C652350,شكراً لفريق الدعم الفني على حل مشكلة تسجيل الدخول، طلبت حذاء رياضي يوم الثلاثاء.,mobile_app,2024-10-21 04:49:47,تقني,إيجابي
C693727,شكراً لفريق الدعم الفني على حل مشكلة تسجيل الدخول، طلبت حذاء رياضي يوم الثلاثاء.,mobile_app,2024-10-21 04:49:47,تقني,إيجابي
C516645,رقم الأوردر #47994 الكوبون مااشتغلش والفلوس اتسحبت كاملة بجد حاجة تضايق!,payment_portal,2024-10-21 09:45:38,فوترة,سلبي
C725698,,payment_portal,2024-10-21 10:00:56,فوترة,سلبي
C561984,بدي امحي حسابي نهائياً، هي المرة الخامسة بتصير هيك طالب حقيبة يوم الثلاثاء بدي حل بسرعة,web_form,2024-10-21 10:22:28,أخرى,سلبي
C631050,مرحبا من بعد التحديث الجديد التطبيق ما عم يشتغل، طالب كتب يوم الجمعة حكيتكن يوم الخميس عن ألعاب أطفال ما رح اتعامل معكن بعد اليوم,mobile_app,2024-10-21 15:04:28,تقني,سلبي
C299666,لوُ سمحتم، طلبت اســــترجاع المبلغ مُنذّ 9 أيَام ولم يصلني شيء حتىّ الَآِن,payment_portal,2024-10-21 23:47:42,فوترة,سلبي
C238234,يا جماعة الحساب كله 49 جنيه اتخصم مني 99 جنيه مرتين على نفس الأوردر,payment_portal,2024-10-22 04:05:51,فوترة,سلبي
C619742,هلا للحين المشكلة ما انحلت,mobile_app,2024-10-22 05:04:18,تقني,سلبي
C407543,لم يتم حل المشكلة حتى الآن,mobile_app,2024-10-22 06:26:43,تقني,سلبي
C425117,مرحبا انسحب مني 499 مرتين على نفس الطلب، طالب لابتوب يوم الجمعة,payment_portal,2024-10-22 07:09:20,فوترة,سلبي
C457282,الحساب كله 199 جنيه الفَاّتورة اِلمرة ديْ غاليَة جَداً ومش فاهم ليه مش هتِعامل معاكم تاَني,payment_portal,2024-10-22 09:00:23,فوترة,سلبي
C229147, الحساب كله 199 جنيه الفَاّتورة اِلمرة ديْ غاليَة جَداً ومش فاهم ليه مش هتِعامل معاكم تاَني ,payment_portal,2024-10-22 09:15:23,فوترة,سلبي
C892160,يا جماعة كود التحقق ما يوصلني، كلمتكم يوم الجمعة عن خلاط ابي حل بسرعة,mobile_app,2024-10-22 11:04:49,تقني,سلبي
C489531,هل يوجد رقم مباشر للتواصل مع مشرف؟ طلبت مكنسة كهربائية يوم الاثنين.,call_center,2024-10-22 12:37:19,خدمة_عملاء,محايد
C843323,كيف أتتبع الشحنة رقم #28141؟,delivery_app,2024-10-22 12:49:43,توصيل,محايد
C575091,مرحباً، ما هي ساعات عمل خدمة العملاء؟,call_center,2024-10-22 16:21:57,خدمة_عملاء,محايد
C163980,السلام عليكم، رمز التحقق لا يصل إلى هاتفي، هذه المرة الخامسة التي يحدث فيها ذلك. أرجو الحل بأسرع وقت.,mobile_app,2024-10-22 20:00:51,تقني,سلبي
C360793,السلام عليكم، رمز التحقق لا يصل إلى هاتفي، هذه المرة الخامسة التي يحدث فيها ذلك. أرجو الحل بأسرع وقت.,mobile_app,2024-10-22 20:00:51,تقني,سلبي
C384236,طالب ساعة ذكية يوم الثلاثاء اتخصم مني 49 جنيه مرتين على نفس الأوردر,payment_portal,2024-10-22 20:55:11,فوترة,سلبي
C969226,ازيكم الموظف كان أسلوبه وحش وقفل السكة في وشي، كلمتكم يوم الخميس عن ثلاجة عايز حل بسرعة https://example.com/orders/14337,call_center,2024-10-23 00:56:28,خدمة_عملاء,سلبي
C864892,المبلغ 49 انسحب مني 750 مرتين على نفس الطلب ما رح اتعامل معكن بعد اليوم,payment_portal,2024-10-23 05:32:30,فوترة,سلبي
C516367,لو سمحتو طالب قهوة يوم الأربعاء الفاتورة هالمرة كتير غالية وما حدا شرحلي ليش,payment_portal,2024-10-23 08:52:06,فوترة,سلبي
C859781,لو سمحت كلمتكم يوم الثلاثاء عن نظارة شمسية فضلت مستني على التليفون ساعة ومحدش رد,call_center,2024-10-23 12:25:09,خدمة_عملاء,سلبي
C724842,السلام عليكم الموظف كان أسلوبه مو زين وسكّر بوجهي، كلمتكم يوم الاثنين عن عطر ما عاد أتعامل معكم,call_center,2024-10-23 16:36:23,خدمة_عملاء,سلبي
C316527,الموظفة كــــانت متعاونة جداً وحلّت مشكلتي,call_center,2024-10-24 02:08:18,خدمة_عملاء,إيجابي
C499824,السلام عليكم كود التحقق ما يوصلني، كلمتكم يوم الأربعاء عن ساعة ذكية هذي المرة الثالثة يصير كذا والله شي يقهر!,mobile_app,2024-10-24 02:22:41,تقني,سلبي
C778073,لو سمحتم، هذه المرة الثانية الــــتي يحدث فيها ذلك. رقم الطلب #83175. كيف أفعّل التحقق بخطوتين؟,mobile_app,2024-10-24 02:36:19,تقني,محايد
C391733,مرحباً، تواصلت معكم يوم الخميس بخصوص لابتوب. المبلغ الإجمالي 250 ريال. هل تتوفر خدمة التوصيل في نفس اليوم؟,delivery_app,2024-10-24 03:00:35,توصيل,محايد
C612797,طلبيتي #63108 متأخرة 5 أيام ولسا ما وصلت، طالب جوال يوم الجمعة,delivery_app,2024-10-24 08:41:07,توصيل,سلبي
C192168,التحديث الجديد ممتاز والتطبيق صار أسرع، طلبت كتب يوم السبت.,mobile_app,2024-10-24 17:05:06,تقني,إيجابي
C434532,تواصلت معكم يوم الجمعة بخصوص حذاء رياضي. طلبت نظارة شمسية يوم الاثنين. متى يتم إصدار الفاتورة الشهرية؟ https://example.com/orders/30672,payment_portal,2024-10-24 17:54:29,فوترة,محايد
C150653,هي المرة الثالثة بتصير هيك بدي احكي مع حدا مسؤول والله شي بيقهر!,payment_portal,2024-10-24 19:16:53,فوترة,سلبي
C494578,هل تقدمون خدمات للشركات؟,web_form,2024-10-25 01:20:09,أخرى,محايد
C402177,ما هي ساعات عمل خدمة العملاء؟ تواصلت معكم يوم السبت بخصوص كرسي مكتب. رقم الطلب #28129.,call_center,2024-10-25 01:25:29,خدمة_عملاء,محايد
C137735,لو سمحتم، تواصلت معكم يوم الثلاثاء بخصوص طابعة. كيف أفعّل التحقق بخطوتين؟,mobile_app,2024-10-25 06:54:07,تقني,محايد
C230352,يا جماعة كلمتكم يوم الجمعة عن حقيبة طلبي #99413 متأخر 9 أيام وللحين ما وصل,delivery_app,2024-10-25 08:34:47,توصيل,سلبي
C745082,لو سمحتم، تم تجديد الاشتراك تلقائياً دون موافقتي وخصم 99 ريال، طلبت ثلاجة يوم الاثنين.,payment_portal,2024-10-25 09:23:31,فوترة,سلبي
C986393,لو سمحتم، وصل الطلب قبل الموعد والتغليف ممتاز,delivery_app,2024-10-25 19:47:44,توصيل,إيجابي
C772826,لو سمحتو طلبيتي #25639 متأخرة 14 أيام ولسا ما وصلت، المبلغ 199,delivery_app,2024-10-26 01:32:18,توصيل,سلبي
C248564,رْقم اِلأوردر #81924 طالب شاِحن يوم الُأْحد الموظف كان أسلوبه وحش وّقفل السكة فُي وشَي,call_center,2024-10-26 01:40:25,خدمة_عملاء,سلبي
C273986,متى يتم إصدار الفاتورة الشهرية؟ رقم الطلب #79116. تواصلت معكم يوم الخميس بخصوص ساعة ذكية.,payment_portal,2024-10-26 02:47:54,فوترة,محايد
C484050,هلا للحين المشكلة ما انحلت، كلمتكم يوم الخميس عن جوال,delivery_app,2024-10-26 04:29:40,توصيل,سلبي
C247245,لو سمحتّم، كيفُ أغيّر طريقة الدفعِ المسجلة في حسابي؟ تواصلت معكم يوم الأربعاء بَخصوص جوال.,payment_portal,2024-10-26 10:29:03,فوترة,محايد
C727835,الغرض وصلني مكسور,delivery_app,2024-10-26 10:29:28,توصيل,سلبي
C708773,للحين المشكلة ما انحلت، كلمتكم يوم الأحد عن شاحن ما عاد أتعامل معكم,delivery_app,2024-10-26 21:55:10,توصيل,سلبي
C539720,المندوب ما اتصل فيني ورجّع الطلبية، هي المرة الثالثة بتصير هيك,delivery_app,2024-10-26 23:32:28,توصيل,سلبي
C942862,يا جماعة الخدمة واجد سيئة، رقم الطلب #40778,mobile_app,2024-10-28 03:03:49,تقني,سلبي
C344898,يا جماعة ودي تضيفون خيار الدفع عند الاستلام، طلبت ألعاب أطفال يوم الأحد والله شي يقهر!,web_form,2024-10-28 04:05:39,أخرى,سلبي
C771076,طالب طابعة يوم الأحد دي المرة الثالثة يحصل كده المندوب ماـكلمنيش ورجّع الشحنة عايز حل بسرعة,delivery_app,2024-10-28 15:19:32,توصيل,سلبي
C947704,السلام عليكم، التطبيق يتوقف عن العمل كلما حاولت فتح صفحة الطلبات، المبلغ الإجمالي 499 ريال.,mobile_app,2024-10-28 20:17:18,تقني,سلبي
C549133,السلام عليكم، التطبيق يتوقف عن العمل كلما حاولت فتح صفحة الطلبات، المبلغ الإجمالي 499 ريال.,mobile_app,2024-10-28 20:17:18,تقني,سلبي
C604210,لو سمحتم، شكراً لفريق الدعم الفني على حل مشكلة تسجيل الدخول، طلبت ثلاجة يوم السبت.,mobile_app,2024-10-29 03:21:24,تقني,إيجابي
C833353,ازيكم الكوبون مااشتغلش والفلوس اتسحبت كاملة,payment_portal,2024-10-29 07:12:20,فوترة,سلبي
C291940,جددوا لي الاشتراك بدون ما أوافق وسحبوا 150 ريال، المبلغ 499 ريال طلبت مكنسة كهربائية يوم الاثنين ما عاد أتعامل معكم,payment_portal,2024-10-29 19:57:50,فوترة,سلبي
C844555,يا جماعة المندوب ما اتصل فيني ورجّع الطلبية، رقم الطلب #77681 هي المرة الثالثة بتصير هيك,delivery_app,2024-10-30 03:07:49,توصيل,سلبي
C878841,راسلتكم أكثر من مرة ومحد رد علي، المبلغ 49 ريال,call_center,2024-10-30 08:07:05,خدمة_عملاء,سلبي
C464813,من 8 أيام طالب استرجاع فلوسي وللحين ما وصلت,payment_portal,2024-10-30 10:54:08,فوترة,سلبي
C293523,كلمتكم يوم الجمعة عن حذاء رياضي الطلب وصل ناقص غرض,delivery_app,2024-10-30 10:56:09,توصيل,سلبي
C379566,رقم الطلب #80876 عندي مشكلة من مبارح وما حدا حلّها بدي حل بسرعة,delivery_app,2024-10-30 11:46:25,توصيل,سلبي
C980168,مرحباً، ما هي ساعات عمل خدمة العملاء؟ هذه المرة الخامسة التي يحدث فيها ذلك. طلبت حذاء رياضي يوم الأربعاء.,call_center,2024-10-30 13:41:19,خدمة_عملاء,محايد
C226270,لو سمحتم، كيف أفعّل التحقق بخطوتين؟ طلبت مكنسة كهربائية يوم الجمعة. رقمي 0548295971,mobile_app,2024-10-30 15:25:08,تقني,محايد
C811477,السلام عليكم، رقم الطلب #91330. الفاتوــرة واضحة ومفصلة، عمل ممتاز,payment_portal,2024-10-30 16:20:27,فوترة,إيجابي
C652894,تواصلت معكم يوم السبت بخصوص خلاط. كيف أتتبع الشحنة رقم #56459؟,delivery_app,2024-10-30 16:50:59,توصيل,محايد
C182729,مرحباً، التطبيق يتوقف عن العمل كلما حاولت فتح صفحة الطلبات، رقم الطلب #46123. هذه المرة الرابعة التي يحدث فيها ذلك. سأضطر لإلغاء الاشتراك إن لم تُحل المشكلة.,mobile_app,2024-10-31 00:21:42,تقني,سلبي
C757815,كلمتكم يوم الأربعاء عن طابعة من 4 أيام طالب استرجاع فلوسي وللحين ما وصلت,payment_portal,2024-10-31 01:24:35,فوترة,سلبي
C361218,من بعد التحديث الجديد التطبيق ما عم يشتغل، طالب ثلاجة يوم الجمعة,mobile_app,2024-10-31 12:27:29,تقني,سلبي
C410073,مرحباً، رقم الطلب #82673. تم تجديد الاشتراك تلقائياً دون موافقتي وخصم 499 رــيال,payment_portal,2024-10-31 12:56:08,فوترة,سلبي
C938858,مرحبا الموظف كان أسلوبو مش منيح وسكّر الخط، طالب شاحن يوم الأربعاء,call_center,2024-10-31 21:36:15,خدمة_عملاء,سلبي
C201250,من 2 أيام طالب استرجاع فلوسي وللحين ما وصلت، المبلغ 49 ريال رقم الطلب #55794 ابي حل بسرعة,payment_portal,2024-10-31 22:45:26,فوترة,سلبي
C568459,من 2 أيام طالب استرجاع فلوسي وللحين ما وصلت، المبلغ 49 ريال رقم الطلب #55794 ابي حل بسرعة,payment_portal,2024-10-31 22:45:26,فوترة,سلبي
C190836,مرحبا عندي مشكلة من مبارح وما حدا حلّها، هي المرة الثالثة بتصير هيك المبلغ 150 والله شي بيقهر!,call_center,2024-10-31 23:48:09,خدمة_عملاء,سلبي
C238414,يا جماعة رقم الأوردر #53439 الخدمة وحشة جداً عايز حل بسرعة,payment_portal,2024-11-01 03:10:08,فوترة,سلبي
C384151,الــسلام عليكم، الموظفة كانت متعاونة جداً وحلّت مشكلتي، تواصلت معكم يوم الجمعة بخصوص مكنسة كهربائية. https://example.com/orders/81463,call_center,2024-11-01 03:56:20,خدمة_عملاء,إيجابي
C903477,لو سمحتم، كيف أفعّل التحقق بخطوتين؟ رقم الطلب #49668. تواصلت معكم يوم الجمعة بخصوص ألعاب أطفال.,mobile_app,2024-11-01 11:44:20,تقني,محايد
C573542,متى يتم إصدار الفاتورة الشهرية؟ المبلغ الإجمالي 49 ريال.,payment_portal,2024-11-01 12:33:58,فوترة,محايد
C621052,الأبلكيشن بيقفل لوحده كل شوية، كلمتكم يوم الجمعة عن قهوة دي المرة الثالثة يحصل كده,mobile_app,2024-11-01 13:14:34,تقني,سلبي
C721988,السلام عليكم كلمتكم يوم الأربعاء عن جوال ما أقدر أسجل دخول والباسوورد صحيح والله شي يقهر!,mobile_app,2024-11-01 13:38:01,تقني,سلبي
C894205,el order mt2a5er 11 ayam w lessa ma wesel order #28143,delivery_app,2024-11-01 17:30:03,توصيل,سلبي
C203632,كود الخصم لم يُطبَّق على الفاتورة رغم أنه ساري المفعول، المبلغ الإجمالي 99 ريال. هذا غير مقبول إطلاقاً!,call_center,2024-11-01 17:52:45,خدمة_عملاء,سلبي
C858007,كود الخصم لم يُطبَّق على الفاتورة رغم أنه ساري المفعول، المبلغ الإجمالي 99 ريال. هذا غير مقبول إطلاقاً!,call_center,2024-11-01 17:52:45,خدمة_عملاء,سلبي
C535188,ازيكم مكتوب إن الأوردر اتسلم وأنا ماستلمتش حاجة، كــــلمتكم يوم الأربعاء عن شاحن عايز حل بسرعة,delivery_app,2024-11-01 20:41:59,توصيل,سلبي
C960981,مرحبا المبلغ 250 طالب حذاء رياضي يوم الاثنين صرلي 14 أيام ناطر يرجعولي المصاري وما في شي,payment_portal,2024-11-01 23:09:50,فوترة,سلبي
C150994,مرحباً، المبلغ الإجمالي 750 ريال. هل يمكن تغيير عنوان التوصيل للطلب #86532؟,delivery_app,2024-11-01 23:13:44,توصيل,محايد
C396439,السلام عليكم كلمتكم يوم السبت عن شاشة الخدمة واجد سيئة والله شي يقهر!,delivery_app,2024-11-02 00:17:15,توصيل,سلبي
C123309,لو سمحتم، كيف أفعّل التحقق بخطوتين؟ رقمي 0573158706,mobile_app,2024-11-02 03:56:13,تقني,محايد
C373241,لو  سمحتم، كيف أفعّل التحقق بخطوتين؟ رقمي 0573158706,mobile_app,2024-11-02 04:57:13,تقني,محايد
C177179,هلا التطِبيق يطلعني براّ كل ما أفتِحَ اَلطلّبات، رقّمّ الطلْبّ #81175 ابَي حلَ بسرعة,mobile_app,2024-11-02 14:51:09,تقني,سلبي
C546293,دي المرة الخامسة يحصل كده فضلت مستني على التليفون ساعة ومحدش رد,payment_portal,2024-11-02 16:59:41,فوترة,سلبي
C363645,لو سمحتم، هل يمكن الحصول على فاتورة ضريبية للطلب #58608؟,payment_portal,2024-11-02 22:41:34,فوترة,محايد
C322514,مش عارف أعمل لوجين والباسورد صح، رقم الأوردر #84509 كلمتكم يوم الاثنين عن قهوة مش هتعامل معاكم تاني,mobile_app,2024-11-02 23:16:55,تقني,سلبي
C650640,هلا المبلغ 199 ريال كلمتكم يوم السبت عن كرسي مكتب انخصم مني 750 ريال مرتين على نفس الطلب https://example.com/orders/26912,payment_portal,2024-11-02 23:25:41,فوترة,سلبي
C699638,السلام عليكم، رقم الطلب #83716. التطبيق يتوقف عن العمل كلما حاولت فتح صفحة الطلبات، وفوق هذا المندوب لم يتصل بي وأعاد الـــشحنة,mobile_app,2024-11-03 04:25:57,تقني,سلبي
C116869,...,mobile_app,2024-11-03 10:56:57,تقني,سلبي
C676750,هذه المرة الرابعة التي يحدث فيها ذلك. رقم الطلب #45439. شكراً لفريق الدعم الفني على حل مشكلة تسجيل الدخول,mobile_app,2024-11-03 18:45:37,تقني,إيجابي
C476601,لو سمحتو المندوب ما اتصل فيني ورجّع الطلبية، هي المرة الثانية بتصير هيك,delivery_app,2024-11-04 02:57:38,توصيل,سلبي
C379362,أحتاج مساعدة عاجلة من فضلكم، تواصلت معكم يوم الثلاثاء بخصوص لابتوب.,payment_portal,2024-11-04 07:26:56,فوترة,سلبي
C219629,el mandoob ma etasal w rage3 el order,delivery_app,2024-11-04 11:22:49,توصيل,سلبي
C284850,يا جماعِة رقم الأوردر #74521 بعِت رسايل كتير ومحدْش بيردْ، وكمّاّن كِوّد التفعْيل مش بِيوصّل خالصّ مش هتعامل معاكم تاني,call_center,2024-11-04 14:37:04,خدمة_عملاء,سلبي
C571734,مرحباً، كيف أغيّر رقم الجوال المرتبط بالحساب؟ طلبت خلاط يوم الجمعة. رقم الطلب #27766.,mobile_app,2024-11-04 20:37:41,تقني,محايد
C739747,حكيتكن يوم الثلاثاء عن شاحن الطلبية وصلت ناقصة,delivery_app,2024-11-05 02:07:16,توصيل,سلبي
C845061,مرحباً، تم استرجاع المبلغ بسرعة، شكراً لكم,payment_portal,2024-11-05 05:51:13,فوترة,إيجابي
C677373,كيف أغيّر طريقة الدفع اــــلمسجلة في حسابي؟ طلبت لابتوب يوم الثلاثاء. رقم الطلب #37973.,payment_portal,2024-11-05 08:07:48,فوترة,محايد
C834009,مرحباً، هل يمكن الحصول على فاتورة ضريبية للطلب #59448؟ المبلغ الإجمالي 199 ريال.,payment_portal,2024-11-05 15:39:29,فوترة,محايد
C807515,ودي تضيفون خيار الدفع عند الاستلام، المبلغ 99 ريال ما عاد أتعامل معكم,web_form,2024-11-05 17:41:25,أخرى,سلبي
C323434,هل تتوفر خدمة التوصيل في نفس اليوم؟ https://example.com/orders/82964,delivery_app,2024-11-05 20:39:22,توصيل,محايد
C654899,متى يتم إصدار الفاتورة الشهرية؟ طلبّت عطر يَوّم الثلاثاْء.,payment_portal,2024-11-05 21:04:08,فوترة,محايد
C114723,مرحباً، المندوب كان محترماً ودقيقاً في الموعد، تواصلت معكم يوم السبت بخصوص خلاط.,delivery_app,2024-11-05 23:52:38,توصيل,إيجابي
C525618,الموظف كان أسلوبه وحش وقفل السكة في وشي، دي المرة الثالثة يحصل كده مش هتعاــمل معاكم تاني,call_center,2024-11-06 00:57:04,خدمة_عملاء,سلبي
C596047,رقم الَطلب #68074 الغرضْ وصل مكسور,delivery_app,2024-11-06 01:26:33,توصيل,سلبي
C959957,الحساب كله 99 جنيه عندي مشكلة من امبارح ومحدش حلها عايز حل بسرعة,call_center,2024-11-06 02:16:48,خدمة_عملاء,سلبي
C482846,طلبت شاحن يوم السبت أبي أحذف حسابي نهائياً,web_form,2024-11-06 03:24:38,أخرى,سلبي
C176837,؟؟؟,payment_portal,2024-11-06 03:26:00,فوترة,سلبي
C475651,الغرض وصل مكسور، حكيتكن يوم السبت عن جــــوال بدي حل بسرعة,delivery_app,2024-11-06 09:28:19,توصيل,سلبي
C943228,ازيكم دي المرة الثالثة يحصل كده الخدمة وحشة جداً,payment_portal,2024-11-06 09:54:17,فوترة,سلبي
C776326,لو سمحتم، هل يدــعم التطبيق الأجهزة القديمة؟,mobile_app,2024-11-06 09:56:39,تقني,محايد
C155698,لو سمحتم، هل يدــعم التطبيق الأجهزة القديمة؟,mobile_app,2024-11-06 09:56:39,تقني,محايد
C234858,مرحباً، شكراً على سرعة الرد والتعامل الراقي، المبلغ الإجمالي 499 ريال. طلبت سماعات يوم الأربعاء.,call_center,2024-11-06 12:12:47,خدمة_عملاء,إيجابي
C118662,مرحباً، فكرة برنامج النقاط ممتازة، تواصلت معكم يوم الأحد بخصوص عطر.,web_form,2024-11-06 12:22:55,أخرى,إيجابي
C878659,السلام عليكم، تجربتي معكم كانت مخيبة للآمال، طلبت قهوة يوم السبت. أرجو الحل بأسرع وقت.,web_form,2024-11-06 20:17:52,أخرى,سلبي
C617578,يا جماعة للحين المشكلة ما انحلت، المبلغ 199 ريال ما عاد أتعامل معكم,call_center,2024-11-07 01:24:37,خدمة_عملاء,سلبي
C287888,كلمتكم يوم الأربعاء عن ألعاب أطفال الكوبون مااشتغلش والفلوس اتسحبت كاملة,delivery_app,2024-11-07 04:09:23,توصيل,سلبي
C712893,تواصلت معكم يوم الأحد بخصوص سماعات. كيف أغيّر رقم الجوال المرتبط بالحساب؟,mobile_app,2024-11-07 05:40:51,تقني,محايد
C858327,يا جماعة الموظف كان أسلوبه وحش وقفل السكة في وشي، دي المرة الثالثة يحصل كده,call_center,2024-11-07 08:08:24,خدمة_عملاء,سلبي
C155004,يا جماعة تجربة ما تنعاد، هذي المرة الخامسة يصير كذا ما عاد أتعامل معكم,delivery_app,2024-11-07 09:36:04,خدمة_عملاء,سلبي
C553292,التحديث الجديد ممتاز والتطبيق صار أسرع، طلبت خلاط يوم السبت.,mobile_app,2024-11-07 18:17:53,تقني,إيجابي
C291686,السلام عليكم رقم الطلب #16758 الفاتورة هالشهر واجد غالية وما أدري ليش ما عاد أتعامل معكم https://example.com/orders/45374,payment_portal,2024-11-08 02:31:50,فوترة,سلبي
C116160,ازيكم طالب قهــوة يوم الأربعاء الحساب كله 150 جنيه بعت رسايل كتير ومحدش بيرد بجد حاجة تضايق!,call_center,2024-11-08 04:31:47,خدمة_عملاء,سلبي
C110211,يا جماعة الكوبون مااشتغلش والفلوس اتسحبت كاملة، وأيضاً فضلت مستني على التليفون ساعة ومحدش رد، دي المرة الثالثة يحصل كده الحساب كله 750 جنيه عايز حل بسرعة رقمي 0578601638,payment_portal,2024-11-08 11:55:24,فوترة,سلبي
C142754,el mowazaf 2afal el sekka fi weshi order #21689,call_center,2024-11-09 02:50:50,خدمة_عملاء,سلبي
C391074,هذه المرة الرابعة التي يحدث فيها ذلك. الخدمة سيئة جداً ولن أتعامل معكم مرة أخرى,payment_portal,2024-11-09 06:15:44,فوترة,سلبي
C263828,كود التفعيل مش بيوصل خالص، كلمتكم يوم الثلاثاء عن طابعة رقم الأوردر #35862,mobile_app,2024-11-09 13:54:58,تقني,سلبي
C839909,هذي المرة الثانية يصير كذا بعد التحديث الجديد التطبيق خربان,mobile_app,2024-11-09 14:13:32,تقني,سلبي
C777594,التطبيق يطلعني برا كل ما أفتح الطلبات، المبلغ 250 ريال,mobile_app,2024-11-09 15:17:49,تقني,سلبي
C694365,لو سمحتم، الفاتورة واضحة ومفصلة، عمل ممتاز، طلبت مكنسة كهربائية يوم الخميس.,payment_portal,2024-11-09 16:15:24,فوترة,إيجابي
C877221,لو سمحت الخدمة وحشة جداً، دي المرة الخامسة يحصل كده,call_center,2024-11-09 23:34:27,خدمة_عملاء,سلبي
C441772,هلا راسلتكم أكثر من مرة ومحد رد علي، رقم الطلب #96272 ابي حل بسرعة,call_center,2024-11-10 05:52:50,خدمة_عملاء,سلبي
C580097,حكيتكن يوم السبت عن مكنسة كهربائية جددولي الاشتراك بدون ما اطلب وانسحب المبلغ,payment_portal,2024-11-10 11:11:12,فوترة,سلبي
C310035,الطلب وصل ناقص غرض,delivery_app,2024-11-10 11:57:50,توصيل,سلبي
C510965,لو سمحت الموظف كان أسلوبه وحش وقفل السكة في وشي، الحساب كله 99 جنيه,call_center,2024-11-10 14:23:17,خدمة_عملاء,سلبي
C297988,كلمتكم يوم الخميس عن سماعات عندي مشكلة من امبارح ومحدش حلها,call_center,2024-11-10 18:54:35,خدمة_عملاء,سلبي
C985907,يا جماعة جددوا لي الاشتراك بدون ما أوافق وسحبوا 320 ريال، المبلغ 750 ريال والله شي يقهر!,payment_portal,2024-11-10 23:51:32,فوترة,سلبي
C962306,يا جماعة الأوردر #93898 متأخر 5 أيام ولسه ماوصلش، دي المرة الرابعة يحصل كده,delivery_app,2024-11-11 03:22:03,توصيل,سلبي
C947669,شكراً لفريق الدعم الفني على حل مشكلة تسجيل الدخول، هذه المرة الخامسة التي يحدث فيها ذلك. المبلغ الإجمالي 499 ريال.,mobile_app,2024-11-11 05:48:07,تقني,إيجابي
C763559,مرحباً، هذه المرة الخامسة التي يحدث فيها ذلك. هل يمكن الحصول على فاتورة ضريبية للطلب #93920؟,payment_portal,2024-11-11 08:33:07,فوترة,محايد
C578358,هذه المرة الثالثة التي يحدث فيها ذلك. هل لديكم وظائف شاغرة في قسم التسويق,web_form,2024-11-11 10:18:21,أخرى,سلبي
C993876,تواصلت معكم يوم الاثنين بخصوص حقيبة. كيف أغيّر رقم الجوال المرتبط بالحساب؟,mobile_app,2024-11-11 12:31:48,تقني,محايد
C648936,طالب شاحن يوم الثلاثاء هي المرة الثالثة بتصير هيك بعتتلكن كذا رسالة وما حدا رد,call_center,2024-11-11 12:42:49,خدمة_عملاء,سلبي
C540900,مرحباً، وصل الطلب قبل الموعد والتغليف ممتاز، تواصلت معكم يوم الجمعة بخصوص قهوة. طلبت خلاط يوم الثلاثاء.,delivery_app,2024-11-11 14:37:47,توصيل,إيجابي
C733763,لو سمحتم، الفاتورة الأخيرة أعلى بكثير من المعتاد دون أي توضيح,payment_portal,2024-11-11 15:41:07,فوترة,سلبي
C982769,يا جماعة الغرض وصلني مكسور، رقم الطلب #90468,delivery_app,2024-11-11 20:18:12,توصيل,سلبي
C299291,هذه المرة الثانية التي يحدث فيها ذلك. رقم الطلب #71190. الفاتورة الأخيرة أعلى بكثير من المعتاد دون أي توضيح أرجو الحل بأسرع وقت.,payment_portal,2024-11-12 10:29:44,فوترة,سلبي
C620036,يا جماعة طلبت خلاط يوم الجمعة انتظرت ساعة على الخط ومحد رد، وكمان انخصم مني 150 ريال مرتين على نفس الطلب ابي حل بسرعة,call_center,2024-11-12 15:43:05,خدمة_عملاء,سلبي
C707599,المندوب لم يتصل بي وأعاد الشحنة، تواصلت معكم يوم الأحد بخصوص ثلاجة. رقم الطلب #59864. هذا غير مقبول إطلاقاً!,delivery_app,2024-11-12 18:21:47,توصيل,سلبي
C629058,ازيكم الأبلكيشن بيقفل لوحده كل شوية، رقم الأوردر #66020 مش هتعامل معاكم تــــاني,mobile_app,2024-11-13 00:14:01,تقني,سلبي
C126861,ازيكم الأبلكيشن بيقفل لوحده كل شوية، رقم الأوردر #66020 مش هتعامل معاكم تــــاني,mobile_app,2024-11-13 00:14:01,تقني,سلبي
C638206,السلام عليكم، كيف أتتبع الشحنة رقم #44392؟,delivery_app,2024-11-13 01:24:29,توصيل,محايد
C939993,السلام عليكم، كيف أتتبع الشحنة رقم #44392؟,delivery_app,2024-11-13 01:24:29,توصيل,محايد
C476171,المندوب ماكلمنيش ورجّع الشحنة، كلمتكم يوم الثلاثاء عن عطر,delivery_app,2024-11-13 02:45:10,توصيل,سلبي
C128204,السلام عليكم، شكراً على ســــرعة الرد والتعامل الراقي,call_center,2024-11-13 06:53:58,خدمة_عملاء,إيجابي
C415884,هذه المرِة الرابْعة اِـــلْتي يحدثُ فيها ذلك. طلبت جوال يومِ اّلاثنين. كيف أغيِّر رَقم الجوال المرتبط بالحَساب؟,mobile_app,2024-11-13 12:41:05,تقني,محايد
C895443,هلا أبي أكلم مسؤول لو سمحتوا ما عاد أتعامل معكم رقمي 0598771638,payment_portal,2024-11-13 13:19:52,فوترة,سلبي
C326636,رمز التحقق ما عم يوصلني، رقم الطلب #61874 ما رح اتعامل معكن بعد اليوم,mobile_app,2024-11-13 17:45:38,تقني,سلبي
C746716,لو سمحتم، المبلغ الإجمالي 499 ريال. هل يمكن تغيير عنوان التوصيل لــــلطلب #62561؟,payment_portal,2024-11-13 21:56:11,توصيل,محايد
C945029,هل تتوفر خدمة التوصيل في نفس اليوم؟ طلبت حذاء رياضي يوم الخميس.,delivery_app,2024-11-14 09:16:48,توصيل,محايد
C605127,السلام عليكم الطلب وصل ناقص غرض,delivery_app,2024-11-14 12:25:13,توصيل,سلبي
C512118,يا جماعة هذي المرة الثالثة يصير كذا ما أقدر أسجل دخول والباسوورد صحيح ابي حل بسرعة,mobile_app,2024-11-14 14:36:30,تقني,سلبي
C299499,لا أستطيع تسجيل الدخول إلى حسابي رغم إدخال كلمة المرور الصحيحة، المبلغ الإجمالي 99 ريال. هذه المرة الخامسة التي يحدث فيها ذلك. أرجو الحل بأسرع وقت.,mobile_app,2024-11-14 17:16:13,تقني,سلبي
C995665,يا جماعة من بعد التحديث الجديد التطبيق ما عم يشتغل ما رح اتعامل معكن بعد اليوم,mobile_app,2024-11-15 06:37:51,تقني,سلبي
C824538,شكراً لفريق الدعم الفني على حل مشكلة تسجـــيل الدخول، المبلغ الإجمالي 99 ريال.,mobile_app,2024-11-15 13:01:36,تقني,إيجابي
C829675,رقم الطلب #93839 الفاتورة هالمرة كتير غالية وما حدا شرحلي ليش ما رح اتعامل معكن بعد اليوم,payment_portal,2024-11-15 15:37:17,فوترة,سلبي
C742686,رقم الطلب #93839 الفاتورة هالمرة كتير غالية وما حدا شرحلي ليش ما رح اتعامل معكن بعد اليوم,payment_portal,2024-11-15 15:37:17,فوترة,سلبي
C330444,هل يمكن الحصول على فاتورة ضرـيبية للطلب #76756؟,payment_portal,2024-11-16 08:32:43,فوترة,محايد
C375581,ازيكم بقالي 2 أيام مستني فلوسي ترجع ومفيش حاجة، كلمتكم يوم الجمعة عن شاشة بجد حاجة تضايق!,payment_portal,2024-11-16 13:53:29,فوترة,سلبي
C453207,بدي احكي مع حدا مسؤول، هي المرة الثانية بتصير هيك والله شي بيقهر!,payment_portal,2024-11-16 15:33:42,فوترة,سلبي
C615417,يا جمــــاعة بعت رسايل كتير ومحدش بيرد,call_center,2024-11-16 16:17:27,خدمة_عملاء,سلبي
C197995,المبلغ الإجمالي 150 ريال. كود الخصم لم يُطبَّق على الفاتورة رغم أنه ساري المفعول أرجو الحل بأسرع وقت.,payment_portal,2024-11-16 20:11:13,فوترة,سلبي
C550517,المبلغ الإجمالي 750 ريال. هذه المرة الثالثة التي يحدث فيها ذلك. وصل الطلب قبل الموعد والتغليف ممتاز,delivery_app,2024-11-16 21:41:38,توصيل,إيجابي
C694214,الفاتورة المرة دي غالية جداً ومش فاهم ليه، كلمتكم يوم الأربعاء عن طابعة طالب لابتوب يوم السبت,payment_portal,2024-11-16 22:27:36,فوترة,سلبي
C992575,يا جماعة ما أقدر أسجل دخول والباسوورد صحيح، كلمتكم يوم الأحد عن جوال المبلغ 49 ريال,mobile_app,2024-11-16 23:05:35,تقني,سلبي
C836325,هلا هذي المرة الثالثة يصير كذا كلمتكم يوم الخميس عن شاحن عندي مشكلة من أمس ومحد حلها,delivery_app,2024-11-17 05:32:08,توصيل,سلبي
C952874,دي المرة الثانية يحصل كده الكوبون مااشتغلش والفلوس اتسحبت كاملة,payment_portal,2024-11-17 12:58:46,فوترة,سلبي
C255711,ما هي ساعات عمل خدمة العملاء؟ هذه المرة الخامسة التي يحدث فيها ذلك.,call_center,2024-11-17 13:42:00,خدمة_عملاء,محايد
C518162,السلام عليكم، رقم الطلب #29884. طلبت لابتوب يوم السبت. كود الخصم لم يُطبَّق على الفاتورة رغم أنه ساري المفعول هذا غير مقبول إطلاقاً!,payment_portal,2024-11-17 21:20:48,فوترة,سلبي
C608376,لوِ سمحتم، تواْصلت معكّم يومِ الّثلاثاِء بخصوص كرسي مكتب. طلبّت خلّاطْ يوم الاثُنين. كيّفِ أغَيّر رقم اُلجوال المرْتبط بالحساب؟,mobile_app,2024-11-17 21:51:42,تقني,محايد
C642123,مرحباً، طلبت شاشة يوم الجمعة. استلمت المنتج مكسوراً والتغليف سيئ,delivery_app,2024-11-17 21:56:19,توصيل,سلبي
C605410,🙄🙄,payment_portal,2024-11-17 23:30:19,فوترة,سلبي
C577499,السلام عليكم، تم خصم مبلغ 250 ريال من حسابي مرتين لنفس الطلب، طلبت كرسي مكتب يوم الجمعة. رقمي 0553015676,payment_portal,2024-11-18 01:23:25,فوترة,سلبي
C614788,السلام عليكم، طلبت استرجاع المبلغ منذ 10 أيام ولم يصلني شيء حتى الآن,payment_portal,2024-11-18 03:19:40,فوترة,سلبي
C788858,تواصلت معكم يوم الأربعاء بخصوص مكنسة كهربائية. طلبت مكنسة كهربائية يوم الثلاثاء. ما هي ساعات عمل خدمة العملاء؟,call_center,2024-11-18 06:20:54,خدمة_عملاء,محايد
C766152,لْو سمحتم، كيف أغيّر طرِيقة الـــدفّع المسجلة في حُسابيُ؟ اُلمِبلِغ الإجمالي 499 ريال.,payment_portal,2024-11-18 13:55:07,فوترة,محايد
C342880,لْو سمحتم، كيف أغيّر طرِيقة الـــدفّع المسجلة في حُسابيُ؟ اُلمِبلِغ الإجمالي 499 ريال.,payment_portal,2024-11-18 13:55:07,فوترة,محايد
C114607,؟؟؟,mobile_app,2024-11-18 17:18:45,تقني,سلبي
C464590,؟؟؟,mobile_app,2024-11-18 17:18:45,تقني,سلبي
C496222,طلبيتي #39548 متأخرة 14 أيام ولسا ما وصلت، هي المرة الخامسة بتصير هيك ما رح اتعامل معكن بعد اليوم,delivery_app,2024-11-18 21:56:36,توصيل,سلبي
C184987,شكراً على سرعة الرد والتعامل الراقي، تواصلت معكم يوم الخميس بخصوص ألعاب أطفال.,call_center,2024-11-19 06:12:44,خدمة_عملاء,إيجابي
C131825,لو سمحتم، متى يتم إصدار الفاتورة الشهرية؟ طلبت شاشة يوم السبت.,payment_portal,2024-11-19 07:49:33,فوترة,محايد
C205684,كيف أتتبع الشحنة رقم #93278؟,delivery_app,2024-11-19 12:25:22,توصيل,محايد
C338364,الفاتورة المرة دي غالية جداً ومش فاهم ليه مش هتعامل معاكم تاني,payment_portal,2024-11-19 20:20:49,فوترة,سلبي
C675893,صرلي 3 أيام ناطر يرجعولي المصاري وما في شي، المبلغ 150 ما رح اتعامل معكن بعد اليوم,payment_portal,2024-11-20 04:53:13,فوترة,سلبي
C754132,لو سمحتم، طلبت ثلاجة يوم الثلاثاء. كيف أقدّم شكوى رسمية؟,call_center,2024-11-20 05:40:00,خدمة_عملاء,محايد
C614498,لو سمحتم، المبلغ الإجمالي 150 ريال. متى يتم إصدار الفاتورة الشهرية؟,payment_portal,2024-11-20 06:56:06,فوترة,محايد
C993843,السلام عليكم كود التحقق ما يوصلني، المبلغ 320 ريال https://example.com/orders/17325,mobile_app,2024-11-20 10:28:11,تقني,سلبي
C591887,طلبت خلاط يوم السبت. كيف أغيّر طريقة الدفع المسجلة في حسابي؟,payment_portal,2024-11-20 10:52:54,فوترة,محايد
C991473,المُبلغ 250 جّددّوُلي الاشتراكَ بْدون ما اطِلِب وانسحب المبلَغ,payment_portal,2024-11-20 12:32:27,فوترة,سلبي
C368972,الموقع بطيء جداً وتظهر رسالة خطأ عند الدفع أرجو الحل بأسرع وقت.,whatsapp,2024-11-20 16:35:22,تقني,سلبي
C562531,السلام عليكم، تم تجديد الاشتراك تلقائياً دون موافقتي وخصم 150 ريال، طلبت طابعة يوم السبت. المبلغ الإجمالي 199 ريال.,payment_portal,2024-11-20 19:04:49,فوترة,سلبي
C926633,كيف أغيّر رقم الجوال المرتبط بالحساب؟ طلبت ألعاب أطفال يوم الجمعة. المبلغ الإجمالي 320 ريال.,mobile_app,2024-11-21 03:04:41,تقني,محايد
C962937,مرحبا صرلي 5 أيام ناطر يرجعولي المصاري وما في شي,payment_portal,2024-11-21 05:38:58,فوترة,سلبي
C540466,لو سمحتو هي المرة الخامسة بتصير هيك رقم الطلب #77924 تجربة ما بتنعاد ما رح اتعامل معكن بعد اليوم,payment_portal,2024-11-21 11:35:12,فوترة,سلبي
C653828,لو سمحت دي المرة الخامسة يحصل كده اتخصم مني 499 جنيه مرتين على نفس الأوردر,payment_portal,2024-11-21 20:34:47,فوترة,سلبي
C718557,لو سمحتم، هذه المرة الثالثة التي يحدث فيها ذلك. تواصلت معكم يوم السبت بخصوص مكنسة كهربائية. متى يتم إصدار الفاتورة الشهرية؟,payment_portal,2024-11-21 23:31:15,فوترة,محايد
C709660,مرحباً، وصلني الطلب ناقصاً ومنتج واحد مفقود,delivery_app,2024-11-22 03:15:42,توصيل,سلبي
C504709,كود التفعيل مش بيوصل خالص,mobile_app,2024-11-22 03:36:31,تقني,سلبي
C689357,لو سمحت الحساب كله 49 جنيه رقم الأوردر #83152 بقالي 2 أيام مستني فلوسي ترجع ومفيش حاجة,payment_portal,2024-11-22 04:26:02,فوترة,سلبي
C290535,لو سمحت الحساب كله 49 جنيه رقم الأوردر #83152 بقالي 2 أيام مستني فلوسي ترجع ومفيش حاجة,payment_portal,2024-11-22 04:26:02,فوترة,سلبي
C621492,عندي مشكلة من امبارح ومحدش حلها عايز حل بسرعة,payment_portal,2024-11-22 09:05:50,فوترة,سلبي
C385635,تواصلت معكم يوم الأربعاء بخصوص حقيبة. كيف أفعّل التحقق بخطوتين؟,mobile_app,2024-11-22 22:17:29,تقني,محايد
C933939,انسحب مني 320 مرتين على نفس الطلب، طالب مكنسة كهربائية يوم الاثنين المبلغ 499,payment_portal,2024-11-23 02:32:52,فوترة,سلبي
C662866,لو سمحتم، كيف أفعّل التحقق بخطوتين؟ طلبت ألعاب أطفال يوم الخميس. رقم الطلب #40072.,mobile_app,2024-11-23 03:02:05,تقني,محايد
C613056,مرحباً، بعد التحديث الأخير لم يعد التطبيق يعمل على هاتفي، هذه المرة الثانية التي يحدث فيها ذلك. أرجو الحل بأسرع وقت.,mobile_app,2024-11-23 04:42:37,تقني,سلبي
C163065,هذه المرة الخامسة التي يحدث فيها ذلك. هل يمكن الحصـــول على فاتورة ضريبية للطلب #33732؟,payment_portal,2024-11-23 05:08:14,فوترة,محايد
C183175,السلام عليكم، كود الخصم لم يُطبَّق على الفاتورة رغم أنه ساري المفعول، تواصلت معكم يوم الأربعاء بخصوص لابتوب. طلبت حذاء رياضي يوم الأحد.,payment_portal,2024-11-23 06:06:02,فوترة,سلبي
C678662,ازيكم الكوبون مااشتغلش والفلوس اتسحبت كاملة، كلمتكم يوم الاثنين عن جوال طالب ثلاجة يوم الجمعة,payment_portal,2024-11-23 09:34:50,فوترة,سلبي
C595860,لو سمحت كلمتكم يوم الجمعة عن ألعاب أطفال تجربة زفت بصراحة عايز حل بسرعة,mobile_app,2024-11-23 11:50:29,تقني,سلبي
C698580,مرحبا الطلبية وصلت ناقصة، طالب قهوة يوم الأحد حكيتكن يوم الجمعة عن طابعة,delivery_app,2024-11-23 15:04:04,توصيل,سلبي
C890792,هلا الفاتورة هالشهر واجد غالية وما أدري ليش، رقم الطلب #53652 ما عاد أتعامل معكم,payment_portal,2024-11-23 19:53:23,فوترة,سلبي
C652407,مرحبِا بعّتتلْكن كذا رسُالةِ وما حّدا رد بدي حل بسرعة,call_center,2024-11-24 02:01:38,خدمة_عملاء,سلبي
C358704,لو سمحتم، وصلني الطلب ناقصاً ومنتج واحد مفقود، رقم الطلب #92663.,delivery_app,2024-11-24 05:50:22,توصيل,سلبي
C509966,السلام عليكم انخصم مني 320 ريال مرتين على نفس الطلب، رقم الطلب #86853 كلمتكم يوم الثلاثاء عن حذاء رياضي,payment_portal,2024-11-24 06:37:03,فوترة,سلبي
C129976,رقم الطلب #68591 طلبت كرسي مكتب يوم الجمعة جددوا لي الاشتراك بدون ما أوافق وسحبوا 99 ريال ما عاد أتعامل معكم,payment_portal,2024-11-24 09:48:57,فوترة,سلبي
C573195,لو سمحتم، رقم الطلب #92934. تواصلت معكم يوم الثلاثاء بخصوص قهوة. تم تسجيل الطلب كمستلم ولكنه لم يصلني هذا غير مقبول إطلاقاً!,delivery_app,2024-11-24 16:26:33,توصيل,سلبي
C977655,التطبيق عم يسكّر لحالو كل شوي، وفوق هذا انسحب مني 320 مرتين على نفس الطلب، هي المرة الثانية بتصير هيك,mobile_app,2024-11-24 18:40:44,تقني,سلبي
C393792,الأبلكيشن بيقفل لوحده كل شوية عايز حل بسرعة,web_form,2024-11-24 23:21:28,تقني,سلبي
C759521,الأبلكيشن بيقفل لوحده كل شوية عايز حل بسرعة,web_form,2024-11-24 23:21:28,تقني,سلبي
C252798,مرحباً، هل تتوفر خدمة التوصيل في نفس اليوم؟ المبلغ الإجمالي 499 ريال.,delivery_app,2024-11-24 23:48:42,توصيل,محايد
C396913,التطبيق عم يسكّر لحالو كل شوي، وكمان المندوب ما اتصل فيني ورجّع الطلبية، رقم الطلب #58825 حكيتكن يوم الجمعة عن كتب بدي حل بسرعة,mobile_app,2024-11-25 06:28:33,تقني,سلبي
C948803,حكيتكن يوم الأحد عن قهوة طلبيتي #53714 متأخرة 4 أيام ولسا ما وصلت والله شي بيقهر!,delivery_app,2024-11-25 06:57:37,توصيل,سلبي
C588822,طلبيتي #78265 متأخرة 4 أيام ولسا ما وصلت، رقم الطلب #36204 والله شي بيقهر!,delivery_app,2024-11-25 08:23:22,توصيل,سلبي
C348987,المندوب ما اتصل وـــرجع الطلب، وفوق هذا الموظف كان أسلوبه مو زين وسكّر بوجهي، رقم الطلب #38250,delivery_app,2024-11-25 17:59:07,توصيل,سلبي
C516659,رقم الأوردر #97723 الموظف كان أسلوبه وحش وقفل السكة في وشي عايز حل بسرعة,call_center,2024-11-25 21:02:25,خدمة_عملاء,سلبي
C246062,مرحباً، تواصلت معكم يوم الأحد بخصوص كرسي مكتب. هل يمكن الحصول على فاتورة ضريبية للطلب #59734؟,payment_portal,2024-11-25 22:05:59,فوترة,محايد
C412616,مرحباً، هل تتوفر خدمة التوصيل في نفس اليوم؟ رقم الطلب #29820.,delivery_app,2024-11-25 23:06:33,توصيل,محايد
C216954,مرحباً، هل تتوفر خدمة التوصيل في نفس اليوم؟ رقم الطلب #29820.,delivery_app,2024-11-25 23:06:33,توصيل,محايد
C324179,رقُم الِأوِردر #81326 دي المُرة الثّالْثة يحصل كده بقالَي 14 أيَام مستنيِ فْلوسي ترجع ومفيش حاجة مش هتعامل معاكَم تاني,payment_portal,2024-11-26 15:56:44,فوترة,سلبي
C514372,😡😡😡,payment_portal,2024-11-26 16:17:14,فوترة,إيجابي
C130902,تواصلت معكم يوم الثلاثاء بخصوص كرسي مكتب. كيف أتتبع الشحنة رقم #20531؟,delivery_app,2024-11-26 18:59:49,توصيل,محايد
C448531,تواصلت معكم يوم الثلاثاء بخصوص كرسي مكتب. كيف أتتبع الشحنة رقم #20531؟,delivery_app,2024-11-26 18:59:49,توصيل,محايد
C551773,كود التفعيل مش بيوصل خالص، رقم الأوردر #65004 كلمتكم يوم السبت عن كتب,mobile_app,2024-11-26 19:10:20,تقني,سلبي
C305752,يا جماعة كلمتكم يوم السبت عن مكنسة كهربائية الحاجة وصلت مكسورة بجد حاجة تضايق!,delivery_app,2024-11-26 22:45:55,توصيل,سلبي
C662582,لو سمحت الفاتورة المرة دي غالية جداً ومش فاهم ليه، دي المرة الثانية يحصل كده رقم الأوردر #55241 مش هتعامل معاكم تاني,payment_portal,2024-11-27 07:55:46,فوترة,سلبي
C407019,اتخصم مني 499 جنيه مرتين على نفس الأوردر، كلمتكم يوم الجمعة عن لابتوب رقم الأوردر #73309 بجد حاجة تضايق!,payment_portal,2024-11-27 09:53:44,فوترة,سلبي
C878010,أبَي أكلم مُسؤْول لو سمحتوَا ما عاد أِتُعاِمل معّكم,mobile_app,2024-11-27 14:00:54,تقني,سلبي
C177124,أبَي أكلم مُسؤْول لو سمحتوَا ما عاد أِتُعاِمل معّكم,mobile_app,2024-11-27 14:00:54,تقني,سلبي
C389886,لو سمحتم، كيف أتتبع الشحنة رقم #89391؟,delivery_app,2024-11-27 15:37:39,توصيل,محايد
C664328,لو سمحت المندوب ماكلمنيش ورجّع الشحنة، وكمان بقالي 4 أيام مستني فلوسي ترجع ومفيش حاجة، طالب نظارة شمسية يوم الأحد بجد حاجة تضايق!,delivery_app,2024-11-27 23:10:26,توصيل,سلبي
C847997,الخدمة واجد سيئة، هذي المرة الثالثة يصير كذا,call_center,2024-11-28 02:59:42,خدمة_عملاء,سلبي
C644472,التحديث الجديد ممتاز والتطبيق صار أسرع، رقم الطلب #89310.,mobile_app,2024-11-28 05:18:31,تقني,إيجابي
C670922,لو سمحت مكتوب إن الأوردر اتسلم وأنا ماستلمتش حاجة، الحساب كله 150 جنيه دي المرة الخامسة يحصل كده,delivery_app,2024-11-28 10:48:26,توصيل,سلبي
C611610,يا جماعة عندي مشكلة من امبارح ومحدش حلها، رقم الأوردر #95454,mobile_app,2024-11-28 12:41:55,تقني,سلبي
C893827,ازّيكم الحساب كُله 250 جْنيهَ كلَمتكم يوم الجمعة عنُ شُاَشةُ الُخدمة وحشة جداً,mobile_app,2024-11-28 14:03:31,تقني,سلبي
C419965,لو سمحتم، كل موظف يعطيني معلومة مختلفة عن الآخر، رقم الطلب #62841. سأضطر لإلغاء الاشتراك إن لم تُحل المشكلة.,call_center,2024-11-28 17:09:04,خدمة_عملاء,سلبي
C299182,عايز أكلم حد مسؤول، طالب كرسي مكتب يوم الخميس رقم الأوردر #63479 بجد حاجة تضايق!,delivery_app,2024-11-28 21:54:34,توصيل,سلبي
C343186,مرحباً، المندوب لم يتصل بي وأعاد الشحنة، رقم الطلب #61962. أرجو الحل بأـسرع وقت.,delivery_app,2024-11-28 22:22:40,توصيل,سلبي
C666711,السلام عليكم المبلغ 750 ريال ودي تضيفون خيار الدفع عند الاستلام,web_form,2024-11-29 13:03:04,أخرى,سلبي
C714853,ازيكم رقم الأوردر #19937 الحساب كله 750 جنيه مش عارف أعمل لوجين والباسورد صح بجد حاجة تضايق!,mobile_app,2024-11-29 14:57:37,تقني,سلبي
C300309,اْلفاتوِرة واضحة وَمفصلة، عُمل ممتاز، طلبت شاشة يوم الأحد.,payment_portal,2024-11-29 16:31:07,فوترة,إيجابي
C281754,هلا الغرض وصلني مكسور ابي حل بسرعة رقمي 0586132366,delivery_app,2024-11-29 20:26:18,توصيل,سلبي
C598463,لو سمحتو طلبيتي #83898 متأخرة 10 أيام ولسا ما وصلت، طالب حقيبة يوم الثلاثاء,delivery_app,2024-11-30 04:40:05,توصيل,سلبي
C646246,تواصلت مُعكّم يوم الْأربعِاءْ بخصوَص ساعةْ ذْكية. اْنتظْرت على الخط أكثر من ساعةُ دونُ أِنّ يرد أحد، وكِمانِ تأخر وُصول الِطْلب رقم #27007 أكثر من 8 أيام عن الموعّد المحدد,call_center,2024-11-30 07:31:39,خدمة_عملاء,سلبي
C708479,كلمتكم يوم الثلاثاء عن ساعة ذكية راسلتكم أكثر من مرة ومحد رد علي ما عاد أتعامل معكم,call_center,2024-11-30 09:23:21,خدمة_عملاء,سلبي
C403571,لو سمحتم، تواصلت معكم يوم الاثنين بخصوص خلاط. كيف أغيّر طريقة الدــــفع المسجلة في حسابي؟,payment_portal,2024-11-30 13:18:02,فوترة,محايد
C755454,راسلتكم أكثر من مرة ومحد رد علي، كلمتكم يوم الأربعاء عن قهوة ابي حل بسرعة,call_center,2024-11-30 13:35:09,خدمة_عملاء,سلبي
C924888,راسلتكم أكثر من مرة ومحد رد علي، كلمتكم يوم الأربعاء عن قهوة ابي حل بسرعة,call_center,2024-11-30 13:35:09,خدمة_عملاء,سلبي
C152032,رقمِ الطلب #33311. الّمبلغ الإجمَاليَ 499 ريال. هلُ يمكن تغييرُ عنوان التوصيل لَلطلِبّ #81384؟,delivery_app,2024-11-30 16:46:14,توصيل,محايد
C946612,رقم الأوردر #60821 عندي مشكلة من امبارح وــمحدش حلها بجد حاجة تضايق!,mobile_app,2024-11-30 21:05:58,تقني,سلبي
C647468,هلا أبي أكلم مسؤول لو سمحتوا، المبلغ 49 ريال,payment_portal,2024-11-30 22:05:11,فوترة,سلبي
C256360,كلمتكم يوم السبت عن مكنسة كهربائية الفاتورة المرة دي غالية جداً ومش فاهم ليه عايز حل بسرعة,payment_portal,2024-11-30 22:18:27,فوترة,سلبي
C226351,يا جماعة رقم الطلب #85770 جددولي الاشتراك بدون ما اطلب وانسحب المبلغ بدي حل بسرعة,payment_portal,2024-11-30 23:51:00,فوترة,سلبي
C986827,عندي مشكلة من أمس ومـــحد حلها,delivery_app,2024-12-01 04:14:24,توصيل,سلبي
C906656,ازيكمّ فضلت مستني عْلّى الَتليِفون ساعة ومحّدّش رد، كلّمتكم يوم الأربعاء عن نظارة شمسية طِالِب كّرسي مكتب يوم الخميسْ,call_center,2024-12-01 07:10:52,خدمة_عملاء,سلبي
C194810,من 6 أيام طالب استرجاع فلوسي وللحين ما وصلت ابي حل بسرعة رقمي 0528079492,payment_portal,2024-12-01 07:41:56,فوترة,سلبي
C705520,طلبت قهوة يوم الأحد. شكراً لفريق الدعم الفني على حل مشكلة تسجيل الدخول,mobile_app,2024-12-01 15:27:00,تقني,إيجابي
C939355,مرحباً، هل يمكن الحصول على فاتورة ضريبية للطلب #74286؟ المبلغ الإجمالي 150 ريال.,payment_portal,2024-12-01 19:20:57,فوترة,محايد
C675754,تطبيقكم رائع وأتمنى لكم التوفيق، رقم الطلب #95941.,web_form,2024-12-01 22:51:38,أخرى,إيجابي
C663131,المبلغ الإجمالي 250 ريال. هل يمكن الحصول على فاتورة ضريبية للطلب #13122؟,payment_portal,2024-12-02 04:04:58,فوترة,محايد
C712413,جددولي الاشتراك بدون ما اطلب وانسحب المبلغ,payment_portal,2024-12-02 07:00:49,فوترة,سلبي
C822002,جددولي الاشتراك بدون ما اطلب وانسحب المبلغ,payment_portal,2024-12-02 07:00:49,فوترة,سلبي
C623781,كيف أغيّر رقم الجوال المرتبط بالحساب؟ طلبت شاحن يوم الجمعة.,mobile_app,2024-12-02 12:17:59,تقني,محايد
C703392,لو سمحتم، طلبت قهوة يوم الخميس. المبلغ الإجمالي 49 ريال. رمز التحقق لا يصل إلى هاتفي أرجو الحل بأسرع وقت.,web_form,2024-12-02 23:02:09,تقني,سلبي
C488584,المندوب كان محترماً ودقيقاً في الموعد، رقم الطلب #92115. هذه المرة الثانية التي يحدث فيها ذلك.,delivery_app,2024-12-03 04:16:51,توصيل,إيجابي
C410517,كيف أفعّل التحقق بخطوتين؟ المبلغ الإجمالي 49 ريال. تواصلت معكم يوم السبت بخصوص شاحن.,mobile_app,2024-12-03 06:32:20,تقني,محايد
C579453,حكيتكن يوم الاثنين عن جوال الطلبية وصلت ناقصة,delivery_app,2024-12-03 09:20:27,توصيل,سلبي
C967671,رقم الطلب #18827 طلبت قهوة يوم الاثنين أبي أكلم مسؤول لو سمحتوا,call_center,2024-12-03 11:00:12,خدمة_عملاء,سلبي
C851530,دي المرة الثالثة يحصل كده مكتوب إن الأوردر اتسلم وأنا ماستلمتش حاجة,delivery_app,2024-12-03 15:44:45,توصيل,سلبي
C846472,دي المرة الثالثة يحصل كده مكتوب إن الأوردر اتسلم وأنا ماستلمتش حاجة؟,delivery_app,2024-12-03 15:51:45,توصيل,سلبي
C735961,مش عارف أعمل لوجين والباسورد صح، كلمتكم يوم الاثنين عن سماعات دي المرة الخامسة يحصل كده,mobile_app,2024-12-04 00:52:53,تقني,سلبي
C594378,كيف أتتبع الشحنة رقم #24815؟ تواصلت معكم يوم السبت بخصوص ساعة ذكية.,delivery_app,2024-12-04 05:47:15,توصيل,محايد
C104857,mesh 3aref a3mel login w el password sa7 order #17345,mobile_app,2024-12-04 06:06:28,تقني,سلبي
C271133,يا جماعة انخصم مني 750 ريال مرتين على نفس الطلب، المبلغ 499 ريال,payment_portal,2024-12-04 10:56:19,فوترة,سلبي
C278025,رقم الطلب #24696 الموظف كان أســـلوبه مو زين وسكّر بوجهي ما عاد أتعامل معكم,call_center,2024-12-04 11:57:03,خدمة_عملاء,سلبي
C736586,يا جماعة كلمتكم يوم الأحد عن لابتوب كود التفعيل مش بيوصل خالص,mobile_app,2024-12-04 15:20:42,تقني,سلبي
C873197,يا جماعة تجربة ما تنعاد، هذي المرة الخامـسة يصير كذا,call_center,2024-12-04 16:53:14,خدمة_عملاء,سلبي
C215430,لو سمحت رقم الأوردر #24531 عايز أــــمسح الأكونت بتاعي خالص,web_form,2024-12-04 20:19:40,أخرى,سلبي
C272941,كلمتكم يوم الأحد عن نظارة شمسية المبلغ 499 ريال جددوا لي الاشتراك بدون ما أوافق وسحبوا 199 ريال,payment_portal,2024-12-04 23:08:41,فوترة,سلبي
C864225,لو سمحت كلمتكم يوم السبت عن طابعة كود التفعيل مش بيوصل خالص,mobile_app,2024-12-05 04:59:54,تقني,سلبي
C637137,هلا من 6 أيام طالب استرجاع فلوسي وللحين ما وصلت، رقم الطلب #21302,payment_portal,2024-12-05 08:07:29,فوترة,سلبي
C695728,رقم الطلب #77715. الموقع بطيء جداً وتظهر رسالة خطأ عند الدفع,mobile_app,2024-12-05 12:02:28,تقني,سلبي
C823427,كلمتكم يوم الأحد عن كتب طالب كرسي مكتب يوم الاثنين من ساعة التحديث الجديد والأبلكيشن واقع,mobile_app,2024-12-05 12:08:57,تقني,سلبي
C130364,تجربة ما بتنعاد، هي اـــلمرة الثالثة بتصير هيك حكيتكن يوم الاثنين عن حذاء رياضي,call_center,2024-12-05 12:50:51,خدمة_عملاء,سلبي
C211911,المندوب ما اتصل ورجع الطلب، كلمتكم يوم السبت عن شاحن رقم الطلب #47033,delivery_app,2024-12-05 16:21:22,توصيل,سلبي
C246302,مرحبا رمز التحقق ما عم يوصلني,mobile_app,2024-12-05 16:44:31,تقني,سلبي
C545859,🙄🙄,payment_portal,2024-12-06 16:20:27,فوترة,سلبي
C483086,هل تتوفر خدمة التوصيل في نفس اليوم؟ طلبت ثلاجة يوم الجمعة.,delivery_app,2024-12-06 20:18:46,توصيل,محايد
C953398,المندوب كان محترُمَاً ودقيقاً في الّموعد، رُقمّ اْلطّلب #62342. هّذهَ الّمرة اْلرّابْعةُ التيُ يحُدِث فيها ذلك.,delivery_app,2024-12-07 01:39:32,توصيل,إيجابي
C321219,هذه المرة الرابعة التي يحدث فيها ذلك. وصلني الطلب ناقصاً ومنتج واحد مفقود هذا غير مقبول إطلاقاً!,delivery_app,2024-12-07 02:07:26,توصيل,سلبي
C583177,المُنُدوب كِان مَحترُمَاً ودقيُقُاً فِي الّّموعَد، رُقْمّ اْلطّلب #62342. هّذهَ الُّمرُة اّْلِرَّابْعَةُ التيُ يحُدِث فيّها ذِلكّ.,delivery_app,2024-12-07 03:50:32,توصيل,إيجابي
C233438,هي المرة الرابعة بتصير هيك جددولي الاشتراك بدون ما اطلب وانسحب المبلغ ما رح اتعامل مــــعكن بعد اليوم,payment_portal,2024-12-07 08:28:14,فوترة,سلبي
C910650,انسحب مني 199 مرتين على نفس الطلب، المبلغ 99 رقم الطلب #37164 بدي حل بسرعة,payment_portal,2024-12-07 12:09:46,فوترة,سلبي
C913904,انسحب مني 199 مرتين على نفس الطلب، المبلغ 99 رقم الطلب #37164 بدي حل بسرعة,payment_portal,2024-12-07 12:09:46,فوترة,سلبي
C712160,السلام عليكم راسلتكم أكثر من مرة ومحد رد علي، المبلغ 750 ريال,call_center,2024-12-07 17:23:41,خدمة_عملاء,سلبي
C734964,كلمتكم يوم الخميس عن ثلاجة ما أقدر أسجل دخول والباسوورد صحيح ابي حل بسرعة,mobile_app,2024-12-07 17:45:31,تقني,سلبي
C364221,السلام عليكم من 14 أيام طالب استرجاع فلوسي وللحين ما وصلت، كلمتكم يوم الأربعاء عن سماعات ما عاد أتعامل معكم,payment_portal,2024-12-08 01:37:56,فوترة,سلبي
C382625,رقم الطلب #86399 الفاتورة هالمرة كتير غالية وما حدا شرحلي ليش، وأيضاً بعتتلكن كذا رسالة وما حدا رد,payment_portal,2024-12-08 06:17:52,فوترة,سلبي
C662340,مَرحباً، أحتاج مساِعدة عِاُجلةّ من فضلكم، طلّبت كرُسي مَكتَبْ يوْم الأربعَاُء. رقّم اْلَطلب #44934.,delivery_app,2024-12-08 07:56:40,توصيل,سلبي
C509343,المبلغ 49 الموظف كان أسلوبو مش منيح وسكّر الخط https://example.com/orders/85031,call_center,2024-12-08 08:40:49,خدمة_عملاء,سلبي
C413343,!!!!,delivery_app,2024-12-08 12:28:19,توصيل,سلبي
C780171,مرحبا طالب كتب يوم الخميس المبلغ 250 الموظف كان أسلوبو مش منيح وسكّر الخط ما رح اتعامل معكن بعد اليوم,call_center,2024-12-08 17:37:41,خدمة_عملاء,سلبي
C838174,لو سمحت رقم الأوردر #37563 فضلت مستني على التليفون ساعة ومحدش رد,call_center,2024-12-09 00:49:51,خدمة_عملاء,سلبي
C808048,مرحباً، رقم الطلب #69807. بعد التحديث الأخير لم يعد التطبيق يعمل على هاتفي هذا غير مقبول إطلاقاً!,mobile_app,2024-12-09 03:14:39,تقني,سلبي
C175314,السلام عليكم أبي أكلم مسؤول لو سمحتوا، المبلغ 499 ريال كلمتكم يوم الأحد عن مكنسة كهربائية ابي حل بسرعة,mobile_app,2024-12-09 05:42:19,تقني,سلبي
C146487,,call_center,2024-12-09 08:13:17,خدمة_عملاء,محايد
C508110,مرحبا هي المرة الثانية بتصير هيك الخدمة كتير سيئة,mobile_app,2024-12-09 13:56:31,تقني,سلبي
C302126,لو سمحتم، هل تتوفر خدمة التوصيل في نفس اليوم؟ رقم الطلب #41346. المبلغ الإجمالي 49 ريال.,delivery_app,2024-12-09 17:00:22,توصيل,محايد
C197537,هذه اّلمرة الثانية التي يحّدّث فيهِا ذلك. المبلغ الإجماُلي 150 ريال. هل يوجد رقَمُ مباشرُ للتواصل مع مشرف؟,call_center,2024-12-09 17:54:40,خدمة_عملاء,محايد
C712895,السلام عليكم انخصم مني 250 ريال مرتين على نفس الطلب ما عاد أتعامل معكم,payment_portal,2024-12-09 18:29:56,فوترة,سلبي
C270813,الحاجة وصلت مكسورة، دي المرة الثالثة يحصل كده عايز حل بسرعة,delivery_app,2024-12-09 19:02:00,توصيل,سلبي
C177738,الفاتورة واضحة ومفصلة، عمل ممتاز، تواصلت معكم يوم السبت بخصوص مكنسة كهربائية.,payment_portal,2024-12-09 19:49:44,فوترة,إيجابي
C133387,الأوردر #66112 متأخر 14 أيام ولسه ماوصلش، كلمتكم يوم الأربعاء عن سماعات,delivery_app,2024-12-09 22:56:45,توصيل,سلبي
C864568,طلبت حقيبة يوم الثلاثاء جددوا لي الاشتراك بدون ما أوافق وسحبوا 320 ريال,payment_portal,2024-12-10 00:41:45,فوترة,سلبي
C359748,السلام عليكم المبلغ 499 ريال رقم الطلب #91265 عندي مشكلة من أمس ومحد حلها ما عاد أتعامل معكم,delivery_app,2024-12-10 01:42:14,توصيل,سلبي
C436776,طلبت خلاط يوم الثلاثاء. المبلغ الإجمالي 150 ريال. هل تتوفر خدمة التوصيل في نفس اليوم؟,delivery_app,2024-12-10 17:22:28,توصيل,محايد
C476778,طلبت ساعة ذكية يوم الثلاثاء طلبي #68722 متأخر 8 أيام وللحين ما وصل ما عاد أتعامل معكم,delivery_app,2024-12-10 23:10:40,توصيل,سلبي
C575655,مش عارف أعمل لوجين والباسورد صح، رقم الأوردر #82624 كلمتكم يوم الأربعاء عن خلاط بجد حاجة تضايق!,mobile_app,2024-12-11 03:10:54,تقني,سلبي
C556520,لو سمحتم، كيف أغيّر طريقة الدفع المسجلة في حسابي؟ المبلغ الإجمالي 320 ريال.,payment_portal,2024-12-11 06:56:25,فوترة,محايد
C682204,ازيكم المندوب ماكلمنيش ورجّع الشحنة، الحساب كله 320 جنيه طالب ساعة ذكية يوم السبت مش هتعامل معاكم تاني,delivery_app,2024-12-11 11:47:22,توصيل,سلبي
C862332,الحساب كله 199 جنيه الأبلكيشن بيقفل لوحده كل شوية عايز حل بسرعة رقمي 0552907485,mobile_app,2024-12-11 19:34:21,تقني,سلبي
C415740,mesh 3aref a3mel login w el password sa7 order #90441,mobile_app,2024-12-11 23:21:08,تقني,إيجابي
C859144,لو سمحت عايز أكلم حد مسؤول عايز حل بسرعة,mobile_app,2024-12-12 05:06:17,تقني,سلبي
C473283,لو سمحت عايز أكلم حد مسؤول عايز حل بسرعة,mobile_app,2024-12-12 05:06:17,تقني,سلبي
C120772,لو سمحتو رقم الطلب #43992 تجربة ما بتنعاد,payment_portal,2024-12-12 14:02:55,فوترة,سلبي
C102733,هل يمكن تغيير عنوان التوصيل للطلب #37917؟,delivery_app,2024-12-12 17:02:15,توصيل,محايد
C348778,المبلغ الإجمالي 49 ريال. هل يدعم التطبيق الأجهزة القديمة؟,mobile_app,2024-12-12 22:39:43,تقني,محايد
C567858,لو سمحتم، هل يمكن الحصول على فاتورة ضريبية للطلب #24389؟ تواصلت معكم يوم الاثنين بخصوص قهوة. المبلغ الإجمالي 199 ريال.,payment_portal,2024-12-12 23:56:04,فوترة,محايد
C525730,هلا هذي اَلمرة الثاَنية يصير كذاُ طلبت سماعات يومَ الجمعة الموظف كان أسلوبهْ مو زِين وسّكّر بوجهي,call_center,2024-12-13 08:44:09,خدمة_عملاء,سلبي
C608258,هلا هذي اَلمرة الثاَنية يصير كذاُ طلبت سماعات يومَ الجمعة الموظف كان أسلوبهْ مو زِين وسّكّر بوجهي,call_center,2024-12-13 08:44:09,خدمة_عملاء,سلبي
C359157,السلام عليكم تجربة ما تنعاد، اـلمبلغ 99 ريال والله شي يقهر!,payment_portal,2024-12-13 09:13:02,فوترة,سلبي
C982120,يا جماعة هذي المرة الرابعة يصير كذا كلمتكم يوم الأربعاء عن ثلاجة عندي مشكلة من أمس ومحد حلها ما عاد أتعامل معكم,payment_portal,2024-12-13 09:18:15,فوترة,سلبي
C195538,لو سمحت مكتوب إن الأوردر اتسلم وأنا ماستلمتش حاجة، رقم الأوردر #75208 دي المرة الخامسة يحصل كده,delivery_app,2024-12-13 09:35:53,توصيل,سلبي
C473964,الفاتورة واضحة ومفصلة، عمل ممتاز، هذه المرة الثالثة التي يحدث فيها ذلك. رقمي 0598293945,payment_portal,2024-12-13 11:36:31,فوترة,إيجابي
C758097,هذه المرة الثالثة التي يحدث فيها ذلك. تواصلت معكم يوم الاثنين بخصوص ألعاب أطفال. وصل الطلب قبل الموعد والتغليف ممتاز https://example.com/orders/59974,delivery_app,2024-12-13 13:57:29,توصيل,إيجابي
C579151,لو سمحتم، كيف أتتبع الشحنة رقم #52913؟ طلبت سماعات يوم الأربعاء.,email,2024-12-13 14:23:41,توصيل,محايد
C528435,السلام عليكم، الفاتورة واضحة ومفصلة، عمل ممتاز رقمي 0560290283,payment_portal,2024-12-13 14:27:33,فوترة,إيجابي
C431262,الطلب وصل ناقص غرض، رقم الطلب #33716 طلبت سماعات يوم الجمعة,delivery_app,2024-12-13 15:10:03,توصيل,سلبي
C230679,هذِه اَلَمرة الثّالُثة الُتي يحدث فيَها ذلك. تواِصِلت معكمِ يومُ اّلاثنْين بخُصوص أّلُعُاب أطُفال. وصل اْلطَلْبّ قَبُل الموعد والِتُغُليْف ممتاْز https://example.com/orders/59974,delivery_app,2024-12-13 15:26:29,توصيل,إيجابي
C340936,المبلغ 150 ريال ما أقدر أسجل دخول والباسوورد صحيح,mobile_app,2024-12-13 15:41:35,تقني,سلبي
C806506,انتظرت ساعة على الخط ومحد رد، هذي المرة الرابعة يصير كذا المبلغ 150 ريال,call_center,2024-12-13 16:18:48,خدمة_عملاء,سلبي
C572487,لو سمحتم، كيف أتتبع الشحنة رقم #52913؟ طلبت سماعات يوم الأربعاء!!!,email,2024-12-13 17:19:41,توصيل,محايد
C495134,تطبيقكم رائع وأتمنى لكم التوفيق، رقم الطلب #24055. هذه المرة الثانية التي يحدث فيها ذلك.,web_form,2024-12-13 19:24:53,أخرى,إيجابي
C226518,كيف أفعّل التحقق بخطوتين؟ تواصلت معكم يوم الجمعة بخصوص حقيبة.,mobile_app,2024-12-13 22:09:09,تقني,محايد
C229630,الفاتورة المرة دي غالية جداً ومش فاهم ليه، كلمتكم يوم الجمعة عن نظارة شمسية دي المرة الخامسة يحصل كده مش هتعامل معاكم تاني,payment_portal,2024-12-14 00:45:24,فوترة,سلبي
C856092,تواصلت معكم يوم الاثنين بخصوص ساعة ذكية. الموقع بطيء جداً وتظهر رسالة خطأ عند الدفع,mobile_app,2024-12-14 04:18:08,تقني,سلبي
C813501,ما أقدر أسجل دخول والباسوورد صحيح https://example.com/orders/87560,mobile_app,2024-12-14 08:53:23,تقني,سلبي
C753624,ما عم يزبط معي سجل دخول مع إنو كلمة السر صح، طالب ثلاجة يوم الجمعة,mobile_app,2024-12-14 09:38:25,تقني,سلبي
C676037,لو سمْحتّم، تواْصلتِ معكمَ يومِ الْسبت بخصّوص نظّارة شمسية. المْوّظفة كانت متِعاونة جدِاً وحلّت مشكلتي,call_center,2024-12-14 13:21:45,خدمة_عملاء,إيجابي
C974829,مرحباً، انتظرت على الخط أكثر من ساعة دون أن يرد أحد,delivery_app,2024-12-14 17:45:06,خدمة_عملاء,سلبي
C976274,الفاتورة هالشهر واجد غالية وما أدري ليش، رقم الطلب #98354 ابي حل بسرعة,payment_portal,2024-12-14 22:17:06,فوترة,سلبي
C749931,مرــحبا انسحب مني 320 مرتين على نفس الطلب، رقم الطلب #62262 المبلغ 150 بدي حل بسرعة,payment_portal,2024-12-15 11:35:45,فوترة,سلبي
C472485,يا جماعة ما أقدر أسجل دخول والباسوورد صحيح، رقم الطلب #99795,mobile_app,2024-12-15 13:50:55,تقني,سلبي
C420919,يا جماعة جدَدواَ لي الاشتراكِ بدونْ ما أوافق وسحُبوُاِ 320 ريال، هذْيَ المرةُ الرابعة يصير كذا طلبت طابَعَة يوم الثلاثاء,payment_portal,2024-12-15 16:42:59,فوترة,سلبي
C551074,لو سمحتو حكيتكن يوم الثلاثاء عن كرسي مكتب المبلغ 150 من بعد التحديث الجديد التطبيق ما عم يشتغل ما رح اتعامل معكن بعد اليوم,mobile_app,2024-12-16 01:49:11,تقني,سلبي
C445746,لو سمحتو حكيتكن يوم الثلاثاء عن كرسي مكتب المبلغ 150 من بعد التحديث الجديد التطبيق ما عم يشتغل ما رح اتعامل معكن بعد اليوم,mobile_app,2024-12-16 01:49:11,تقني,سلبي
C972911,رقم الطلب #51055 هذي المرة الخامسة يصير كذا التطبيق يطلعني برا كل ما أفتح اــــلطلبات والله شي يقهر!,email,2024-12-16 04:16:56,تقني,سلبي
C957760,هي المرة الخاْمسْة بِتصيَر هيك جددولي الاشترُاْك بدَون ما اطلب وّانسحّب اْلمبلِغ بدي حل بسرعة رقــمي 0552386512,payment_portal,2024-12-16 07:59:51,فوترة,سلبي
C836357,انسحب مني 199 مرتين على نفس الطلب، رقم الطلب #61582 والله شي بيقهر!,payment_portal,2024-12-16 09:49:45,فوترة,سلبي
C326584,يا جماعة طالب كرسي مكتب يوم الجمعة الغرض وصل مكسور,delivery_app,2024-12-16 20:49:19,توصيل,سلبي
C521544,هلا رقم الطلب #99885 كلمتكم يوم الأربعاء عن لابتوب بعد التحديث الجديد التطبيق خربان,mobile_app,2024-12-16 23:33:25,تقني,سلبي
C920408,طلبي #12013 متأخر 14 أيام وللحين ما وصل، طلبت سماعات يوم الاثنين رقم الطلب #42405,delivery_app,2024-12-17 00:05:19,توصيل,سلبي
C402902,أبي أكلم مسؤول لو سمحتوا، كلمتكم يوم الاثنين عن ساعة ذكية المبلغ 49 ريال ابي حل بسرعة,payment_portal,2024-12-17 05:47:32,فوترة,سلبي
C553745,يا جماعة جددوا لي الاشتراك بدون ما أوافق وسحبوا 250 ريال، المبلغ 99 ريال والله شي يقهر!,payment_portal,2024-12-17 07:50:22,فوترة,سلبي
C597465,هلا الخدمة واجد سيئة والله شي يقهر!,mobile_app,2024-12-17 08:38:21,تقني,سلبي
C733308,لو سمحت المندوب ماكلمنيش ورجّع الشحنة,call_center,2024-12-17 10:02:43,توصيل,سلبي
C837981,الطلب وِصِل ناقص غرض، رقمّ الُطلب #42140,delivery_app,2024-12-17 17:19:32,توصيل,سلبي
C839537,طلبت مكنسة كهربائية يوم الأربعاء. كيف أغيّر طريقة الدفع المسجلة في حسابي؟,payment_portal,2024-12-17 19:23:07,فوترة,محايد
C954567,بقالي 6 أيام مستني فلوسي ترجع ومفيش حاجة، كلمتكم يوم السبت عن جوال دي المرة الخامسة يحصل كده بجد حاجة تضايق!,payment_portal,2024-12-17 20:06:16,فوترة,سلبي
C245436,السلام عليكم، رقم الطلب #27668. شكراً لفريق الدعم الفني على حل مشكلة تسجيل الدخول,mobile_app,2024-12-17 20:39:25,تقني,إيجابي
C275308,طالب خلاط يوم السبت من ساعة التحديث الجديد والأبلكيشن واقع، وأيضاً المندوب ماكلمنيش ورجّع الشحنة,mobile_app,2024-12-18 01:39:09,تقني,سلبي
C800036,جددولي الاشتراك بدون ما اطلب وانسحب المبلغ، هي المرة الخامسة بتصير هيك طالب شاحن يوم الخميس ما رح اتعامل معكن بعد اليوم,payment_portal,2024-12-18 03:48:47,فوترة,سلبي
C259128,هذه المرة الثانية اــلتي يحدث فيها ذلك. طلبت لابتوب يوم الثلاثاء. أحتاج مساعدة عاجلة من فضلكم,payment_portal,2024-12-18 10:52:42,فوترة,سلبي
C991112,يا جماعة المندوب ما اتصل فيني ورجّع الطلبية رقمي 0522219807,delivery_app,2024-12-19 00:16:55,توصيل,سلبي
C227907,يا جماعة هي المرة الثالثة بتصير هيك الفاتورة هالمرة كتير غالية وما حدا شرحلي ليش,payment_portal,2024-12-19 02:13:25,فوترة,سلبي
C837153,مرحباً، كيف أغيّر طريقة الدفع المسجلة في حسابي؟ هذه المرة الرابعة التي يحدث فيها ذلك.,payment_portal,2024-12-19 02:58:59,فوترة,محايد
C640756,يا جماعة بعتتلكن كذا رسالة وما حدا رد، حكيتكن يوم الثلاثاء عن كرسي مكتب,call_center,2024-12-19 05:41:57,خدمة_عملاء,سلبي
C526501,طالب شاشة يوم الجمعة هي المرة الرابعة بتصير هيك لسا المشكلة متل ما هي بدي حل بسرعة,payment_portal,2024-12-19 05:53:48,فوترة,سلبي
C312784,دي المرة الثالثة يحصل كده الحساب كله 199 جنيه الأوردر #62574 متأخر 9 أيام ولسه ماوصلش,delivery_app,2024-12-19 06:34:19,توصيل,سلبي
C344495,بدي احكي مع حدا مسؤول، رقم الطلب #55742 ما رح اتعامل معكن بعد اليوم,web_form,2024-12-19 07:35:57,أخرى,سلبي
C328447,الفاتورة المرة دي غالية جداً ومش فاهم ليه، طالب ثلاجة يوم الأربعاء الحساب كله 250 جنيه بجد حاجة تضايق!,payment_portal,2024-12-19 08:30:57,فوترة,سلبي
C430430,المندوب ما اتصل فيني ورجّع الطلبية، هي المرة الخامسة بتصير هيك والله شي بيقهر!,delivery_app,2024-12-19 12:16:08,توصيل,سلبي
C589669,الخدمة سيئة جداً ولن أتعـامل معكم مرة أخرى، رقم الطلب #32403. سأضطر لإلغاء الاشتراك إن لم تُحل المشكلة. https://example.com/orders/64004,payment_portal,2024-12-20 01:05:03,فوترة,سلبي
C947003,الخدمة سيئة جداً ولن أتعـامل معكم مرة أخرى، رقم الطلب #32403. سأضطر لإلغاء الاشتراك إن لم تُحل المشكلة. https://example.com/orders/64004,payment_portal,2024-12-20 01:05:03,فوترة,سلبي
C935759,فضلت مستني على التليفون ساعة ومحدش رد، كلمتكم يوم الثلاثاء عن ساعة ذكية رقم الأوردر #20540 بجد حاجة تضايق!,call_center,2024-12-20 03:56:39,خدمة_عملاء,سلبي
C765801,مرحباً، تم استرجاع المبلغ بسرعة، شكراً لكم، رقم الطلب #69488.,payment_portal,2024-12-20 10:32:19,فوترة,إيجابي
C958668,طالب حذاء رياضي يوم السبت الأبلكيشن بيقفل لوحده كل شوية,mobile_app,2024-12-20 14:32:41,تقني,سلبي
C795055,مرحباً، التحديث الجديد ممتاز والتطبيق صار أسرع، المبلغ الإجمالي 49 ريال.,mobile_app,2024-12-20 17:38:47,تقني,إيجابي
C840122,كود التحقق ما يوصلني، هذي المرة الثالثة يصير كذا ما عاد أتعامل معكم,mobile_app,2024-12-20 18:41:27,تقني,سلبي
C919238,طلبت سماعاَتِ يوم الخميس. هل يوْجد رقم مباشر للتواصل مع مشرفّ؟,call_center,2024-12-20 19:10:31,خدمة_عملاء,محايد
C367420,هل يمكن الحصول على فاتورة ضريبية للطلب #99883؟ طلبت ألعاب أطفال يوم الجمعة. هذه المرة الخامسة التي يحدث فيها ذلك.,payment_portal,2024-12-20 21:42:36,فوترة,محايد
C668406,مرحباً، تواصلت معكم يوم الأربعاء بخصوص قهوة. هل يمكن تغيير عنوان التوصيل للطلب #53994؟,delivery_app,2024-12-20 23:51:35,توصيل,محايد
C656280,السلام عليكم طلبت مكنسة كهربائية يوم الثلاثاء هذي المرة الرابعة يصير كذا للحين المشكلة ما انحلت,payment_portal,2024-12-21 00:25:57,فوترة,سلبي
C263822,كيف أفعّل التحقق بخطوتين؟ هذه المرة اــلخامسة التي يحدث فيها ذلك.,mobile_app,2024-12-21 03:30:51,تقني,محايد
C844404,لو سمحتو المبلغ 49 الخدمة كتير سيئة والله شي بيقهر!,payment_portal,2024-12-21 10:54:55,فوترة,سلبي
C134909,تجربة ما تنعاد والله شي يقهر!,delivery_app,2024-12-21 20:14:08,توصيل,سلبي
C876989,يا جماعة الخدمة واجد سيئة,mobile_app,2024-12-22 06:40:18,تقني,سلبي
C109476,momken tdifo el daf3 3and el estelam,web_form,2024-12-22 10:00:30,أخرى,محايد
C328829,momken tdifo el daf3 3and el estelam,web_form,2024-12-22 10:00:30,أخرى,محايد
C886924,طلبت ألعاب أطفال يوم الجمعة طلبي #15504 متأخر 2 أيام وللحين ما وصل,delivery_app,2024-12-22 10:30:23,توصيل,سلبي
C181630,رقم الطلب #30181. هذه المرة الثانية التي يحدث فيها ذلك. لدي مشكلة منذ أمس ولم يحلها أحد هذا غير مقبول إطلاقاً!,call_center,2024-12-22 16:32:41,خدمة_عملاء,سلبي
C516241,لو سمحت رقم الأوردر #10790 المندوب ماكلمنيش ورجّع الشحنة بجد حاجة تضايق!,delivery_app,2024-12-22 17:44:35,توصيل,سلبي
C229957,طلبت ألعاب أطفال يوم الأربعاء. كيف أتتبع الشحنة رقم #49868؟ https://example.com/orders/32986,delivery_app,2024-12-22 21:07:12,توصيل,محايد
C504631,الفاتورة هالشهر واجد غالية وما أدري ليش، كلمتكم يوم الأحد عن كتب المبلغ 150 ريال,payment_portal,2024-12-22 21:08:11,فوترة,سلبي
C180753,السلام عليكم، هذه المرة الثالثة التي يحدث فيها ذلك. طلبت جوال يوم الاثنين. هل يمكن تغيير عـنوان التوصيل للطلب #27364؟,delivery_app,2024-12-23 03:50:46,توصيل,محايد
C550854,el order mt2a5er 4 ayam w lessa ma wesel order #23397,delivery_app,2024-12-23 04:48:05,توصيل,محايد
C644056,ازيكم دي المـرة الثانية يحصل كده من ساعة التحديث الجديد والأبلكيشن واقع,mobile_app,2024-12-23 06:56:28,تقني,سلبي
C665871,ازيكم دي المـرة الثانية يحصل كده من ساعة التحديث الجديد والأبلكيشن واقع,mobile_app,2024-12-23 06:56:28,تقني,سلبي
C222590,السلام عليكم، هذه المرة الثالثة التي يحدث فيها ذلك. تواصلت معكم يوم الخميس بخصوص نظارة شمسية. الفاتورة الأخيرة أعلى بكثير من المعتاد دون أي توضيح أرجو الحل بأسرع وقت.,payment_portal,2024-12-23 11:57:07,فوترة,سلبي
C114505,تواصلت معكم يوم السبت بخصوص خلاط. تأخر وصول الطلب رقم #84327 أكثر من 4 أيام عن الموعد المحدد رقمي 0516318342,delivery_app,2024-12-23 14:19:31,توصيل,سلبي
C926109,تم خصم مبلغ 499 ريال منْ حسابي مرتينّ لنفس اّلطلب، رقم الطلَب #51948. هُذه المرة الثالثة التي يَحدَث فيها ذلك. سَأضطرّ لإلغاءّ الاَشتراك إن لم تُحّل المشكلة.,delivery_app,2024-12-23 16:34:25,توصيل,سلبي
C249695,التطبيق عم يسكّر لحالو كل شوي، هي المرة الثالثة بتصير هيك حكيتكن يوم الأربعاء عن حقيبة ما رح اتعامل معكن بعد اليوم,mobile_app,2024-12-23 23:48:27,تقني,سلبي
C663900,أبي أحذف حسابي نهائياً، كلمتكم يوم الاثنين عن قهوة هذي المرة الثالثة يصير كذا ابي حل بسرعة,web_form,2024-12-24 00:06:00,أخرى,سلبي
C248511,السلام عليكم، تم استرجاع المبلغ بسرعة، شكراً لكم، هذه الــــمرة الرابعة التي يحدث فيها ذلك. طلبت قهوة يوم السبت.,payment_portal,2024-12-24 00:28:40,فوترة,إيجابي
C573209,ازيكم فضلت مستني على التليفون ساعة ومحدش رد https://example.com/orders/85446,call_center,2024-12-24 01:09:25,خدمة_عملاء,سلبي
C729014,لو سمحتم، متى يتم إصدار الفاتورة الشهرية؟ رقم الطلب #80476. هذه المرة الثالثة التي يحدث فيها ذلك.,payment_portal,2024-12-24 01:14:01,فوترة,محايد
C798854,طلبت نظارة شمسية يوم الأحد. المبلغ الإجمالي 750 ريال. طلبت استرجاع المبلغ منذ 12 أيام ولم يصلني شيء حتى الآن,payment_portal,2024-12-24 02:58:01,فوترة,سلبي
C438512,تأخر وصول الطلب رقم #64730 أكثر من 2 أيام عن الموعد المحدد، المبلغ الإجمالي 750 ريال. هذا غير مقبول إطلاقاً!,delivery_app,2024-12-24 07:49:44,توصيل,سلبي
C629989,اتخصم مني 199 جنيه مرتين على نفس الأوردر، كلمتكم يوم الجمعة عن كتب,payment_portal,2024-12-24 09:12:34,فوترة,سلبي
C220875,كيف أغيّر رقم الجوال المرتبط بالحساب؟ طلبت سماعات يوم الاثنين. هذه المرة الثالثة التي يحدث فيها ذلك.,mobile_app,2024-12-24 12:54:46,تقني,محايد
C706915,السلام عليكم، كيف أغيّر رقم الجوال المرتبط بالحساب؟ طــلبت ساعة ذكية يوم الخميس.,mobile_app,2024-12-24 15:11:48,تقني,محايد
C632863,لو سمحتم، تم استرجــاع المبلغ بسرعة، شكراً لكم,payment_portal,2024-12-24 21:35:51,فوترة,إيجابي
C234592,يا جماعة عندي مشكلة من أمس ومحد حلها، رقم الطلب #57579 والله شي يقهر!,delivery_app,2024-12-24 23:48:49,توصيل,سلبي
C631155,السلام عليكم، هل تتوفر خدمة التوصيل في نفس اليوم؟ تواصلت معكم يوم الأربعاء بخصوص سماعات.,delivery_app,2024-12-25 00:22:51,توصيل,محايد
C140598,دي المرة الرابعة يحصل كده تجربة زفت بصراحة,call_center,2024-12-25 01:59:17,خدمة_عملاء,سلبي
C781504,تجربة زفت بصراحة، كلمتكم يوم الخميس عن خلاط,payment_portal,2024-12-25 02:27:24,فوترة,سلبي
C196255,انتظرت ساعة على الخط ومــــحد رد,call_center,2024-12-25 04:26:47,خدمة_عملاء,سلبي
C235559,السلام عليكم طلبي #20047 متأخر 3 أيام وللحين ما وصل، كلمتكم يوم الثلاثاء عن طابعة والله شي يقهر!,call_center,2024-12-25 04:54:56,خدمة_عملاء,سلبي
C702699,يا جماعة ياريت تضيفوا الدفع عند الاستلام، كلمتكم يوم الأربعاء عن طابعة دي المرة الثانية يحصل كده مش هتعامل معاكم تاني,web_form,2024-12-25 09:37:19,أخرى,سلبي
C996824,من 9 أيام طالب استرجاع فلوسي وللحين ما وصلت، كلمتكم يوم الخميس عن نظارة شمسية المبلغ 99 ريال ما عاد أتعامل معكم,payment_portal,2024-12-25 13:56:44,فوترة,سلبي
C739037,السلام عليكم اَلمبلغ 750 ريال أبِي أْكُلم مسؤول لو سمحّتوا ابي حل بسرعة,payment_portal,2024-12-25 15:03:50,فوترة,سلبي
C944917,جددوا لي الاشتراك بدون ما أوافق وسحبوا 199 ريال، طلبت حذاء رياضي يوم الأربعاء هذي المرة الثانية يصير كذا,payment_portal,2024-12-25 17:12:09,فوترة,سلبي
C570705,كلمتكم يوم السبت عن قهوة جددوا لي الاشتراك بدون ما أوافق وسحبوا 250 ريال ابي حل بسرعة,payment_portal,2024-12-26 01:00:06,فوترة,سلبي
C267583,ازيكم الأبلكيشن بيقفل لوحده كل شوية، طالب عطر يوم الخميس كلمتكم يوم الأربعاء عن طابعة عايز حل بسرعة,mobile_app,2024-12-26 01:06:51,تقني,سلبي
C304000,شكراً على سرعة الرد والتعامل الراقي، طلبت ساعة ذكية يوم الأحد. المبلغ الإجمالي 99 ريال.,call_center,2024-12-26 06:29:14,خدمة_عملاء,إيجابي
C525886,متى يتم إصدار الفاتورة الشهرية؟,payment_portal,2024-12-26 08:05:08,فوترة,محايد
C467144,لو سمحتو رقم الطلب #27572 الغرض وصل مكسور ما رح اتعامل معكن بعد اليوم,payment_portal,2024-12-26 08:57:07,فوترة,سلبي
C742444,بعد التحديث الجديد التطبيق خربان، المبلغ 250 ريال طلبت ثلاجة يوم الخميس ابي حل بسرعة,mobile_app,2024-12-26 09:04:29,تقني,سلبي
C202467,لو سمحتم، تم استرجاع المبلغ بسرعة، شكراً لكم رقمي 0545976436,payment_portal,2024-12-26 11:58:25,فوترة,إيجابي
C620582,ازيكم مكتوب إن الأوردر اتسلم وأنا ماستلمتش حاجة، كلمتكم يوم الجمعة عن شاحن,delivery_app,2024-12-26 12:54:29,توصيل,سلبي
C622849,الّسلُام عّليكم، متُىّ يَتم إصدار الفَاتورة الشهرية؟ اّلمبلغ الْإجماليُ 49 ريال.,payment_portal,2024-12-26 14:47:00,فوترة,محايد
C270213,مرحباً، رقم الطلب #43633. ما هي ساعات عمل خدمة العملاء؟,call_center,2024-12-26 19:38:03,خدمة_عملاء,محايد
C447140,لو سمحِتِم، هذه المرة الثانيةّ التيِ يحدِثَ فيها ذلك. تواصلت معكم يومُ الأرِبعاء بُخصوصُ لابتوب. تم استرجْاع المبلغ بسرَعِة، شُكراً لكم,payment_portal,2024-12-27 01:33:48,فوترة,إيجابي
C832696,طلبت شاحن يوم الثلاثاء. كيف أغيّر رقم الجوال المرتبط بالحساب؟,mobile_app,2024-12-27 12:53:04,تقني,محايد
C401999,طلبت كتب يوم الخميس. المندوب كان محترماً ودقيقاً في الموعد,delivery_app,2024-12-27 12:58:27,توصيل,إيجابي
C415466,هل يمكن الحصول على فاتورة ضريبية للطلب #30950؟ هذه المرة الخامسة التي يحدث فيها ذلك.,payment_portal,2024-12-27 14:09:22,فوترة,محايد
C536872,مرحباً، متى يتم إصدار الفاتورة الشهرية؟ المبلغ الإجمالي 250 ريال. طلبت حذاء رياضي يوم الاثنين.,payment_portal,2024-12-27 15:13:17,فوترة,محايد
C584073,الفاتورة المرة دي غالية جداً ومش فاهم ليه، كلمتكم يوم الخميس عن نظارة شمسية,payment_portal,2024-12-27 15:58:34,فوترة,سلبي
C661407,الكوبون مااشتغلش والفلوس اتسحبت كاملة، دي المرة الخامسة يحصل كده رقم الأوردر #30806,payment_portal,2024-12-27 22:15:45,فوترة,سلبي
C247030,الفاتورة هالشهر واجد غالية وما أدري ليش، طلبت مكنسة كهربائية يوم الثلاثاء هذي المرة الرابعة يصير كذا ابي حل بسرعة,web_form,2024-12-27 22:58:42,توصيل,سلبي
C489005,السلام عليكم، تواصلت معكم يوم الخميس بخصوص حقيبة. هذه المرة الثانية التي يحدث فيها ذلك. الفاتورة الأخيرة أعلى بكثير من المعتاد دون أي توضيح,payment_portal,2024-12-28 04:14:49,فوترة,سلبي
C352143,رقم الطلب #13890 بعتتلكن كذا رسالة وما حدا رد والله شي بيقهر!,call_center,2024-12-28 07:41:08,خدمة_عملاء,سلبي
C169077,مرحباً، كيف أتتبع الشحنة رقم #19602؟,delivery_app,2024-12-28 09:58:28,توصيل,محايد
C141699,يا جماعة من ساعة التحديث الجديد والأبلكيشن واقع، دي المرة الرابعة يحصل كده الحساب كله 250 جنيه بجد حاجة تضايق!,mobile_app,2024-12-28 11:02:42,تقني,سلبي
C175604,السلام عليكم، هل يمكن تغيير عنوان التوصيل للطلب #70244؟ تواصلت معكم يوم السبت بخصوص قهوة.,delivery_app,2024-12-28 12:10:14,توصيل,محايد
C170365,يا جماعة الأبلكيشن بيقفل لوحده كل شوية، دي المرة الثانية يحصل كده,mobile_app,2024-12-28 17:48:20,تقني,سلبي
C833007,لو سمحتو التطبيق عم يسكّر لحالو كل شوي والله شي بيقهر!,mobile_app,2024-12-28 21:30:18,تقني,سلبي
C579820,طالب جوال يوم الثلاثاء بقالي 3 أيام مستني فلوسي ترجع ومفيش حاجة,payment_portal,2024-12-29 00:04:08,فوترة,سلبي
C420415,طالب جوال يوم الثلاثاء بقالي 3 أيام مستني فلوسي ترجع ومفيش حاجة,payment_portal,2024-12-29 00:04:08,فوترة,سلبي
C179937,طالب عطر يوم السبت حكيتكن يوم الأحد عن حذاء رياضي عندي مشكلة من مبارح وما حدا حلّها,delivery_app,2024-12-29 12:40:25,توصيل,سلبي
C900001,لو سمحتو رقم الطلب #17660 الفاتورة هالمرة كتير غالية وما حدا شرحلي ليش,mobile_app,2024-12-29 13:02:37,فوترة,سلبي
C961105,الخدمة كتير سيئة، رقم الطلب #62623 المبلغ 320,call_center,2024-12-29 17:04:47,خدمة_عملاء,سلبي
C338648,يا جماعة ما أقدر أسجل دخول والباسوورد صحيح، هذي المرة الرابعة يصير كذا ما عاد أتعامل معكم,mobile_app,2024-12-29 21:12:57,تقني,سلبي
C112780,طلبت استرجاع المبلغ منذ 7 أيام ولم يصلني شيء حتى الآن، رقم الطلب #56671.,payment_portal,2024-12-30 00:14:13,فوترة,سلبي
C336356,ما هي ساعات عمل خدمة العملاء؟ طلبت كرسي مكتب يوم الاثنين.,call_center,2024-12-30 00:48:07,خدمة_عملاء,محايد
C784595,اتخصم مني 150 جنيه مرتين على نفس الأوردر، دي المرة الثالثة يحصل كده عايز حل بسرعة https://example.com/orders/24995,payment_portal,2024-12-30 03:28:03,فوترة,سلبي
C361608,لو سمحتم، كيف أتتبع الشحنة رقم #99669؟ المبلغ الإجمالي 199 ريال.,delivery_app,2024-12-30 03:34:56,توصيل,محايد
C161701,لو سمحتو المبلغ 199 الفاتورة هالمرة كتير غالية وما حدا شرحلي ليش,payment_portal,2024-12-30 05:51:18,فوترة,سلبي
C168133,كيف أتْتبع الشحنة رقم #16653؟ هذه الْمرة الثانّية التي يحدث فيُها ذلكِ. https://example.com/orders/81941,delivery_app,2024-12-30 12:27:16,توصيل,محايد
C230438,هذه المرة الرابعة التي يحدث فيها ذلك. هل يمكن الحصول على فاتورة ضريبية للطلب #41495؟,payment_portal,2024-12-30 20:52:39,فوترة,محايد
C931861,السلام عليكم، طلبت نظارة شمسية يوم الأحد. المندوب كان محترماً ودقيقاً في الموعد,delivery_app,2024-12-31 03:42:13,توصيل,إيجابي
C534751,يا جماعة ما أقدر أسجل دخول والباسوورد صحيح، طلبت لابتوب يوم الأحد ما عاد أتعامل معكم,mobile_app,2024-12-31 05:07:13,تقني,سلبي
C500772,تم تجديد الاْشترُاك تّلقائِياً دْون موافقتيَ وِخصم 150 ريْال، تواصلت معكم يوم السبت بَخصوصِ ثّلْاجةِ. سأضطر لإلغاء الاشتراكْ إنُ لمَ تُحل المشكلة.,web_form,2025-01-01 00:28:43,أخرى,سلبي
C502115,كيف أغيّر رقم الجوال المرتبط بالحساب؟ هذه المرة الثانية التي يحدث فيها ذلك.,mobile_app,2025-01-01 09:09:17,تقني,محايد
C948352,رقم الطلب #20200. طلبت ألعاب أطفال يوم الثلاثاء. كيف أتتبع الشحنة رقم #47661؟,delivery_app,2025-01-01 12:11:23,توصيل,محايد
C896279,راسلتكم أكثر من مرة ومحد رد علي، المبلغ 750 ريال رقم الطلب #99299 ابي حل بسرعة https://example.com/orders/30728,call_center,2025-01-01 12:42:32,خدمة_عملاء,سلبي
C567068,مرحباً، ما هي ساعات عمل خدمة العملاء؟ طلبت حقيبة يوم الأربعاء.,call_center,2025-01-01 14:50:01,خدمة_عملاء,محايد
C995935,يا جماعة المبلغ 750 ريال للحين المشكلة ما انحلت ما عاد أتعامل معكم,payment_portal,2025-01-02 05:35:21,فوترة,سلبي
C813725,هذه المرة الرابعة التي يحدث فيها ذلك. كيف أفعّل التحقق بخطوتين؟,mobile_app,2025-01-02 12:29:58,تقني,محايد
C466956,لو سمحتم، الموظفة كانت متعاونة جداً وحلّت مشكلتي، المبلغ الإجمالي 150 ريال.,call_center,2025-01-02 13:35:52,خدمة_عملاء,إيجابي
C970641,الطلبية وصلت ناقصة، طالب كتب يوم الجمعة والله شي بيقهر!,delivery_app,2025-01-02 19:19:56,توصيل,سلبي
C979345,يا جماعة الحاجة وصلت مكسورة، وأيضاً الأبلكيشن بيقفل لوحده كل شوية، رقم الأوردر #24377 عايز حل بسرعة,delivery_app,2025-01-02 22:10:28,توصيل,سلبي
C820046,السلام عليكم، تم تجديد الاشتراك تلقائياً دون موافقتي وخصم 199 ريال، طلبت ألعاب أطفال يوم الثلاثاء. هذا غير مقبول إطلاقاً!,email,2025-01-03 05:46:17,فوترة,سلبي
C140735,لو سمحتم، كيف أغيّر رقم الــــجوال المرتبط بالحساب؟,mobile_app,2025-01-03 06:13:41,تقني,محايد
C558503,مرحبا ما عم يزبط معي سجل دخول مع إنو كلمة السر صح، رقم الطلب #53465 بدي حل بسرعة,mobile_app,2025-01-03 08:09:36,تقني,سلبي
C492280,المبلغ الإجمالي 499 ريال. طلبت مكنسة كهربائية يوم الاثنين. تم خصم مبلغ 199 ريال من حــــسابي مرتين لنفس الطلب سأضطر لإلغاء الاشتراك إن لم تُحل المشكلة.,payment_portal,2025-01-03 13:22:08,فوترة,سلبي
C922185,لو سمحتو المبلغ 99 التطبيق عم يسكّر لحالو كل شوي,mobile_app,2025-01-03 13:22:59,تقني,سلبي
C118358,السلام عليكم المبلغ 199 ريال طلبت نظارة شمسية يوم الخميس الغرض وصلني مكســور ما عاد أتعامل معكم,delivery_app,2025-01-03 16:32:29,توصيل,سلبي
C546782,متى يتم إصدار الفاتورة الشهرية؟ المبلغ الإجمالي 250 ريال.,payment_portal,2025-01-04 02:57:05,فوترة,محايد
C494085,المندوب كان محترماً ودقيقاً في الموعد,delivery_app,2025-01-04 06:10:36,توصيل,إيجابي
C590763,دي المرة الرابعة يحصل كده عندي مشكلة من امبارح ومحدش حلها,delivery_app,2025-01-04 09:28:04,توصيل,سلبي
C483589,المبلغ الإجمالي 499 ريال. رقم الطلب #12481. هل لديكم برنامج ولاء أو نقاط؟,web_form,2025-01-04 11:50:26,أخرى,محايد
C835321,لو سمحتم، هذه المرة الثانية التي يحدث فيها ذلك. ما هي ساعات عمل خدمة العملاء؟ https://example.com/orders/97512,call_center,2025-01-04 14:31:33,خدمة_عملاء,محايد
C616308,يا جماعة الفاتورة هالشهر واجد غالية وما أدري ليش، هذي المرة الثانية يصير كذا ما عاد أتعامل معكم,payment_portal,2025-01-04 20:43:14,فوترة,سلبي
C362223,كيف أفعّل التحقق بخطوتين؟,mobile_app,2025-01-05 05:11:33,تقني,محايد
C905068,شكراً على سرعة الرد والتعامل الراقي، تواصلت معكم يوم الخميس بخصوص جوال.,call_center,2025-01-05 15:15:29,خدمة_عملاء,إيجابي
C728276,مرحبا بدي احكي مع حدا مسؤول، حكيتكن يوم الأحد عن جوال,mobile_app,2025-01-05 15:54:06,تقني,سلبي
C726689,تطبيقكم رائع وْأُتمنِى لكّم التوفيق، رقم الُطلب #82069.,web_form,2025-01-05 16:52:50,أخرى,إيجابي
C107752,المبلغ الإجمالي 49 ريال. موظف خدمة العملاء كان غير متعاون وأغــــلق المكالمة,email,2025-01-05 18:37:15,خدمة_عملاء,سلبي
C348298,السلْامُ عليكم طلبت حذاء ريِاضي يوم الخميس جددوا ليْ الاَشّتراك بدون ما أوافق وسحبوْا 499 ريال,payment_portal,2025-01-05 21:47:57,فوترة,سلبي
C722570,مرحبا الطلبية وصلت ناقصة، هي المرة الخامسة بتصير هيك طالب شاحن يوم السبت ما رح اتعامل معكن بعد اليوم,delivery_app,2025-01-06 00:54:20,توصيل,سلبي
C944816,طلبت مكنسة كهربائية يوم الاثنين كود التحقق ما يوصلني ما عاد أتعامل معكم,delivery_app,2025-01-06 05:32:00,توصيل,سلبي
C128163, طلبت مكنسة كهربائية يوم الاثنين كود التحقق ما يوصلني ما عاد أتعامل معكم ,delivery_app,2025-01-06 05:54:00,توصيل,سلبي
C358848,بعت رسايل كتير ومحدش بيرد، الحساب كله 320 جنيه دي المرة الرابعة يحصل كده مش هتعامل معاكم تاني,call_center,2025-01-06 06:26:46,خدمة_عملاء,سلبي
C227036,عندي مشكلة من أمس ومحد حلها، كلمتكم يوم الأربعاء عن نظارة شمسية,web_form,2025-01-06 08:16:01,أخرى,سلبي
C394996,مرحباً، تواصلت معكم يوم الجمعة بخصوص ساعة ذكية. كيف أغيّر طريقة الدفع المسجلة في حسابي؟,payment_portal,2025-01-06 11:45:58,فوترة,محايد
C877916,عاــــيز أمسح الأكونت بتاعي خالص، طالب خلاط يوم الأحد,web_form,2025-01-06 12:21:12,أخرى,سلبي
C178231,مرحبا هي المرة الرابعة بتصير هيك لسا المشكلة متل ما هي ما رح اتعامل معكن بعد اليوم,mobile_app,2025-01-06 12:22:15,تقني,سلبي
C569019,لو سّمحتم، الموقع بطيء جداً وتظَهر رَساَلة خطأ عنّد الدفع، طلَبِت حذاُء رياَضي يِوم السبت. هذهْ اْلمرة الْثانية الّتي يحدث فيها ذّلك.,mobile_app,2025-01-06 14:04:45,تقني,سلبي
C178556,يا جماعة حكيتكن يوم الجمعة عن لابتوب هي المرة الثانية بتصير هيك الفاتورة هالمرة كتير غالية وما حدا شرحلي ليش,payment_portal,2025-01-06 16:52:33,فوترة,سلبي
C719885,السلام عليكم كلمتكم يوم الخميس عن ألعاب أطفال الخدمة واجد سيئة رقمي 0528939046,delivery_app,2025-01-06 19:38:24,توصيل,سلبي
C950013,ازيكم الكوبون مااشتغلش والفلوس اتسحبت كاملة، رقم الأوردر #37692,payment_portal,2025-01-07 09:27:29,فوترة,سلبي
C362777,يا جماعةُ هِي المرة الّثالثَة بتصير هيك طلُبيتيَ #88686 متأخرة 4 أيُام ولسا ما وِصلت,delivery_app,2025-01-07 17:43:01,توصيل,سلبي
C749487,رقم الطلب #22647. لم يتم حل المشكلة حتى الآن,mobile_app,2025-01-07 18:43:18,تقني,سلبي
C148204,مرحباً، ما هي ساعات عمل خدمة العملاء؟ طلبت حقيبة يوم الثلاثاء.,call_center,2025-01-08 00:35:05,خدمة_عملاء,محايد
C752125,السلام عليكم، كيف أغيّر رقم الجوال المرتبط بالحساب؟ المبلغ الإجمالي 99 ريال.,mobile_app,2025-01-08 07:18:46,تقني,محايد
C473542,الغرض وصلني مكسور، المبلغ 320 رـيال رقم الطلب #94051,delivery_app,2025-01-08 12:30:59,توصيل,سلبي
C898902,الفاتورة المرة دي غالية جداً ومش فاهم ليه، كلمتكم يوم الاثنين عن كرسي مكتب دي المرة الخامسة يحصل كده,payment_portal,2025-01-08 12:55:59,فوترة,سلبي
C967519,ازيكم تجربة زفت بصراحة بجد حاجة تضايق!,mobile_app,2025-01-08 21:00:25,تقني,سلبي
C526419,من ساعة التحديث الجديد والأبلكيشن واقع، وأيضاً بقالي 4 أيام مستني فلوسي ترجع ومفيش حاجة مش هتعامل معاكم تاني,mobile_app,2025-01-09 09:07:07,تقني,سلبي
C217993,لدي مشكلة منذ أمس ولم يحلها أحد، هذه المرة الثالثة التي يحدث فيها ذلك.,delivery_app,2025-01-09 19:32:56,توصيل,سلبي
C206566,لو سمحتم، طلبت عطر يوم الخميس. وصل الطلب قبل الموعد والتغليف ممتاز,delivery_app,2025-01-09 20:55:39,توصيل,إيجابي
C584106,المنَدوب مّا اتصلْ فيني ورجّّع الطلبَية، طالبَ قهوَة يوم الِثّلاثاء رقم اَلطلب #48293 بدي حِل بسرعة,delivery_app,2025-01-10 05:21:08,توصيل,سلبي
C957677,مرحباً، طَلبت استرّجاع اُلّمبلغ منّذ 4 أيام ولمُ يصُلني شيء حتى الآنُ، وْأيضْاً كل موظّف يعطيني معلوّمة مختلفة عنِ الآخر، رُقُم الطلب #82629. طلبت شِاحن يّوم اْلسبت. أرجو الحل بأسرع وُقت.,payment_portal,2025-01-10 07:14:25,فوترة,سلبي
C346387,مرحباً، تواصلت معكم يوم الثلاثاء بخصوص لابتوب. طلبت خلاط يوم الخميس. كيف أفعّل التحقق بخطوتين؟,mobile_app,2025-01-10 10:41:05,تقني,محايد
C746136,لو سمحت الحساب كله 499 جنيه الموظف كان أسلوبه وحش وقفل السكة في وشي,call_center,2025-01-10 11:15:56,خدمة_عملاء,سلبي
C571340,صرلي 7 أيام ناطر يرجعولي المصاري وما في شي، حكيتكن يوم السبت عن شاحن ما رح اتعامل معكن بعد اليوم,payment_portal,2025-01-10 17:14:40,فوترة,سلبي
C494003,صرلي 7 أيام ناطر يرجعولي المصاري وما في شي، حكيتكن يوم السبت عن شاحن ما رح اتعامل معكن بعد اليوم,payment_portal,2025-01-10 17:14:40,فوترة,سلبي
C117117,مرحباً، تجربتي معكم كانت مخيبة للآمال، المبلغ الإجمالي 49 ريال. هذا غير مقبول إطلاقاً!,payment_portal,2025-01-10 18:43:07,فوترة,سلبي
C972753,يا جماعة الغرض وصل مكسور، طالب قهوة يوم الأربعاء بدي حل بسرعة,delivery_app,2025-01-10 18:52:54,توصيل,سلبي
C625575,الحساب كله 150 جنيه المندوب ماكلمنيش ورجّع الشحنة عايز حل بسرعة,delivery_app,2025-01-11 05:14:49,توصيل,سلبي
C465243,5asamto mni el mablagh marten 3ala nafs el order order #21348,payment_portal,2025-01-11 08:52:33,فوترة,سلبي
C862353,انخصم مني 750 ريال مرتين على نفس الطلب، المبلغ 320 ريال,payment_portal,2025-01-11 12:38:05,فوترة,سلبي
C547093,طلبت استرجاع المبلغ منذ 5 أيام ولم يصلني شيء حتى الآن، المبلغ الإجمالي 250 ريال. أرجو الحل بأسرع وقت.,payment_portal,2025-01-11 13:14:12,فوترة,سلبي
C150401,طلبت استرجاع المبلغ منذ 5 أيام ولم يصلني شيء حتى الآن، المبلغ الإجمالي 250 ريال. أرجو الحل بأسرع وقت..,payment_portal,2025-01-11 14:22:12,فوترة,سلبي
C784059,الطلب وصل ناِقصْ غرِض، وفوقْ هذِاَ اُلتطبْيق يطلعني بّرا كل ما أفْتح الطلبات، كلمتُكمَ يوم الأحد عن طاُبعة اْبي حل بسّرعة,delivery_app,2025-01-11 16:11:56,توصيل,سلبي
C618934,رقم الطلب #90109 جددوا لي الاشتراك بدون ما أوافق وسحبوا 99 ريال,payment_portal,2025-01-11 22:00:01,فوترة,سلبي
C711950,ضليت ناطر ع التلفون ساعة وما حدا رد، المبلغ 150,call_center,2025-01-12 07:42:34,خدمة_عملاء,سلبي
C328681,رقم الأوردر #68707 كلمتكم يوم الأحد عن شاحن الموظف كان أسلوبه وحش وقفل السكة في وشي مش هتعامل معاكم تاني,call_center,2025-01-12 10:09:01,خدمة_عملاء,سلبي
C113566,كلمتكم يوم الأحد عن كتب الطلب وصل ناقص غرض,delivery_app,2025-01-12 11:37:59,توصيل,سلبي
C700519,لو سمحتو الغرض وصل مكسور، المبلغ 250,delivery_app,2025-01-12 18:00:21,توصيل,سلبي
C600421,ما أقدر أسجل دخول والباسوورد صحيح، هذي المرة الثانية يصير كذا المبلغ 499 ريال,mobile_app,2025-01-12 18:37:47,تقني,سلبي
C414545,تواصلت معكم يوم الأربعاء بخصوص عطر. كيف أتتبع الشحنة رقم #73204؟,delivery_app,2025-01-12 20:49:09,توصيل,محايد
C830661,ما عم يزبط معي سجل دخول مع إنو كلمة السر صح، هي المرة الثالثة بتصير هيك,mobile_app,2025-01-13 08:55:23,تقني,سلبي
C734065,يا جماعة بقالي 13 أيام مستني فلوسي ترجع ومفيش حاجة، كلمتكم يوم الاثنين عن ساعة ذكية مش هتعامل معاكم تاني,payment_portal,2025-01-13 09:02:28,فوترة,سلبي
C892222,الــتطبيق يطلعني برا كل ما أفتح الطلبات، وفوق هذا الغرض وصلني مكسور، طلبت كتب يوم الثلاثاء كلمتكم يوم الأربعاء عن سماعات والله شي يقهر!,mobile_app,2025-01-13 12:40:03,تقني,سلبي
C903195,تواصلت معكم يوم السبت بخصوص شاحن. رقم الطلب #42535. أريد التحدث مع مسؤول بخصوص طلبي,call_center,2025-01-13 19:58:55,خدمة_عملاء,سلبي
C572011,هلا كلمتكم يوم الثلاثاء عن كرسي مكتب طلبت ألعاب أطفال يوم الجمعة تجربة ما تنعاد ما عاد أتعامل معكم,mobile_app,2025-01-13 22:07:50,تقني,سلبي
C647968,السلام عليكم، كيف أغيّر طريقة الدفع المسجلة في حسابي؟ تواصلت معكم يوم الأحد بخصوص مكنسة كهربائية.,payment_portal,2025-01-14 05:25:20,فوترة,محايد
C236512,مرحباً، تواصلت معكم يوم الثلاثاء بخصوص ثلاجة. المندوب كان محترماً ودقيقاً في الموعد,delivery_app,2025-01-14 08:47:11,توصيل,إيجابي
C160393,يا جماعة كود التفعيل مش بيوصل خالص، كلمتكم يوم الجمعة عن ثلاجة,mobile_app,2025-01-14 12:49:11,تقني,سلبي
C171888,يا جماعة كود التفعيل مش بيوصل خالص، كلمتكم يوم الجمعة عن ثلاجة,mobile_app,2025-01-14 12:49:11,تقني,سلبي
C845908,ازيكم فضلت مستني على التليفون ساعة ومحدش رد، الحساب كله 320 جنيه,delivery_app,2025-01-14 17:37:35,توصيل,سلبي
C484599,مرحباً، هذه المرة الثانية التي يحدث فيها ذلك. هل تتوفر خدمة التوصيل في نفس اليوم؟,delivery_app,2025-01-15 00:43:08,توصيل,محايد
C145890,انخصم مني 320 ريال مرتين على نفس الطلب، هذي المرة الخامسة يصير كذا,payment_portal,2025-01-15 09:18:14,فوترة,سلبي
C721689,مرحباً، كيف أقدّم شكوى رسمية؟ هذه المرة الرابـعة التي يحدث فيها ذلك. المبلغ الإجمالي 250 ريال.,call_center,2025-01-15 13:58:10,خدمة_عملاء,محايد
C339835,هل يمكن الحصول على فاتورة ضريبية للطلب #69714؟ رقم الطلب #37395. https://example.com/orders/71716,payment_portal,2025-01-15 22:51:48,فوترة,محايد
C869588,لو سمحت الحاجة وصلت مكسورة، طالب ثلاجة يوم الاثنين كلمتكم يوم الأحد عن حذاء رياضي,delivery_app,2025-01-16 00:38:48,توصيل,سلبي
C103290,تواصلت معكم يوم السبت بخصوص ألعاب أطفال. الفاتورة واضحة ومفصلة، عمل ممتاز,payment_portal,2025-01-16 01:04:23,فوترة,إيجابي
C894279,المندوب ما اتصل ورجع الطلب، المبلغ 320 ريال ابي حل بسرعة,delivery_app,2025-01-16 04:25:01,توصيل,سلبي
C797540,مرحباً، المبلغ الإجمالي 499 ريال. هل يمكن الحصول على فاتورة ضريبية للطلب #47206؟,payment_portal,2025-01-16 06:43:19,فوترة,محايد
C192325,لُو سمحتم، رقم الطلب #27249. هذه المرة الرابعة التي يحِدُثّ فَيها ذّلك. هل يمكن الحصول على فاتورة ضريبية للطلب #27508؟,payment_portal,2025-01-16 07:10:32,فوترة,محايد
C834432,يا جماعة بدي احكي مع حدا مسؤول، رقم الطلب #38046 ما رح اتعامل معكن بعد اليوم,call_center,2025-01-16 09:41:06,خدمة_عملاء,سلبي
C247555,يا جماعة صرلي 13 أيام ناطر يرجعولي المصاري وما في شي، طالب كتب يوم الأحد بدي حل بسرعة,payment_portal,2025-01-16 10:51:54,فوترة,سلبي
C215293,هل تتوفر خدمة التوصيل في نفس اليوم؟ طلبت طابعة يوم الأربعاء. هذه المرة الخامسة التي يحدث فيها ذلك.,delivery_app,2025-01-16 12:29:15,توصيل,محايد
C874023,هل تتوفر خدمة التوصيل في نفس اليوم؟ طلبت طابعة يوم الأربعاء. هذه المرة الخامسة التي يحدث فيها ذلك.,delivery_app,2025-01-16 12:29:15,توصيل,محايد
C204212,الفاتورة هالمرة كتير غالية وما حدا شرحلي ليش، هي المرة الرابعة بتصير هيك حكيتكن يوم الأحد عن كتب والله شي بيقهر!,payment_portal,2025-01-16 12:45:08,فوترة,سلبي
C810534,مرحباً، المبلغ الإجمالي 150 ريال. طلبت شاشة يوم الاثنين. المندوب كان محترماً ودقيقاً في الموعد,delivery_app,2025-01-16 13:53:36,توصيل,إيجابي
C253526,كيف أفعّل التحقق بخطوتين؟ تواصلت معكم يوم الثلاثاء بخصوص كتب.,mobile_app,2025-01-16 14:16:31,تقني,محايد
C762160,السلام عليكم، المندوب كان محترماً ودقيقاً في الموعد، هذه المرة الرابعة التي يحدث فيها ذلك.,delivery_app,2025-01-16 23:09:20,توصيل,إيجابي
C864187,متى يتم إصدار الفاتورة الَشهْرية؟ المبّلغِ الإجمُاليْ 320 رَيال.,payment_portal,2025-01-17 00:28:07,فوترة,محايد
C733499,تواصلت معكم يوم الأحد بخصوص سماعات. التحديث الجديد ممتاز والتطبيق صار أسرع,mobile_app,2025-01-17 08:00:45,تقني,إيجابي
C628102,تواصلت معكم يوم الأحد بخصوص سماعات. التحديث الجديد ممتاز والتطبيق صار أسرع,mobile_app,2025-01-17 08:00:45,تقني,إيجابي
C997926, تواصلت معكم يوم الأحد بخصوص سماعات. التحديث الجديد ممتاز والتطبيق صار أسرع ,mobile_app,2025-01-17 08:24:45,تقني,إيجابي
C997483,يا جماعة فضلت مستني على التليفون ساعة ومحدش رد، دي المرة الثالثة يحصل كده,call_center,2025-01-17 11:39:26,خدمة_عملاء,سلبي
C699452,مرحبا رمز التحقق ما عم يوصلني، حكيتكن يوم الأحد عن ساعة ذكية طالب شاحن يوم الثلاثاء بدي حل بسرعة,mobile_app,2025-01-17 15:02:48,تقني,سلبي
C709281,يا جماعة الغرض وصلني مكسور، هذي المرة الثالثة يصير كذا ما عاد أتعامل معكم,call_center,2025-01-17 15:36:39,خدمة_عملاء,سلبي
C993434,رقم الأوردر #98705 لسه المشكلة زي ما هي عايز حل بسرعة,payment_portal,2025-01-17 21:00:41,فوترة,سلبي
C945235,يا جماعة كلمتكم يوم الخميس عن عطر رقم الطلب #39218 الطلب وصل ناقص غرض والله شي يقهر!,delivery_app,2025-01-17 21:30:28,توصيل,سلبي
C619407,يا جماعة الطلب وصل ناقص غرض، هذي المرة الرابعة يصير كذا رقم الطلب #38861 ابي حل بسرعة,delivery_app,2025-01-17 22:56:49,توصيل,سلبي
C164699,المبلغ 499 الموظف كان أسلوبو مش منيح وسكّر الخط,call_center,2025-01-17 23:15:27,خدمة_عملاء,سلبي
C872513,بقالي 3 أيام مستني فلوسي ترجع ومفيش حاجة بجد حاجة تضايق!,payment_portal,2025-01-18 05:05:53,فوترة,سلبي
C854922,مش عارف أعمل لوجين والباسورد صح، الحساب كله 49 جنيه كلمتكم يوم الخميس عن شاحن,mobile_app,2025-01-18 09:38:46,تقني,سلبي
C460336,السلام عليكم، هل يمكن الحصول على فاتورة ضريبية للطلب #54695؟,payment_portal,2025-01-18 10:03:37,فوترة,محايد
C191609,السلام عليكم أبي أكلم مسؤول لو سمحتوا، كلمتكم يوم الاثنين عن ألعاب أطفال ابي حل بسرعة,mobile_app,2025-01-18 14:44:46,تقني,سلبي
C891619,رقم الطلب #97241. شكراً على سرعة الرد والتعامل الراقي,call_center,2025-01-18 16:18:40,خدمة_عملاء,إيجابي
C956727,كيف أغيّر رقم الجوال المرتبط بالحساب؟ تواصلت معكم يوم السبت بخصوص مكنسة كهربائية. هذه المرة الثالثة التي يحدث فيها ذلك.,mobile_app,2025-01-18 17:41:44,تقني,محايد
C486007,مرحباً، شكراً على سرعة الرد والتعامل الراقي، المبلغ الإجمالي 199 ريال. هذه المرة الثالثة التي يحدث فيها ذلك.,call_center,2025-01-19 03:23:56,خدمة_عملاء,إيجابي
C230025,المبلغ 499 صرلي 8 أيام ناطر يرجعولي المصاري وما في شي والله شي بيقهر!,payment_portal,2025-01-19 03:27:08,فوترة,سلبي
C400939,طالب طابعة يوم الأربعاء التطبيق عم يسكّر لحالو كل شوي ما رح اتعامل معكن بعد اليوم,mobile_app,2025-01-19 05:53:07,تقني,سلبي
C893881,ضليت ناطر ع التلفون ساعة وما حدا رد، طالب طابعة يوم الجمعة رقم الطلب #19082,call_center,2025-01-19 05:59:52,خدمة_عملاء,سلبي
C433197,السلام عليكم، هذه المرة الثانية التي يحدث فيها ذلك. رقم الطلب #95891. التحديث اــــلجديد ممتاز والتطبيق صار أسرع,mobile_app,2025-01-19 07:35:50,تقني,إيجابي
C403352,اْلتحديثّ الجديد ممتاز والتطُبيق صار أسُرع، هذه اْلمرة الرابعة التيِ يحدث فيها ذلك.,mobile_app,2025-01-19 11:22:34,تقني,إيجابي
C977191,الفاتورة هالمرة كتير غالية وما حدا شرحلي ليش، المبلغ 49 طالب خلاط يوم السبت ما رح اتعامل معكن بعد اليوم,payment_portal,2025-01-19 16:39:52,فوترة,سلبي
C599941,هلا كلمتكم يوم الثلاثاء عن مكنسة كهربائية المندوب ما اتصل ورجع الطلب ما عاد أتعامل معكم,delivery_app,2025-01-20 05:49:37,توصيل,سلبي
C520999,كل موظف يعطيني معلومة مختلفة عن الآخر,call_center,2025-01-20 06:07:37,خدمة_عملاء,سلبي
C558801,كل موظف يعطيني معلومة مختلفة عن الآخر,call_center,2025-01-20 06:07:37,خدمة_عملاء,سلبي
C948668,دي المرة اَلثْاْلثة يحصّل كده كلمِتكْم يّوم الَثلاثاء عّن حقيّبة فضلْت مستنُي على التليفون ساعة ومحدش ردُ عايز حل بسرعة,call_center,2025-01-20 07:19:00,خدمة_عملاء,سلبي
C767840,لو سمحتم، الفاتورة واضحة ومفصلة، عمل ممتاز، تواصلت معكم يوم الجمعة بخصوص خلاط. هذه المرة الخامسة التي يحدث فيها ذلك.,payment_portal,2025-01-20 07:26:57,فوترة,إيجابي
C273005,هلا انخصم مني 499 ريال مرتين على نفس الطلب، هذي المرة الثالثة يصير كذا والله شي يقهر!,payment_portal,2025-01-20 13:08:53,فوترة,سلبي
C327004,كيف أغيّر طريقة الدـــفع المسجلة في حسابي؟ تواصلت معكم يوم الأربعاء بخصوص خلاط.,payment_portal,2025-01-20 18:48:28,فوترة,محايد
C134035,مّرحبْاً، متى يتم إصدار الفاتورة الشُهريةْ؟ طلبت حقيبة يومَ الأربعاُءُ. رقم الطلب #77723.,payment_portal,2025-01-20 22:29:26,فوترة,محايد
C105376,مّرحبْاً، متى يتم إصدار الفاتورة الشُهريةْ؟ طلبت حقيبة يومَ الأربعاُءُ. رقم الطلب #77723.,payment_portal,2025-01-20 22:29:26,فوترة,محايد
C662372,مكتوب إن الأوردر اتسُلم وأنا ماستلمتُش حُاجة مش هتعامل مّعِاكم تانيْ,web_form,2025-01-21 14:39:02,أخرى,سلبي
C475266,...,call_center,2025-01-22 15:50:19,خدمة_عملاء,سلبي
C293304,اتخصم مني 250 جنــــيه مرتين على نفس الأوردر، كلمتكم يوم الاثنين عن سماعات,payment_portal,2025-01-22 22:32:31,فوترة,سلبي
C666569,رقم الطلب #48488. طلبت استرجاع المبلغ منذ 13 أيام ولم يصلني شيء حتى الآن رقمي 0539837391,payment_portal,2025-01-23 00:48:03,فوترة,سلبي
C857093,رقم الطلب #43986 كلمتكم يوم الاثنين عن خلاط الطلب وصل ناقص غرض,delivery_app,2025-01-23 06:59:17,توصيل,سلبي
C765847,كلمتكم يوم الأحد عن جوال مكتوب إن الأوردر اتسلم وأنا ماستلمتش حاجة,mobile_app,2025-01-23 16:33:51,تقني,سلبي
C592573,يا جماعة المندوب ما اتصل فيـــني ورجّع الطلبية، رقم الطلب #48819 هي المرة الرابعة بتصير هيك,delivery_app,2025-01-23 21:05:11,توصيل,سلبي
C107199,المبلغ الإجمالي 199 ريال. هل يدعم التطبيق الأجهزة القديمة؟,mobile_app,2025-01-23 23:28:27,تقني,محايد
C503711,السلام عليكم كود التحقق ما يوصلني، طلبت ساعة ذكية يوم الثلاثاء والله شي يقهر!,mobile_app,2025-01-24 06:44:03,تقني,سلبي
C286886,الخدمة وحشة جداً، كلمتكم يوم الثلاثاء عن طابعة عايز حل بسرعة,payment_portal,2025-01-24 13:20:26,فوترة,سلبي
C383553,هذه المرة الثالثة التي يحدث فيها ذلك. رقم الطلب #45044. أين يقع مقركم الرئيسي؟,web_form,2025-01-24 18:01:22,أخرى,محايد
C452661,السلام عليكم، طلبت سماعات يوم الأربعاء. تواصلت معكم يوم الجمعة بخصوص كرسي مكتب. كيف أفعّل التحقق بخطوتين؟,mobile_app,2025-01-25 11:30:33,تقني,محايد
C315919,مرحبا المبلغ 250 حكيتكن يوم الاثنين عن ثلاجة صرلي 7 أيام ناطر يرجعولي المصاري وما في شي، وأيضاً الموظف كان أسلوبو مش منيح وسكّر الخط,payment_portal,2025-01-25 12:22:12,فوترة,سلبي
C110851,مرحباً، رقم الطلب #68485. هل تتوفر خدمة التوصيل في نفس اليوم؟,delivery_app,2025-01-25 17:22:54,توصيل,محايد
C429855,طلبيتي #26434 متأخرة 8 أيام ولسا ما وصلت، طالب حقيبة يوم الأربعاء,delivery_app,2025-01-25 18:57:45,توصيل,سلبي
C726892,هي المرة الخامسة بتصير هيك جددولي الاشتراك بدون ما اطلب وانسحب المبلغ ما رح اتعامل معكن بعد اليوم,payment_portal,2025-01-25 19:57:39,فوترة,سلبي
C693578,الفاتورة هالشهر واجد غالية وما أدري ليش، طلبت عطر يوم الأربعاء رقم الطلب #42554,payment_portal,2025-01-25 21:53:48,فوترة,سلبي
C400636,لو سمحتم، الموظفة كانت متعاونة جداً وحلّت مشكلتي، هذه المرة الرابعة التي يحدث فيها ذلك.,call_center,2025-01-26 02:57:38,خدمة_عملاء,إيجابي
C885748,المندوب ماكلمنيش ورجّع الشحنة، كلمتكم يوم الاثنين عن شاحن,delivery_app,2025-01-26 04:32:31,توصيل,سلبي
C530427,السلام عليكم، تواصلت معكم يوم الثلاثاء بخصوص حذاء رياضي. تم تسجيل الطلب كمستلم ولكنه لم يصلني,delivery_app,2025-01-26 05:22:38,توصيل,سلبي
C478016,مرحِبا انسْحب مني 150 مرتَيِن علُى نفُس الطلب، طالب كتب يوْم الجمُعة رقم الطلب #54843 مّا رح اتعاّمل معكنُ بعد اليوم,payment_portal,2025-01-26 17:08:36,فوترة,سلبي
C446439,ازيكم رقم الأوردر #94211 الأوردر #93762 متأخر 13 أيام ولسه ماوصلش، وفوق هذا فضلت مستني على التليفون ساعة ومحدش رد مش هتعامل معاكم تاني,delivery_app,2025-01-27 02:20:50,توصيل,سلبي
C773828,السلام عليكم، الموقع بطيء جداً وتظهر رسالة خطأ عند الدفع سأضطر لإلغاء الاشتراك إن لم تُحل المشكلة.,mobile_app,2025-01-27 08:08:03,تقني,سلبي
C165516,متى يتم إصدار الفاتورة الشهرية؟ هذه المرة الثالثة التي يحدث فيها ذلك. طلبت جوال يوم الثلاثاء. https://example.com/orders/18276,payment_portal,2025-01-27 11:46:25,فوترة,محايد
C380474,هلا المندوب ما اـتصل ورجع الطلب، طلبت ألعاب أطفال يوم الخميس,delivery_app,2025-01-27 12:08:47,توصيل,سلبي
C101857,السلام عليكم الخدمة واجد سيئة,delivery_app,2025-01-27 16:40:47,توصيل,سلبي
C495858,وصل الطلب قبل الموعد والتغليف ممتاز، رقم الطلب #11742. المبلغ الإجمالي 320 ريال. https://example.com/orders/51182,delivery_app,2025-01-27 23:06:58,توصيل,إيجابي
C820999,السلام عليكم، طلبت لابتوب يوم الأربعاء. هل يدعم التطبيق الأجهزة القديمة؟,mobile_app,2025-01-28 00:46:37,تقني,محايد
C471673,اـــلمندوب كان محترماً ودقيقاً في الموعد,delivery_app,2025-01-28 10:54:56,توصيل,إيجابي
C107959,المندوب ما اتصل ورجع الطلب، كلمتكم يوم الاثنين عن نظارة شمسية المبلغ 320 ريال,delivery_app,2025-01-28 12:28:35,توصيل,سلبي
C767701,مرحباً، طلبت نظارة شمسية يوم الاثنين. الخدمة سيئة جداً ولن أتعامل معكم مرة أخرى أرجو الحل بأسرع وقت.,delivery_app,2025-01-28 12:45:26,توصيل,سلبي
C570826,بعد التحديث الجديد التطبيق خربان، رقم الطلب #51325,mobile_app,2025-01-28 14:41:10,تقني,سلبي
C115509,المبلغ 150 ريال طلبت ألعاب أطفال يوم الخميس ما أقدر أسجل دخول والباسوورد صحيح والله شي يقهر! رقمي 0536213529,mobile_app,2025-01-28 14:44:08,تقني,سلبي
C802381,ازيكم كود التفعيل مش بيوصل خالص، وأيضاً بقالي 3 أيام مستني فلوسي ترجع ومفيش حاجة، كلمتكم يوم الاثنين عن شاشة بجد حاجة تضايق!,mobile_app,2025-01-28 20:56:33,تقني,سلبي
C244038,تواصلت معكم يوم الخميس بخصوص نظارة شمسية. طلبت حذاء رـياضي يوم الأربعاء. الفاتورة واضحة ومفصلة، عمل ممتاز,payment_portal,2025-01-28 23:47:39,فوترة,إيجابي
C590476,الأبلكيشن بيقفل لوحده كل شوية، رقم الأوردر #44828 مش هتعامل معاكم تاني,mobile_app,2025-01-29 04:18:14,تقني,سلبي
C955526,السلام عليكم، شكراً لفريق الدعم الفني على حل مشكلة تسجيل الدخول,mobile_app,2025-01-29 09:20:10,تقني,إيجابي
C699507,يا جماعة رقم الأوردر #10706 المندوب ماكلمنيش ورجّع الشــــحنة,delivery_app,2025-01-29 21:25:33,توصيل,سلبي
C901218,الفاتورة هالشهر واجد غالية وما أدري ليش، كلمتكم يوم الجمعة عن ثلاجة المبلغ 150 ريال,payment_portal,2025-01-29 21:27:59,فوترة,سلبي
C277712,المندوب ما اتصل ورجع الطلب، طلبت مكنسة كهربائية يوم السبت المبلغ 499 ريال,delivery_app,2025-01-29 23:21:42,توصيل,سلبي
C635069,مرحباً، المبلغ الإجمالي 49 ريال. متى يتم إصدار الفاتورة الشهرية؟,payment_portal,2025-01-30 00:12:31,فوترة,محايد
C518332,للحين المشكلة ما انحلت، طلبت كتبْ يوم الأربعاء ماَ عاد أتعاِمل معكم,payment_portal,2025-01-30 10:42:39,فوترة,سلبي
C865479,السلام عليكم طلبت شاحن يوم الأربعاء المبلغ 199 ريال كود التحقق ما يوصلني,mobile_app,2025-01-30 11:12:44,تقني,سلبي
C459477,السلام عليكم طلبت شاحن يوم الأربعاء المبلغ 199 ريال كود التحقق ما يوصلني,mobile_app,2025-01-30 11:12:44,تقني,سلبي
C207953,الــــسلام عليكم، وصل الطلب قبل الموعد والتغليف ممتاز,delivery_app,2025-01-30 14:07:11,توصيل,إيجابي
C952310,يا جماعة طالب كرسي مكتب يوم الأربعاء بعتتلكن كذا رسالة وما حدا رد ما رح اتعامل معكن بعد اليوم,call_center,2025-01-30 15:56:23,خدمة_عملاء,سلبي
C850842, يا جماعة طالب كرسي مكتب يوم الأربعاء بعتتلكن كذا رسالة وما حدا رد ما رح اتعامل معكن بعد اليوم ,call_center,2025-01-30 17:06:23,خدمة_عملاء,سلبي
C357358,طلبت سماعات يوم الأربعاء. تم خصم مبلغ 250 ريال من حسابي مرتين لنفس الطلب,payment_portal,2025-01-30 17:30:38,فوترة,سلبي
C965359,كيف أغيّر طريقة الدفع المسجلة في حسابي؟ هذه المرة الثانية التي يحدث فيها ذلك.,payment_portal,2025-01-30 21:11:27,فوترة,محايد
C331757,لو سمحتم، تواصلت معكم يوم الاثنين بخصوص خلاط. هذه المرة الرابعة التي يحدث فيها ذلك. تم خصم مبلغ 250 ريال من حسابي مرتين لنفس الطلب,payment_portal,2025-01-30 22:42:47,فوترة,سلبي
C754348,كيف أتتبع الشحنة رقم #63793؟ هذه المرة الرابعة التي يحدث فيها ذلك.,delivery_app,2025-01-31 00:27:21,توصيل,محايد
C887535,لو سمحتم، لا أستطيع تسجيل الدخول إلى حسابي رغم إدخال كلمة المرور الصحيحة هذا غير مقبول إطلاقاً!,mobile_app,2025-01-31 01:29:58,تقني,سلبي
C942577,تواصلت معكم يوم الأربعاء بخصوص ثلاجة. هل يمكن تغيير عنوان التوصيل للطلب #46025؟,delivery_app,2025-01-31 02:16:51,توصيل,محايد
C381435,الحساب كله 150 جنيه اـلأوردر #60023 متأخر 13 أيام ولسه ماوصلش عايز حل بسرعة,delivery_app,2025-01-31 05:44:09,توصيل,سلبي
C661827,حكيتكن يوم الأربعاء عن ثلاجة المبلغ 199 بعتتلكن كذا رسالة وما حدا رد,call_center,2025-01-31 08:30:00,خدمة_عملاء,سلبي
C248425,لو سمحتم، هل يمكن الحصول على فاتورة ضريبية للطلب #66572؟,payment_portal,2025-01-31 17:28:25,فوترة,محايد
C275236,5asamto mni el mablagh marten 3ala nafs el order order #41510,payment_portal,2025-01-31 19:15:55,فوترة,سلبي
C398486,هي المرة الثالثة بتـصير هيك رمز التحقق ما عم يوصلني,mobile_app,2025-01-31 23:11:27,تقني,سلبي
C408835,لو سمحتو حكيتكن يوم الاثنين عن كتب رمز التحقق ما عم يوصلني,mobile_app,2025-02-01 01:09:38,تقني,سلبي
C151916,مرحباً، تطبيقكم رائع وأتمنى لكم التوفيق، هذه المرة الرابعة التي يحدث فيها ذلك.,payment_portal,2025-02-01 05:26:22,أخرى,إيجابي
C325737,يا جماعة الأبلكيشن بيقفل لوحده كل شوية، الحساب كله 750 جنيه كلمتكم يوم الجمعة عن نظارة شمسية,mobile_app,2025-02-01 09:01:17,تقني,سلبي
C680983,السلام عليكم هذي المرة الثالثة يصير كذا أبي أكلم مسؤول لو سمحتوا ما عاد أتعامل معكم,call_center,2025-02-01 11:57:51,خدمة_عملاء,سلبي
C651692,مرحباً، طلبت حقيبة يوم الثلاثاء. تواصلت معكم يوم السبت بخصوص لابتوب. وصلني الطلب ناقصاً ومنتج واحد مفقود هذا غير مقبــــول إطلاقاً!,delivery_app,2025-02-01 22:49:50,توصيل,سلبي
C154013,مرحباً، طلبت حقيبة يوم الثلاثاء. تواصلت معكم يوم السبت بخصوص لابتوب. وصلني الطلب ناقصاً ومنتج واحد مفقود هذا غير مقبــــول إطلاقاً!,delivery_app,2025-02-01 22:49:50,توصيل,سلبي
C289557,الموظف كان أسلوبه وحش وقفل السكة في وشي، رقم الأوردر #80980 بجد حاجة تضايق!,call_center,2025-02-02 01:05:14,خدمة_عملاء,سلبي
C160797,التحديث الجديد ممتاز والتطبيق صار أسرع، تواصلت معكم يوم السبت بخصوص حقيبة. https://example.com/orders/54388,mobile_app,2025-02-02 01:15:01,تقني,إيجابي
C449762,تجربة ما بتنعاد، هي المرة الثانية بتصير هيك,payment_portal,2025-02-02 02:08:38,فوترة,سلبي
C318743,السلام عليكم للحين المشكلة ما انحلت، هذي المرة الثانية يصير كذا,payment_portal,2025-02-02 03:35:22,فوترة,سلبي
C101468,السلام عليكم للحين المشكلة ما انحلت، هذي المرة الثانية يصير كذا,payment_portal,2025-02-02 03:35:22,فوترة,سلبي
C371756,يا جماعة الأوردر #32253 متأخر 5 أيام ولسه ماوصلش، دي المرة الرابعة يحصل كده طالب شاحن يوم الجمعة,delivery_app,2025-02-02 04:59:46,توصيل,سلبي
C284924,يا جماعة الأوردر #32253 متأخر 5 أيام ولسه ماوصلش ، دي المرة الرابعة يحصل كده طالب شاحن يوم الجمعة,delivery_app,2025-02-02 05:34:46,توصيل,سلبي
C190104,مرحبا طلبيتي #36435 متأخرة 13 أيام ولسا ما وصلت، رقم الطلب #25413 والله شي بيقهر!,delivery_app,2025-02-02 06:18:27,توصيل,سلبي
C816441,مرحبا رقم الطلب #68859 بعتتلكن كذا رسالة وما حدا رد بدي حل بسرعة,call_center,2025-02-02 15:26:32,خدمة_عملاء,سلبي
C543564,لا أستطيع تسجيل الدخول إلى حسابي رغم إدخال كلمة المرور الصحيحة، هذه المرة الخامسة التي يحدث فيها ذلك.,mobile_app,2025-02-02 21:39:48,تقني,سلبي
C408785,طلبت عطر يوم الثلاثاء. كيف أفعّل التحقق بخطوتين؟,mobile_app,2025-02-03 08:45:54,تقني,محايد
C122020,يا جماعة مكتوب إن الأوردر اتسلم وأنا ماستلمتش حاجة عايز حل بسرعة,delivery_app,2025-02-03 09:28:15,توصيل,سلبي
C319823,لو سمحتم، تواصلت معكم يوم الثلاثاء بخصوص شاحن. تم استرجاع المبلغ بسرعة، شكراً لكم,twitter,2025-02-03 11:53:03,فوترة,إيجابي
C835229,تواصلت معكِم يوم الَخميس بخّصوص سماَعاّتَ. المَندوب كاِن محتّرمّاً وّدقيقاً في الموِعدُ,delivery_app,2025-02-03 13:40:33,توصيل,إيجابي
C569473,يا جماعة هي المرة الثالثة بتصير هيك الموظف كان أسلوبو مش منيح وسكّر الخط,call_center,2025-02-03 16:02:37,خدمة_عملاء,سلبي
C293514,يا جماعة طلبيتي #36811 متأخرة 14 أيام ولسا ما وصلت، رقم الطلب #69484,delivery_app,2025-02-04 05:17:46,توصيل,سلبي
C654156,هلا طلبت كتب يوم الاثنين رقم الطلب #35143 الغرض وصلني مكسور ابي حل بسرعة,delivery_app,2025-02-04 07:50:28,توصيل,سلبي
C729204,السلام عليكم، هذه الِمرة الخامْسة الّتُي يحدث فيها ذلك. تواِصلتُ مُعكم يوم اْلَـَــسبت بخصوص خلّاط. هل يوَجد رقم مباشر للتُواصل معْ مشِرف؟,call_center,2025-02-04 09:50:28,خدمة_عملاء,محايد
C969894,السلام عليكم، هل يمكن الحصول على فاتورة ضريبية للطلب #76470؟,payment_portal,2025-02-04 10:11:53,فوترة,محايد
C312384,الفاتورة هالشهر واجد غالية وما أدري ليش والله شي يقهر!,payment_portal,2025-02-04 12:54:28,فوترة,سلبي
C716513,السلام عليكم، وصل الطلب قبل الموـــعد والتغليف ممتاز,delivery_app,2025-02-04 14:53:30,توصيل,إيجابي
C993196,هلا طلبي #79671 متأخر 2 أيام وللحين ما وصل، هذي المرة الثالثة يصير كذا رقم الطلب #34165 ابي حل بسرعة,mobile_app,2025-02-04 17:04:35,تقني,سلبي
C482568,رقم الطلب #15041 الغرض وصلني مكسور ابي حل بسرعة,delivery_app,2025-02-04 23:41:39,توصيل,سلبي
C492413,الحساب كله 750 جنيه الموظف كان أسلوبه وحش وقفل السكة في وشي,call_center,2025-02-05 01:46:03,خدمة_عملاء,سلبي
C701815,هل يدعم التطبيق الأجهزة القديمة؟ المبلغ الإجمالي 250 ريال. رقم الطلب #40211.,mobile_app,2025-02-05 09:13:53,تقني,محايد
C678625,لسه المشكلة زي ما هي، طالب نظارة شمسية يوم الأربعاء دي المرة الثالثة يحصل كده,call_center,2025-02-05 10:49:59,تقني,سلبي
C848106,يا جماعة الموظف كان أسلوبو مش منيح وسكّر الخط، هي المرة الخامسة بتصير هيك بدي حل بسرعة,call_center,2025-02-05 19:08:05,خدمة_عملاء,سلبي
C813459,رقم الطلب #49701. المبلغ الإجمالي 750 ريال. هل يدعم التطبيق الأجهزة القديمة؟,mobile_app,2025-02-06 03:29:04,تقني,محايد
C812343,el app bi2fel lwa7do kol shwaya,mobile_app,2025-02-06 04:47:10,تقني,سلبي
C961224,الحاجة وصلت مكسورة، دي المرة الثانية يحصل كده,delivery_app,2025-02-06 10:28:28,توصيل,سلبي
C990859,المبلغ 750 بدي احكي مع حدا مسؤول,call_center,2025-02-06 21:03:47,فوترة,سلبي
C466341,كيف أغيّر طريقة الدفع المسجلة في حسابي؟ توـــاصلت معكم يوم الخميس بخصوص ثلاجة.,payment_portal,2025-02-07 00:56:26,فوترة,محايد
C275323,كيف أفعّل التحقق بخطوتين؟ طلبت كرسي مكتب يوم الخميس. تواصلت معكم يوم الأحد بخصوص سماعات.,mobile_app,2025-02-07 03:02:23,تقني,محايد
C889530,يا جماعة كلمتكم يوم الخميس عن ساعة ذكية الحساب كله 150 جنيه لسه المشكلة زي ما هي مش هتعامل معاكم تاني,payment_portal,2025-02-07 17:57:23,فوترة,سلبي
C757169,كيف أغيّر طريقة الدفع المسجلة في حسابي؟ تواصلت معكم يوم الثلاثاء بخصوص ساعة ذكية.,payment_portal,2025-02-07 18:20:47,فوترة,محايد
C471349,الموظفة كانت متعاونة جداً وحلّت مشكلتي، رقم الطلب #87218.,call_center,2025-02-08 03:15:50,خدمة_عملاء,إيجابي
C162012,حكيتكن يوم الاثنين عن ثلاجة رقم الطلب #53352 عندي مشكلة من مبارح وما حدا حلّها بدي حل بسرعة,mobile_app,2025-02-08 03:38:34,تقني,سلبي
C427844,يا جماعة طلبت ثلاجة يوم الأحد المبلغ 199 ريال المندوب ما اتصل ورجع الطلب والله شي يقهر!,delivery_app,2025-02-08 03:49:09,توصيل,سلبي
C668361,,web_form,2025-02-08 06:31:30,أخرى,سلبي
C630934,,web_form,2025-02-08 06:31:30,أخرى,سلبي
C779511,يا جماعة طالب قهّوة يوم الأحد عُندِي مشكلة من امبارح وْمحدش حلها عايّز حل بسرعة,payment_portal,2025-02-08 07:04:12,فوترة,سلبي
C497664,السلام عليكم، المبلغ الإجمالي 49 ريال. تواصلت معكم يوم الاثنين بخصوص قهوة. كيف أفعّل التحقق بخطوتين؟,mobile_app,2025-02-08 13:16:08,تقني,محايد
C456711,طالب ثلاجة يوم الاثنين عندي مشكلة من امبارح ومحدش حلها مش هتعامل معاكم تاني رقمي 0526728395,call_center,2025-02-08 13:44:29,خدمة_عملاء,سلبي
C714818,أين يقع مقركم الرئيسي؟ المبلغ الإجمالي 320 ريال.,web_form,2025-02-08 15:04:46,أخرى,محايد
C481165,رقم الأوردر #39829 الموظف كان أسلوبه وحش وقفل السكة في وشي,call_center,2025-02-08 16:25:28,خدمة_عملاء,سلبي
C230583,مرحباً، رقم الطلب #37857. هذه المرة الثالثة التي يحدث فيها ذلك. شكراً لفريق الدعم الفني على حل مشكلة تسجيل الدخول,mobile_app,2025-02-08 19:22:10,تقني,إيجابي
C313390,مرحباً، المبلغ الإجمالي 499 ريال. التحديث الجديد ممتاز والتطبيق صار أسرع,mobile_app,2025-02-08 19:39:00,تقني,إيجابي
C609058,من بعد التحديث الجديد التطبيق ما عم يشتغل، رقم الطلب #55716,mobile_app,2025-02-08 19:58:54,تقني,سلبي
C165078,لو سمحتو رمز التحقق ما عم يوصلني، حكيتكن يوم الأحد عن كرسي مكتب رقم الطلب #83437 ما رح اتعامل معكن بعد اليوم,mobile_app,2025-02-08 20:01:48,تقني,سلبي
C501679,هذي المرة اْلراِبعة يصيَر كذاَ المبلِغ 49 ريالّ أبْي أكلم مِسؤُول لوِ سمحتواَ,call_center,2025-02-08 22:17:27,خدمة_عملاء,سلبي
C206669,هل تتوفر خدمة التوصيل في نفس اليوم؟ رقم الطلب #77136.,delivery_app,2025-02-09 00:24:54,توصيل,محايد
C318450,يا جماعة لسا المشكلة متل ما هي، طالب كتب يوم الخميس,call_center,2025-02-09 03:45:27,خدمة_عملاء,سلبي
C159240,يا جماعة بِدي احكي مع حَدّا مسَؤول، المبلغِ 150 رقم الّطلبَ #29979,call_center,2025-02-09 04:03:27,خدمة_عملاء,سلبي
C139353,لو سمحتو المبلغ 250 طالب مكنسة كهربائية يوم الاثنين رمز التحقق ما عم يوصلني,mobile_app,2025-02-09 12:45:15,تقني,سلبي
C711552,تواصلت معكم يوم الجمعة بخصوص شاحن. رقم الطلب #82055. كيف أفعّل التحقق بخطوتين؟,mobile_app,2025-02-09 16:53:57,تقني,محايد
C275269,الخدمة وحشة جداً، كلمتكم يوم الأحد عن شاشة رقم الأوردر #88878 مش هتعامل معاكم تاني,delivery_app,2025-02-09 17:59:03,توصيل,سلبي
C257032,مرحباً، تم استرجاع المبلغ بسرعة، شكراً لكم، تواصلت معكم يوم الأحد بخصوص نظارة شمسية.,payment_portal,2025-02-10 01:44:14,فوترة,إيجابي
C775610,هلا كلمتكم يوم السبت عن شاشة أبي أكلم مسؤول لو سمحتوا ما عاد أتعامل معكم,delivery_app,2025-02-10 04:27:50,توصيل,سلبي
C667560,يا جماعة رقم الطلب #88610 للحين المشكلة ما انحلت ابي حل بسرعة,call_center,2025-02-10 04:44:51,خدمة_عملاء,سلبي
C531184,مرحبا صرلي 10 أيام ناطر يرجعولي المصاري وما في شي، حكيتكن يوم الجمعة عن مكنسة كهربائية طالب كتب يوم الخميس ما رح اتعامل معكن بعد اليوم,payment_portal,2025-02-10 06:22:16,فوترة,سلبي
C610349,صرلي 6 أيام ناطر يرجعولي المصاري وما في شي، رقم الطلب #25641 هي المرة الثانية بتصير هيك,payment_portal,2025-02-10 08:34:07,فوترة,سلبي
C295217,يا جماعة بقالي 2 أيام مستني فلوسي ترجع ومفيش حاجة، طالب ثلاجة يوم الثلاثاء,payment_portal,2025-02-10 21:42:42,فوترة,سلبي
C729634,مرحباً، رقم الطلب #32751. كيف أتتبع الشحنة رقم #63939؟,delivery_app,2025-02-11 04:04:38,توصيل,محايد
C306585,طلبت كرسي مكتب يوم الثلاثاء. الفاتورة واضحة ومفصلة، عمل ممتاز,delivery_app,2025-02-11 08:21:04,فوترة,إيجابي
C454788,هذي المرة الثانية يصير كذا جددوا لي الاشتراك بدون ما أوافق وسحبوا 750 ريال ما عاد أتعامل معكم,payment_portal,2025-02-11 09:39:55,فوترة,سلبي
C751547,شكرَاً على سرعة اِلرد والتعْاملُ الراقي، رقم الِطلّب #35069.,call_center,2025-02-11 15:47:07,خدمة_عملاء,إيجابي
C719948,السلاّم عليكمَ هّذيَ اُلمرْة الثالّثة يصير كذا أبي أحذفَ حسابي نهائياً واللْه شي يقهر!,web_form,2025-02-11 17:33:03,أخرى,سلبي
C812296,مرحباً، كيف أغيّر رقم الجوال المرتبط بالحساب؟ رقم الطلب #79056. تواصلت مـــعكم يوم الأربعاء بخصوص شاحن.,mobile_app,2025-02-11 19:33:40,تقني,محايد
C624535,الموظف كان أسلوبه مو زين وسكّر بوجهي، طلبت نظارة شمسية يوم الثلاثاء ابي حل بسرعة,call_center,2025-02-11 22:04:46,خدمة_عملاء,سلبي
C204146,رقم الأوردر #85315 الكوبون مااشتغلش والفلوس اتسحبت كاملة,payment_portal,2025-02-12 06:08:07,فوترة,سلبي
C821356,   ,delivery_app,2025-02-12 09:17:16,توصيل,محايد
C415502,عايز أكلم حد مسؤول، دي المرة الخامسة يحصل كده كلمتكم يوم الأحد عن ألعاب أطفال,payment_portal,2025-02-12 09:50:40,فوترة,سلبي
C179055,الأبلكيشن بيقفل لوحده كل شوية، طالب نظارة شمسية يوم الأربعاء مش هتعامل معاكم تاني,mobile_app,2025-02-12 21:54:39,تقني,سلبي
C473725,رقم الطلب #11781. وصل الطلب قبل الموعد والتغليف ممتاز,delivery_app,2025-02-13 01:56:13,توصيل,إيجابي
C780763,يا جماعة جددولي الاشتراك بدون ما اطلب وانسحب المبلغ، طالب ألعاب أطفال يوم الجمعة رقم الطلب #50626 بدي حل بسرعة,payment_portal,2025-02-13 04:51:31,فوترة,سلبي
C614120,كود التفعيل مش بيوــــصل خالص، رقم الأوردر #97969 مش هتعامل معاكم تاني,mobile_app,2025-02-13 06:50:51,تقني,سلبي
C690457,كود التفعيل مش بيوــــصل خالص، رقم الأوردر #97969 مش هتعامل معاكم تاني,mobile_app,2025-02-13 06:50:51,تقني,سلبي
C189180,كلْمتْكِم يوم الِخميس عن عْطر أبي أكلم مسؤول لو سمحتَوا,call_center,2025-02-13 07:00:39,خدمة_عملاء,سلبي
C357753,المِبلغ الْإجماِلي 499 رَياْل. هّل يمكن الُحصوْل عّلى فِاتورة ضرُيبيَة للطلُب #64947؟,call_center,2025-02-13 10:20:54,فوترة,محايد
C900582,جددوا لي الاشتراك بدون ما أوافق وسحبوا 320 ريال، المبلغ 49 ريال ما عاد أتعامل معكم,payment_portal,2025-02-13 22:40:04,فوترة,سلبي
C741367,السلام عليكم الفاتورة هالشهر واجد غالية وما أدري ليش، كلـمتكم يوم الاثنين عن طابعة,payment_portal,2025-02-13 23:14:03,فوترة,سلبي
C621044,ازيكم دي المرة الثانية يِحصُل كدَه طالب خلاط يومُ الجمعة مكتوَب إن الأْوردر اتَسلم وأّنا مُاسَتلُمتش حاجْة,web_form,2025-02-14 02:39:42,تقني,سلبي
C572464,لو سمحتم، كود الخصم لم يُطبَّق على الفاتورة رغم أنه ساري المفعول سأضطر لإلغاء الاشتراك إن لم تُحل المشكلة.,payment_portal,2025-02-14 05:36:05,فوترة,سلبي
C699726,👎,mobile_app,2025-02-14 05:38:04,تقني,سلبي
C761187,الموظف كان أسلوبه مو زين وسكّر بوجهي، المبلغ 250 ريال ما عاد أـتعامل معكم,call_center,2025-02-14 06:25:28,خدمة_عملاء,سلبي
C550682,السلام عليكم للحين المشكلة ما انحلت ما عاد أتعامل معكم,payment_portal,2025-02-14 07:08:59,فوترة,سلبي
C684491,كود التحقق ما يوصلني، هذي المرة الثانية يصير كذا رقم الطلب #28528 والله شي يقهر!,mobile_app,2025-02-14 11:32:10,تقني,سلبي
C222123,هذي المرة الثالثةِ يصّيِر كذا ودي تضيفوْن خيار الدفع عند الَاستِلامِ,web_form,2025-02-14 14:49:34,أخرى,سلبي
C315302,مرحباً، هل تتوفر خــدمة التوصيل في نفس اليوم؟ تواصلت معكم يوم الأحد بخصوص ساعة ذكية. هذه المرة الثالثة التي يحدث فيها ذلك.,delivery_app,2025-02-14 18:45:18,توصيل,محايد
C638656,لو سمحتم، هل يمكن الحصول على فاتورة ضريبية للطلب #92651؟,payment_portal,2025-02-15 04:30:08,فوترة,محايد
C808244,الفاتورة هّالمرة كتيَر غاُلية وما حِدا شرحلي ليش، الْمْبلغّ 150 هيّ المرة الثانَية بّتصير هيُك ما رح اتعامل معُكنِ بّعد اّليوم,payment_portal,2025-02-15 04:35:47,فوترة,سلبي
C846339,مرحباً، شكراً لفريق الدعم الفني على حل مشكلة تسجيل الدخول، طلبت حذاء رياضي يوم السبت.,mobile_app,2025-02-15 09:44:02,تقني,إيجابي
C802591,كلمتكم يوم الخميس عن كرسي مكتب المبلغ 750 ريال أبي أكلم مسؤول لو سمحتوا,mobile_app,2025-02-15 17:15:56,تقني,سلبي
C448306,طلبت شاشة يوم السبت كلمتكم يوم الأربعاء عن كتب بعد التحديث الجديد التطبيق خربان,mobile_app,2025-02-15 21:21:10,تقني,سلبي
C783231,el order mt2a5er 4 ayam w lessa ma wesel,delivery_app,2025-02-16 05:52:37,توصيل,سلبي
C810137,يا جماعة الفاتورة هالمرة كتير غالية وما حدا شرحلي ليش، طالب ثلاجة يوم السبت حكيتكن يوم الاثنين عن ثلاجة,payment_portal,2025-02-16 12:19:33,فوترة,سلبي
C206241,حكيتكن يوم الأحد عن حقيبة رقم الطلب #89359 انسحب مني 99 مرتين على نفس الطلب ما رح اتعامل معكن بعد اليوم,payment_portal,2025-02-16 16:21:49,فوترة,سلبي
C926306,حكيتكن يوم الأحد عن حقيبة رقم الطلب #89359 انسحب مني 99 مرتين على نفس الطلب ما رح اتعامل معكن بعد اليوم,payment_portal,2025-02-16 16:21:49,فوترة,سلبي
C837171,مرحباً، هذه المرة الثانية التي يحدث فيها ذلك. شكراً لفريق الدعم الفني على حل مشكلة تسجيل الدخول,mobile_app,2025-02-16 22:35:52,تقني,إيجابي
C171318,مرحبا طالب ساعة ذكية يوم السبت حكيتكن يوم الأحد عن حذاء رياضي ما عم يزبط معي سجل دخول مع إنو كلمة السر صح والله شي بيقهر!,mobile_app,2025-02-17 03:33:25,تقني,سلبي
C708362,هل يمكن الحصول على فاتورة ضريبية للطلب #29274؟,payment_portal,2025-02-17 07:11:14,فوترة,محايد
C158588,موظف خدمة العملاء كان غير متعاون وأغلق المكالمة، رقم الطلب #67657. هذه المرة الثانية التي يحدث فيها ذلك. هذا غير مقبول إطلاقاً!,call_center,2025-02-17 11:51:03,خدمة_عملاء,سلبي
C675612,يا جماعة حكيتكن يوم الأحد عن سماعات جددولي الاشتراك بدون ما اطلب وانسحب المبلغ,payment_portal,2025-02-17 12:35:55,فوترة,سلبي
C856555,يا جماعة حكيتكن يوم الأحد عن سماعات جددولي الاشتراك بدون ما اطلب وانسحب المبلغ,payment_portal,2025-02-17 12:35:55,فوترة,سلبي
C824048,لو سمحتم، تواصلت معكم يوم الخميس بخصوص كرسي مكتب. كيف أتتبع الشحنة رقم #64088؟,delivery_app,2025-02-17 13:07:52,توصيل,محايد
C599205,ازيكم اتخصم مني 320 جنيه مرتين على نفس الأوردر، دي المرة الخامسة يحصل كده,payment_portal,2025-02-17 19:08:51,فوترة,سلبي
C279198,يا جماعة بعت رسايل كتير ومحدش بيرد، كلمتكم يوم السبت عن شاشة مش هتعامل معاكم تاني,call_center,2025-02-18 01:28:18,خدمة_عملاء,سلبي
C169873,طالب ألعاب أطفال يوم الخميس هي المرة الثالثة بتصير هيك الغرض وصل مكسور بدي حل بسرعة,delivery_app,2025-02-18 05:41:14,توصيل,سلبي
C349417,بقالي 12 أيام مستني فلوسي ترجع ومفيش حاجة، كلمتكم يوم الجمعة عن ثلاجة,payment_portal,2025-02-18 11:29:51,فوترة,سلبي
C986183,تواصلت معكم يوم الثلاثاء بخصوص خلاط. طلبت ألعاب أطفال يوم السبت. كيف أقدّم شكوى رسمية؟,call_center,2025-02-18 13:19:23,خدمة_عملاء,محايد
C264234,تجربة ماِ تنعاد، كُلّمتكِم يوم الْخميس عن كرُسْي مكتبِ هذيِ المرة الثّاِنية يصيَر كذْا,mobile_app,2025-02-18 16:13:45,تقني,سلبي
C446455,أبي أحذف حسابي نهائياً، المبلغ 320 ريال ما عاد أتعامل معكم,web_form,2025-02-19 01:50:42,أخرى,سلبي
C478815,السلام عليكم، تواصلت معكم يوم الاثنين بخصوص كتب. رقم الطلب #44786. الخدمة سيئة جداً ولن أتعامل معكم مرة أخرى,call_center,2025-02-19 05:10:24,خدمة_عملاء,سلبي
C569234,يا جماعة المندوب ما اتصل فيني ورجّع الطلبية، المبلغ 750 رقم الطلب #62266,delivery_app,2025-02-19 05:27:22,توصيل,سلبي
C969788,المبلغ 99 ريال طلبت ثلاجة يوم الثلاثاء الغرض وصلني مكسور ما عاد أتعامل معكم,delivery_app,2025-02-19 06:37:29,توصيل,سلبي
C683562,المبلغ 99 ريال طلبت ثلاجة يوم الثلاثاء الغرض وصلني مكسور ما عاد أتعامل معكم,delivery_app,2025-02-19 06:37:29,توصيل,سلبي
C731460,لو سمحتم، رقم الطلب #49554. وصل الــــطلب قبل الموعد والتغليف ممتاز,delivery_app,2025-02-19 07:38:39,توصيل,إيجابي
C289244,هي المرة الرابعة بتصير هيك الموظف كان أسلوبو مش منيح وسكّر الخط,call_center,2025-02-19 09:22:50,خدمة_عملاء,سلبي
C379427,ازيكم رقم الأوردر #15114 عندي مشكلة من امبارح ومحدش حلها مش هتعامل معاكم تاني رقمي 0568299936,mobile_app,2025-02-19 17:35:03,تقني,سلبي
C138432,دي المرة الخامسة يحصل كده بقالي 2 أيام مستني فلوسي ترجع ومفيش حاجة بجد حاجة تضايق!,payment_portal,2025-02-19 20:00:29,فوترة,سلبي
C411186,يا جماعة الفاتورة هالشهر واجد غالية وما أدري ليش، كلمتكم يوم الثلاثاء عن عطر,mobile_app,2025-02-20 08:31:45,فوترة,سلبي
C887990,يا جماعة من 11 أيام طالب استرجاع فلوسي وللحين ما وصلت، كلمتكم يوم الخميس عن شاشة هذي المرة الرابعة يصير كذا ابي حل بسرعة,payment_portal,2025-02-20 11:11:59,فوترة,سلبي
C494796,يا جماعة كلمتكم يوم الخميس عن طابعة كود التفعيل مش بيوصل خالص,mobile_app,2025-02-20 12:15:38,تقني,سلبي
C793147,لو سمحت الكوبون مااشتغلش والفلوس اتسحبت كاملة، رقم الأوردر #89268 مش هتعامل معاكم تاني,payment_portal,2025-02-20 16:32:05,فوترة,سلبي
C578769,يا جماــــعة بدي احكي مع حدا مسؤول، هي المرة الرابعة بتصير هيك,mobile_app,2025-02-21 04:57:13,تقني,سلبي
C485946,مرحباً، أرسلت عدة رسائل ولم أتلقَّ أي رد سأضطر لإلغاء الاشتراك إن لم تُحل المشكلة.,call_center,2025-02-21 16:00:26,خدمة_عملاء,سلبي
C716661,هذي المرة الثانية يصير كذا ودي تضيفون خيار الدفع عند الاستلام,web_form,2025-02-21 16:35:03,أخرى,سلبي
C730487,أبي أكلم مسؤول لو سمحتوا، المبلغ 199 ريال https://example.com/orders/74326,delivery_app,2025-02-21 21:12:46,توصيل,سلبي
C411808,لو سمحتو الموظف كان أسلوبو مش منيح وسكّر الخط، حكيتكن يوم الخميس عن نظارة شمسية طالب سماعات يوم الثلاثاء,call_center,2025-02-21 21:13:57,خدمة_عملاء,سلبي
C868435,ازيكم تجربة زفت بصراحة,payment_portal,2025-02-22 03:14:06,فوترة,سلبي
C936753,مرحبا رقم الطلب #37203 حكيتكن يوم الثلاثاء عن ساعة ذكية عندي مشكلة من مبارح وما حدا حلّها والله شي بيقهر!,delivery_app,2025-02-22 05:44:58,توصيل,سلبي
C156739,فكرة برنامج النقاط ممتازة,web_form,2025-02-22 11:15:39,أخرى,إيجابي
C525389,مرحباً، هل يوجد رقم مباشر للتواصل مع مشرف؟ رقم الطلب #66588.,call_center,2025-02-22 11:36:13,خدمة_عملاء,محايد
C769403,السلام عليكم، تم تسجيل الطلب كمستلم ولكنه لم يصلني، رقم الطلب #76169. طلبت كرسي مكتب يوم الأحد.,delivery_app,2025-02-22 13:23:21,توصيل,سلبي
C568005,ازيكم الفاتورة المرة دي غالية جداً ومش فاهم ليه، رقم الأوردر #61557 كلمتكم يوم الأحد عن حقيبة مش هتعامل معاكم تاني,payment_portal,2025-02-22 13:54:53,فوترة,سلبي
C628356,هذي المرة الثانية يصير كذا تجربة ما تنعاد ما عاد أتعامل معكم,web_form,2025-02-23 03:08:41,أخرى,سلبي
C196589,المبلغ الإجمالي 99 ريال. كيف أتتبع الشحنة رقم #76613؟,delivery_app,2025-02-23 06:29:33,توصيل,محايد
C643155,تجربة ما بتنعاد، المبلغ 320 والله شي بيقهر!,payment_portal,2025-02-23 06:55:05,فوترة,سلبي
C651995,مَرحباً، الِمّبلغ اِلّإجماَلي 99 ريَال. هلُ يمكنَ الحصول علىّ فاتورة ضرْيبيّة للطلّب #83649؟,payment_portal,2025-02-23 06:55:16,فوترة,محايد
C211437,تجربتي معكم كاُنَت مخيبة للآمال، هذه المرة الخامسة التي يحدث فيها ذلك. طلبت قَهوة يوم الاثنْين.,mobile_app,2025-02-23 07:29:38,تقني,سلبي
C291022,للحين المشكلة ما انحلت، المبلغ 499 ريال,payment_portal,2025-02-23 08:43:32,فوترة,سلبي
C726353,يا جماعة هذي المرة الثالثة يصـير كذا الموظف كان أسلوبه مو زين وسكّر بوجهي ما عاد أتعامل معكم,call_center,2025-02-23 10:09:13,خدمة_عملاء,سلبي
C281945,يا جماْعة هذي الّمرِة الِثَالثة يصـير كذا الِمُوظف كانَ أسلُوبه مو زين وسُكّرّ بوِجَهي ما عاد أتعامل معكم,call_center,2025-02-23 11:39:13,خدمة_عملاء,سلبي
C939509,كلمتكم يوم السبت عن قهوة الحساب كله 750 جنيه الموظف كان أسلوبه وحش وقفل السكة في وشي,call_center,2025-02-23 22:40:18,خدمة_عملاء,سلبي
C866284,مرحباً، هل يمكن تغيير عنوان التوصيل للطلب #21994؟ رقم الطلب #59861. طلبت ساعة ذكية يوم الأربعاء.,delivery_app,2025-02-23 23:20:05,توصيل,محايد
C971746,الطلبية وصلت ناقصة، هي المرة الثانية بتصير هيك رقم الطلب #37842 والله شي بيقهر!,delivery_app,2025-02-24 05:32:15,توصيل,سلبي
C585873,السلّام عليُكم، الموظفة كانْت متّعّاونة جداً وحلّتّ مشِكلتُي، تْواصلُت معكم يوم الاثنُيُن بــــخصوُص جّوال. رِقمَ اّلطلب #37368.,call_center,2025-02-24 05:48:31,خدمة_عملاء,إيجابي
C579209,السلام عليكم، طلبت طابعة يوم الخميس. تواصلت معكم يوم الجمعة بخصوص ثلاجة. كيف أتتبع الشحنة رقم #93685؟,delivery_app,2025-02-24 13:22:03,توصيل,محايد
C363208,تم تسجيل الطلب كمستلم ولكنه لم يصلني، طلبت شاحن يوم الخميس.,delivery_app,2025-02-24 18:00:48,توصيل,سلبي
C242287,el mandoob ma etasal w rage3 el order order #66719,delivery_app,2025-02-24 23:16:37,توصيل,سلبي
C261857,مرحباً، كيف أفَعّل التحقُق بْخطوتين؟ هذِه المرُة الثاَنية التي يحدثِ فيّها ذلك.,mobile_app,2025-02-24 23:18:35,تقني,محايد
C316109,رقم الطلب #42072. كيف أغيّر رقم الجوال المرتبط بالحساب؟,mobile_app,2025-02-25 01:41:40,تقني,محايد
C830759,يا جماعة كلمتكم يوم الاثنين عن جوال من 5 أيام طالب استرجاع فلوسي وللحين ما وصلت، وفوق هذا انتظرت ساعة على الخط ومحد رد ابي حل بسرعة,payment_portal,2025-02-25 03:21:15,فوترة,سلبي
C592951,ازيكم الموظف كان أسلوبه وحش وقفل السكة في وشي، طالب سماعات يوم الأحد الحساب كله 150 جنيه مش هتعامل معاكم تاني,call_center,2025-02-25 06:23:02,خدمة_عملاء,سلبي
C604832,كلمتكم يوم الخميس عن طابعة الكوبون مااشتغلش والفلوس اتسحبت كاملة عايز حل بسرعة,payment_portal,2025-02-25 09:02:57,فوترة,سلبي
C465119,لو سمحتم، هل يوجد رقم مباشر للتواصل مع مشرف؟ هذه المرة الثانية التي يحدث فيها ذلك.,call_center,2025-02-25 09:54:46,خدمة_عملاء,محايد
C715493,كلمتكم يوم الاثنين عن شاحن الخدمة واجد سيئة,payment_portal,2025-02-25 13:10:32,فوترة,سلبي
C607167,لو سمحتم، المبلغ الإجمالي 320 ريال. تواصلت معكم يوم الجمعة بخصوص ثلاجة. بعد التحديث الأخير لم يعد التطبيق يعمل على هاتفي,mobile_app,2025-02-25 13:48:07,تقني,سلبي
C487346,ازيكم بقالي 14 أيام مستني فلوسي ترجع ومفيش حاجة، الحساب كله 250 جنيه دي المرة الخامسة يحصل كده مش هتعامل معاكم تاني,payment_portal,2025-02-25 16:31:29,فوترة,سلبي
C590213,لسه المشكلة زي ما هي، دي المرة الثالثة يحصل كده طالب ثلاجة يوم الاثنين,payment_portal,2025-02-25 19:40:57,فوترة,سلبي
C908195,لو سمحتم، طلبت سماعات يوم الاثنين. تواصلت معكم يوم الجمعة بخصوص خلاط. كيف أغيّر طريقة الدفع المسجلة في حسابي؟,payment_portal,2025-02-25 19:58:07,فوترة,محايد
C493976,من 8 أيام طالب استرجاع فلوسي وللحين ما وصلت، المبلغ 320 ريال والله شي يقهر!,payment_portal,2025-02-25 22:01:54,فوترة,سلبي
C865176,طالب مكنسة كهربائية يوم الأربعاء دي المرة الثالثة يحصل كده تجربة زفت بصراحة مش هتعامل معاكم تاني,mobile_app,2025-02-25 22:48:21,تقني,سلبي
C896579,هلا كود التحقق ما يوصلني، المبلغ 750 ريال والله شي يقهر!,mobile_app,2025-02-26 02:45:30,تقني,سلبي
C968215,ازيكم عُايز أكلم حد مسُؤوَل، الَحْسابَ كلهّ 320 جَنيهّ,mobile_app,2025-02-26 03:34:56,تقني,سلبي
C846395,مرحبا طلبيتي #30514 متأخرة 9 أيام ولسا ما وصلت، حكيتكن يوم السبت عن سماعات طالب طابعة يوم الجمعة,delivery_app,2025-02-26 04:22:01,توصيل,سلبي
C317486,السلام عليكم، تأخر وـصول الطلب رقم #57391 أكثر من 8 أيام عن الموعد المحدد، هذه المرة الخامسة التي يحدث فيها ذلك.,call_center,2025-02-26 10:57:28,خدمة_عملاء,سلبي
C563648,انتظرت على الخط أكثر من ساعة دون أن يرد أحد، وفوق هذا التطبيق يتوقف عن العمل كلما حاولت فتح صفحة الطلبات، طلبت ساعة ذكية يوم الاثنين.,call_center,2025-02-26 18:53:41,خدمة_عملاء,سلبي
C314832,يا جماعة انتظرت ساعة على الخط ومحد رد، المبلغ 150 ريال,call_center,2025-02-26 19:16:36,خدمة_عملاء,سلبي
C608641,هي المرة الخامسة بتصير هيك صرلي 8 أيام ناطر يرجعولي المصاري وما في شي,payment_portal,2025-02-26 19:26:18,فوترة,سلبي
C594366,المندوب ما اتصل ورجع الطلب، رقم الطلب #22411,delivery_app,2025-02-27 20:53:23,توصيل,سلبي
C683625,المندوب ما اتصل ورجع الطلب ، رقم الطلب #22411,delivery_app,2025-02-27 20:56:23,توصيل,سلبي
C657070,السلام عليكم رقم الطلب #27878 الموظف كان أسلوبه مو زين وسكّر بوجهي,call_center,2025-02-27 21:01:41,خدمة_عملاء,سلبي
C378529,طلبت خلاط يوم الجمعة جددوا لي الاشتراك بدون ما أوافق وسحبوا 750 ريال,email,2025-02-28 00:16:10,فوترة,سلبي
C835136,لو سمحتم، لدي مشكلة منذ أمس ولم يحلها أحد، طلبت لابتوب يوم الثلاثاء.,mobile_app,2025-02-28 00:36:49,تقني,سلبي
C585980,حكيتكن يوم اَلأحد عن شاحّن الفاتورّة هاْلمرة كتير غالية وما حدا شرحلي لُيِشُ,payment_portal,2025-02-28 08:02:44,فوترة,سلبي
C580731,كيف أتتبع الشحنة رقم #44217؟ تواصلت معكم يوم السبت بخصوص ثلاجة.,whatsapp,2025-02-28 08:59:12,توصيل,محايد
C182945,السلام عليكم، شكراً لفريق الدعم الفني على حل مشكلة تسجيل الدخول، المبلغ الإجمالي 49 ريال.,mobile_app,2025-02-28 09:17:35,تقني,إيجابي
C349214,يْا جمْاعة تجربة مَاِ بتنعادّ، رقم الطلب #93967 والله شي بيقهر!,payment_portal,2025-02-28 11:15:42,فوترة,سلبي
C390960,السلام عليكم أبي أكلم مسؤول لو سمحتوا، هذي المرة الرابعة يصير كذا,payment_portal,2025-02-28 20:04:01,فوترة,سلبي
C984024,لو سمحتم، المبلغ الإجمالي 320 ريال. رقم الطلب #86200. كيف أغيّر طريقة الدفع المسجلة في حسابي؟,payment_portal,2025-02-28 21:29:23,فوترة,محايد
C979260,السلام عليكم، ما هي ساعات عمل خدمة العملاء؟,web_form,2025-02-28 23:53:28,خدمة_عملاء,محايد
C782047,شكراً على سرعة الرد والتعاــمل الراقي,call_center,2025-03-01 04:20:16,خدمة_عملاء,إيجابي
C301918,ازيكم كلمتكم يوم الأربعاء عن مكنسة كهربائية تجربة زفت بصراحة,payment_portal,2025-03-01 05:07:10,فوترة,سلبي
C198233,مرحباً، هل يمكن الحصول على فاتورة ضريبية للطلب #55597؟ رقم الطلب #94667.,payment_portal,2025-03-01 10:28:32,فوترة,محايد
C432177,مرحباً، شكراً على سرعة الرد والتعامل الراقي، تواصلت معكم يوم الخميس بخصوص نظارة شمسية. هذه المرة الخامسة التي يحدث فيها ذلك. https://example.com/orders/58924,call_center,2025-03-01 19:03:12,خدمة_عملاء,إيجابي
C747151,لو سمحتو لسا المشكلة متل ما هي، طــالب مكنسة كهربائية يوم الجمعة والله شي بيقهر!,call_center,2025-03-02 01:00:12,خدمة_عملاء,سلبي
C989518,رقم الطلب #89744 المبلغ 99 ريال الغرض وصلني مكسور,delivery_app,2025-03-02 18:01:25,توصيل,سلبي
C593626,السلام عليكم، كيف أفعّل التحقق بخطوتين؟ طلبت خلاط يوم الجمعة. تواصلت معكم يوم السبت بخصوص مكنسة كهربائية.,mobile_app,2025-03-02 20:26:52,تقني,محايد
C925610,يا جماعة الكوبون ماـاشتغلش والفلوس اتسحبت كاملة، دي المرة الرابعة يحصل كده عايز حل بسرعة,payment_portal,2025-03-03 01:42:12,فوترة,سلبي
C818406,هل يوجد رقم مباشر للتواصل مع مشرف؟ المبلغ الإجمالي 99 ريال. رقم الطلب #17922.,call_center,2025-03-03 11:17:43,خدمة_عملاء,محايد
C800897,يا جماعة هي المرة الرابعة بتصير هيك المندوب ما اتصل فيني ورجّع الطلبية ما رح اتعامل معكن بعد اليوم,delivery_app,2025-03-03 12:01:52,توصيل,سلبي
C722019,لو ســمحتو رمز التحقق ما عم يوصلني، المبلغ 150,mobile_app,2025-03-03 21:47:38,تقني,سلبي
C410851,انخصم مني 750 ريال مرتين على نفس الطلب، طلبت حذاء رياضي يوم اـلخميس رقم الطلب #58647,payment_portal,2025-03-03 22:09:40,فوترة,سلبي
C893475,يا جماعةُ الخدمة وحشة جْداً، كلمُتكم يّوم الأرَبُعاءّ عنَ كتب عايز حل بسَرِعة,mobile_app,2025-03-04 07:09:28,تقني,سلبي
C993032,طالب عطر يوم الثلاثاء المبلغ 750 لسا المشكلة متل ما هي,delivery_app,2025-03-04 08:14:04,توصيل,سلبي
C243733,السلام عليكم، كيف أغيّر طريقة الدفع المسجلة في حسابي؟ رقم الطلب #69168.,payment_portal,2025-03-04 09:21:19,فوترة,محايد
C812802,يا جماعة رقم الطلب #98013 انخصم مني 150 ريال مرتين على نفس الطلب,payment_portal,2025-03-04 10:04:10,فوترة,سلبي
C618966,مرحباً، تم تجديد الاشتراك تلقائياً دون موافقتي وخصم 199 ريال,payment_portal,2025-03-04 11:19:45,فوترة,سلبي
C268165,مرحباً، هل يمكن تغيير عنوان التوصيل للطلب #82045؟,delivery_app,2025-03-04 16:17:18,توصيل,محايد
C901240,وصل الطلب قبل الموعد والتغليف ممتاز، هذه المرة الثالثة التي يحدث فيها ذلك.,delivery_app,2025-03-04 20:05:37,توصيل,إيجابي
C629698,المندوب لم يتصل بي وأعاد الشحنة، رقم الطلب #69601. المبلغ الإجمالي 199 ريال. سأضطر لإلغاء الاشتراك إن لم تُحل المشكلة.,delivery_app,2025-03-04 20:56:50,توصيل,سلبي
C777143, المندوب لم يتصل بي وأعاد الشحنة، رقم الطلب #69601. المبلغ الإجمالي 199 ريال. سأضطر لإلغاء الاشتراك إن لم تُحل المشكلة. ,delivery_app,2025-03-04 23:06:50,توصيل,سلبي
C545837,من 2 أيام طالب استرجاع فلوسي وللحين ما وصلت، طلبت جوال يوم الثلاثاء ابي حل بسرعة,payment_portal,2025-03-05 00:30:19,فوترة,سلبي
C179125,عايز أمسح الأكونت بتاعي خالص، رقم الأوردر #41803 عايز حل بسرعة,call_center,2025-03-05 08:31:37,خدمة_عملاء,سلبي
C878190,مرحباً، طلبت ألعاب أطفال يوم الاثنين. تم استرجاع المبلغ بسرعة، شكراً لكم,payment_portal,2025-03-05 08:52:03,فوترة,إيجابي
C375431,مرحباً، الفاتورة الأخيرة أعلى بكثير من المعتاد دون أي توضيح، المبلغ الإجمالي 250 ريال.,payment_portal,2025-03-05 19:16:17,فوترة,سلبي
C777841,هلا عنَدي مشكُلَةُ من أمَس ومحد حلها، هذي المرة الّثاَنيْة يصيّر كذا,delivery_app,2025-03-06 06:26:49,توصيل,سلبي
C514510,طالب خلاط يوم الثلاثاء دي المرة الثالثة يحصل كده الأبلكيشن بيقفل لوحده كل شوية,mobile_app,2025-03-06 08:35:33,تقني,سلبي
C263700,طلبت مكنسة كَهربائية يوم الأربعْاء. كيف أقدّم شكَوى رسمُية؟,call_center,2025-03-06 17:40:16,خدمة_عملاء,محايد
C722082,المبلغ الإجمالي 750 ريال. كيف أغيّر رقم الجوال المرتبط بالحساب؟,mobile_app,2025-03-06 18:32:00,تقني,محايد
C142307,السلامِ عليكم هذي اْلمرة الْخامسّة يصيّر كذا للحين المشكلة ما انّحلت واُلّله شي يقهرُ!,mobile_app,2025-03-06 19:58:06,تقني,سلبي
C536206,كود الخصم لم يُطبَّق على الفاتورة رغم أنه ساري المفعول، هذه المرة الثانية التي يحدث فيها ذلك.,payment_portal,2025-03-06 20:47:13,فوترة,سلبي
C599464,الطلب وصل ناقص غرض، المبلغ 750 ريال رقم الطلب #96418 ابي حل بسرعة,delivery_app,2025-03-06 21:29:19,توصيل,سلبي
C556854,جددولي الاشتراك بدون ما اطلب وانسحب المبلغ والله شي بيقهر!,payment_portal,2025-03-06 22:27:14,فوترة,سلبي
C163954,يا جماعة عندي مشكلة من أمس ومحد حلها، المبلغ 499 ريال ابي حل بسرعة,payment_portal,2025-03-07 05:43:56,فوترة,سلبي
C180123,بعت رسايل كتيرَ ومحدُش بيرد، رقِم الأوردر #88708 بجدِ حاَجةُ تضِايق! https://example.com/orders/47083,delivery_app,2025-03-07 06:34:54,توصيل,سلبي
C296263,لو سمحتم، تواصلت معكم يوم الأربعاء بخصوص طابعة. هل يدعم التطبيق الأجهزة القديمة؟ رقمي 0544333093,mobile_app,2025-03-07 11:47:09,تقني,محايد
C824975,لو سمحت دي المرة الثانية يحصل كده عايز أكلم حد مسؤول عايز حل بسرعة,delivery_app,2025-03-07 21:02:26,توصيل,سلبي
C616471,لو سمحتو عندي مشكلة من مبارح وما حدا حلّها، طالب عطر يوم الثلاثاء,delivery_app,2025-03-07 22:01:20,توصيل,سلبي
C953107,هذي المرة الثالثة يصير كذا من 4 أيام طالب استرجاع فلوسي وللحين ما وصلت ابي حل بسرعة,payment_portal,2025-03-07 22:07:21,فوترة,سلبي
C597784,هذي المرة الثالثة يصير كذا من 4 أيام طالب استرجاع فلوسي وللحين ما وصلت ابي حل بسرعة,payment_portal,2025-03-07 22:07:21,فوترة,سلبي
C456166,السلام عليكم هذي المرة الثانية يصير كذا طلبت ساعة ذكية يوم الجمعة ما أقدر أسجل دخول والباسوورد صحيح,mobile_app,2025-03-07 23:19:49,تقني,سلبي
C645519,لو سمحتم، تم تسجيل الطلب كمستلم ولكنه لم يصلني، تواصلت معكم يوم الجمعة بخصوص سماعات.,delivery_app,2025-03-08 01:58:48,توصيل,سلبي
C565763,يا جماعة انخصم مني 320 ريال مرتُين على نّفس الطلب، طلبت سُماعات يّوم الاثنيْنْ ما عاد أتعامل معكمَ رقميِ 0554267512,payment_portal,2025-03-08 02:07:39,فوترة,سلبي
C436066,مرحباً، كيف أغيّر طريقة الـدفع المسجلة في حسابي؟ المبلغ الإجمالي 199 ريال.,payment_portal,2025-03-08 03:38:56,فوترة,محايد
C523508,السلام عليكم الطلب وصل ناقص غرض، المبلغ 49 ريال كلمتكم يوم الاثنين عن شاشة ما عاد أتعامل معكم,delivery_app,2025-03-08 05:00:09,توصيل,سلبي
C664249,كلمتكم يوم الثلاثاء عن ثلاجة راسلتكم أكثر من مرة ومحد رد علي,call_center,2025-03-08 05:07:35,خدمة_عملاء,سلبي
C761988,يا جماعة بدي احكي مع حدا مسؤول، حكيتكن يوم الثلاثاء عن ثلاجة بدي حل بسرعة,call_center,2025-03-08 05:29:48,خدمة_عملاء,سلبي
C808687,يا جماعة بدي احكي مع حدا مسؤول، حكيتكن يوم الثلاثاء عن ثلاجة بدي حل بسرعة,call_center,2025-03-08 05:29:48,خدمة_عملاء,سلبي
C693547,انخصم مني 320 ريال مرتين على نفس الطلب، هذي المرة الرابعة يصير كذا ما عاد أتعامل معكم,payment_portal,2025-03-08 08:51:15,فوترة,سلبي
C889800,انخصم مني 320 ريال مرتين على نفس الطلب، هذي المرة الرابعة يصير كذا ما عاد أتعامل معكم؟,payment_portal,2025-03-08 10:23:15,فوترة,سلبي
C945633,ازيكم رقم الأورـــدر #15128 طالب كتب يوم الاثنين المندوب ماكلمنيش ورجّع الشحنة,delivery_app,2025-03-08 18:04:31,توصيل,سلبي
C157764,يا جماعة كلمتكم يوم الاثنين عن ساعة ذكية مش عارف أعمل لوجين والباسورد صح عايز حل بسرعة,mobile_app,2025-03-08 19:03:10,تقني,سلبي
C582686,لو سمحتو بدي احكي مع حدا مسؤول، رقم الطلب #38718 هي المرة الخامسة بتصير هيك بدي حل بسرعة,payment_portal,2025-03-08 21:29:51,فوترة,سلبي
C368266,هلا كلمتكم يوم الخميس عن طابعة جددوا لي الاشتراك بدون ما أوافق وسحبوا 150 ريال,payment_portal,2025-03-08 23:55:19,فوترة,سلبي
C287631,السلام عليكم انخصم مني 199 ريال مرتين على نفس الطلب، رقم الطلب #19794 ما عاد أتعامل معكم,payment_portal,2025-03-09 02:26:23,فوترة,سلبي
C216850,الخدمة سيئة جداً ولن أتعامل معكم مرة أخرى، المبلغ الإجمالي 150 ريال.,delivery_app,2025-03-09 03:38:19,توصيل,سلبي
C901721, السلام عليكم انخصم مني 199 ريال مرتين على نفس الطلب، رقم الطلب #19794 ما عاد أتعامل معكم ,payment_portal,2025-03-09 05:21:23,فوترة,سلبي
C547896,هلا للحين المشكلة ما انحلت، رقم الطلب #68449 المبلغ 320 ريال,payment_portal,2025-03-09 07:53:02,فوترة,سلبي
C741537,السلام عليكم المبلغ 320 ريال هذي المرة الثالثة يصير كذا من 12 أيام طالب استرجاع فلوسي وللحين ما وصلت والله شي يقهر!,delivery_app,2025-03-09 09:12:28,توصيل,سلبي
C927339,تم استرجاع المبلغ بسرعة، شكراً لكم، طلبت مكـنسة كهربائية يوم السبت.,payment_portal,2025-03-09 11:18:08,فوترة,إيجابي
C231622,الفاتورة واضحة ومفصلة، عمل ممتاز، طلبت شاشة يوم الأحد.,payment_portal,2025-03-09 20:47:43,فوترة,إيجابي
C803489,كلمتكم يوم الخميس عن عطر طلبت جوال يوم الأحد التطبيق يطلعني برا كل ما أفتح الطلبات والله شي يقهر!,mobile_app,2025-03-10 05:30:41,تقني,سلبي
C388461,طلبت سماعات يوم الأحد. رقم الطلب #41198. وصل الطلب قبل الموعد والتغليف ممتاز,delivery_app,2025-03-10 07:26:28,توصيل,إيجابي
C275134,لو سمحتم، كيف أفعّل التحقق بخطوتين؟ طلبت لابتوب يوم الاثنين. تواصلت معكم يوم السبت بخصوص خلاط.,mobile_app,2025-03-10 16:24:23,تقني,محايد
C589855,الخدمة واجد سيئة، كلمتكم يوم الأربعاء عن شاحن والله شي يقهر!,call_center,2025-03-10 18:50:45,خدمة_عملاء,سلبي
C209440,هذه المرة الرابعة التي يحدث فيها ذلك. رقم الطلب #95020. تم تسجيل الطلب كمستلم ولكنه لم يصلني سأضطر لإلغاء الاشتراك إن لم تُحل المشكلة.,delivery_app,2025-03-11 08:06:47,توصيل,سلبي
C691553,السلام عليكم ما أقدر أسجل دخول والباسوورد صحيح، المبلغ 250 ريال ما عاد أتعامل معكم,mobile_app,2025-03-11 08:17:50,تقني,سلبي
C516942,السلام عليكم طلبت مكنسة كهربائية يوم الجمعة انخصم مني 150 ريال مرتين على نفس الطلب ابي حل بسرعة,payment_portal,2025-03-11 08:23:37,فوترة,سلبي
C382812,رقم الأوردر #50380 من ساعة التحديث الجـــديد والأبلكيشن واقع عايز حل بسرعة,mobile_app,2025-03-11 15:21:15,تقني,سلبي
C526851,شكراً لفريق الدعم الفني على حل مشكلة تسجيل الدخول، طلبت ألعاب أطفال يوم السبت.,mobile_app,2025-03-12 03:30:28,تقني,إيجابي
C932968,المبلغ 150 هي المرة الخامسة بتصير هيك الطلبية وصلت ناقصة والله شي بيقهر!,delivery_app,2025-03-12 03:59:18,توصيل,سلبي
C316678,رقم الطلب #58473 المبلغ 250 ريال ما أقدر أسجل دخول والباسوورد صحيح,whatsapp,2025-03-12 05:52:18,تقني,سلبي
C379668,رقم الطلب #58473 المبلغ 250 ريال ما أقدر أسجل دخول والباسوورد صحيح,whatsapp,2025-03-12 05:52:18,تقني,سلبي
C165998,هلا طلبت سماعات يوم الاثنين الخدمة واجد سيئة,web_form,2025-03-12 06:09:21,أخرى,سلبي
C445251,...,delivery_app,2025-03-12 09:07:56,توصيل,محايد
C219409,كيف أقدّم شكوى رسمية؟ هذه المرة الثانية اـــلتي يحدث فيها ذلك.,call_center,2025-03-12 10:26:22,خدمة_عملاء,محايد
C463255,لو سمحتم، ما هي ساعات عمل خدمة العملاء؟ رقمي 0539699812,call_center,2025-03-12 12:28:23,خدمة_عملاء,محايد
C891005,يا جماعة الغرض وصِلني مْكسورْ، رقم الطلب #34380 واللهِ شي يقهر!,delivery_app,2025-03-12 17:08:57,توصيل,سلبي
C615127,كود التفعيل مش بيوصل خالص، دي اـــلمرة الثالثة يحصل كده عايز حل بسرعة,mobile_app,2025-03-13 11:14:38,تقني,سلبي
C156103,هي المرة الثالثة بتصير هيك رقم الطلب #71567 الموظف كان أسلوبو مش منيح وسكّر الخط,call_center,2025-03-13 11:37:39,خدمة_عملاء,سلبي
C753458,لو سمحتم، تواصلت معكم يوم الجمعة بخصوص نظارة شمسية. لا أستطيع تسجيل الدخول إلى حسابي رغم إدخال كلمة المرور الصحيحة,mobile_app,2025-03-13 17:53:32,تقني,سلبي
C974116,مرحباً، هل يمكن تغيير عنوان التوصيل للطلب #21125؟ طلبت طابعة يوم الخميس. هذه المرة الثانية التي يحدث فيها ذلك.,delivery_app,2025-03-13 22:58:06,توصيل,محايد
C120593,السلام عليكم الغرض وصلني مكسور، طلبت قهوة يوم الاثنين والله شي يقهر!,delivery_app,2025-03-13 23:05:20,توصيل,سلبي
C124307,من ساعة التحديث الجديد والأبلكيشن واقع، دي المرة الرابعة يحصل كده مش هتعامل معاكم تاني,payment_portal,2025-03-14 01:05:22,تقني,سلبي
C875297,تم استرجاع المبلغ بسرعة، شكراً لكم، المبلغ الإجمالي 150 ريال. تواصلت معكم يوم الاثنين بخصوص لابتوب.,payment_portal,2025-03-14 05:57:47,فوترة,إيجابي
C774976,الْسلام عليكم، الموظفة كاُنت متعاونة جّداً وحلّت مشكلْتّي,call_center,2025-03-14 06:40:40,خدمة_عملاء,إيجابي
C562006,هلا عندي مشكلة من أمس ومحد حلها، طلبت مكنسة كهربائية يوم الثلاثاء هذي المرة الخامسة يصير كذا ما عاد أتعامل معكم,call_center,2025-03-14 07:58:16,خدمة_عملاء,سلبي
C870840,التطبيق يتوقف عن العمل كلما حاولت فتح صفحة الطلبات، طلبت حذاء رياضي يوم السبت. هذه المرة الثالثة التي يحدث فيها ذلك. هذا غير مقبول إطلاقاً!,mobile_app,2025-03-14 10:14:17,تقني,سلبي
C561588,يا جماعة تجربة زفت بصراحة، كلمتكم يوم الجمعة عن حقيبة,payment_portal,2025-03-14 12:28:05,فوترة,سلبي
C556648,تم استرجاع المبلغ بسرعة، شكراً لكم، تواصلت معكم يوم الأربعاء بخصوص مكنسة كهربائية.,payment_portal,2025-03-14 13:09:17,فوترة,إيجابي
C255023,السلام عليكم عندي مشكلة من أمس ومحد حلها، كلمتكم يوم الجمعة عن ألعاب أطفال,call_center,2025-03-14 14:14:21,خدمة_عملاء,سلبي
C410179,يا جماعة دي المرة الخامسة يحصل كده عايز أمسح الأكونت بتاعي خالص مش هتعامل معاكم تاني,web_form,2025-03-14 21:30:42,أخرى,سلبي
C774716,التحديث الجديد ممتاز والتطبيق صار أسرع، هذه المرة الثانية التي يحدث فيها ذلك.,mobile_app,2025-03-14 22:24:58,تقني,إيجابي
C574204,الغرض وصلني مكسور، وكمان الموظف كان أسلوبه مو زين وسكّر بوجهي، المبلغ 750 ريال,delivery_app,2025-03-15 06:18:15,توصيل,سلبي
C206637,لو سمحتم، بعد التحديث الأخير لم يعد التطبيق يعمل على هاتفي، طلبت ألعاب أطفال يوم الأربعاء. هذا غير مقبول إطلاقاً!,mobile_app,2025-03-15 06:59:37,تقني,سلبي
C323319,هلا أبي أحذف حسابي نهائياً، كلمتكم يوم الاثنين عن مكنسة كهربائية,web_form,2025-03-15 07:33:17,أخرى,سلبي
C406364,كلمتكم يوم الثلاثاء عن كرسي مكتب طلبت ألعاب أطفال يوم الأحد تجربة ما تنعاد ما عاد أتعامل معكم,mobile_app,2025-03-15 09:07:36,تقني,سلبي
C769319,يا جماعة أبي أحذف حسابي نهائياً، وفوق هذا انخصم مني 320 ريال مرتين على نفس الطلب، هذي المرة الثانية يصير كذا ما عاد أتعامل معكم,web_form,2025-03-15 10:44:10,أخرى,سلبي
C687399,طالب حقيبة يوم الاثنين فضلت مستني على التليفون ساعة ومحدش رد عايز حل بسرعة,call_center,2025-03-15 13:24:22,خدمة_عملاء,سلبي
C103162,مرحبا الغرض وصل مكسور، طالب مكنسة كهربائية يوم الأربعاء,delivery_app,2025-03-16 01:43:04,توصيل,سلبي
C731459,من 8 أيام طالب استرجاع فلوسي وللحين ما وصلت، المبلغ 49 ريال ابي حل بسرعة,payment_portal,2025-03-16 02:46:51,فوترة,سلبي
C697354,مرحباً، تأخر وصول الطلب رقم #13041 أكثر من 6 أيام عن الموعد المحدد، وفوق هذا الفاتورة الأخيرة أعلى بكثير من المعتاد دون أي توضيح، المبلغ الإجمالي 250 ريال. تواصلت معكم يوم السبت بخصوص مكنسة كهربائية.,delivery_app,2025-03-16 07:47:46,توصيل,سلبي
C238113,هل تتوفر خدمة التوصيل في نفس اليوم؟ طلبت عطر يوم الاثنين.,delivery_app,2025-03-16 08:20:54,توصيل,محايد
C229699,كلمتكم يوم الخميس عن سماعات دي المرة الرابعة يحصل كده مكتوب إن الأوردر اتسلم وأنا ماستلمتش حاجة مش هتعامل معاكم تاني,delivery_app,2025-03-16 15:16:40,توصيل,سلبي
C367209,السلام عليكم، المبلغ الإجمالي 199 ريال. موظف خدمة العملاء كان غير متعاون وأغلق المكالمة هذا غير مـــقبول إطلاقاً!,call_center,2025-03-16 22:39:16,خدمة_عملاء,سلبي
C137979,مرحباً، رقم الطلب #62020. تواصلت معكم يوم الجمعة بخصوص جوال. هل يمكن تغيير عنوان التوصيل للطلب #43055؟,delivery_app,2025-03-17 01:16:37,توصيل,محايد
C860850,هلا هذي المرة الخامسة يصير كذا رقم الطلب #92683 انخصم مني 320 ريال مرتين على نفس الطلب,payment_portal,2025-03-17 07:12:26,فوترة,سلبي
C512573,لو سمحتم، رقم الطلب #40277. هذه المرة الرابعة التي يحدث فيها ذلك. المندوب لم يتصل بي وأعاد الشحنة,delivery_app,2025-03-17 10:08:13,توصيل,سلبي
C299174,هل يمكن تَغيير عنوان التوصيُل للطلب #13989؟ طلْبت شاَشة يوم الجمعةُ.,delivery_app,2025-03-17 10:42:34,توصيل,محايد
C790185,ازيكم طالب شاشة يوم الخميس الأبلكيشن بيقفل لوحده كل شوية,call_center,2025-03-17 14:12:16,خدمة_عملاء,سلبي
C176087,هي المرة الثالثة بتصير هيك حكيتكن يوم الجمعة عن ألعاب أــطفال صرلي 8 أيام ناطر يرجعولي المصاري وما في شي ما رح اتعامل معكن بعد اليوم,payment_portal,2025-03-17 14:41:31,فوترة,سلبي
C193916,لو سمحتم، رقم الطلب #55586. هل يمكن الحصول على فاتورة ضريبية للطلب #81114؟,payment_portal,2025-03-17 16:16:51,فوترة,محايد
C517597,لو سمحتم، تواصلت معكم يوم الجمعة بخصوص لابتوب. المبلغ الإجمالي 750 ريال. الفاتورة الأخيرة أعلى بكثير من المعتاد دون أي توضيح,payment_portal,2025-03-17 22:49:08,فوترة,سلبي
C807048,السلام عليكم المبلغ 250 ريال بعد التحديث الجديد التطبيق خربان,mobile_app,2025-03-18 04:39:44,تقني,سلبي
C807145,لو سمحتم، لا أستطيع تسجيل الدخول إلى حسابي رغم إدخال كلمة المرور الصحيحة، المبلغ الإجمالي 499 ريال. أرجو الحل بأسرع وقت.,mobile_app,2025-03-18 04:53:14,تقني,سلبي
C870826,لو سمحتم، لا أستطيع تسجيل الدخول إلى حسابي رغم إدخال كلمة المرور الصحيحة، المبلغ الإجمالي 499 ريال. أرجو الحل بأسرع وقت.,mobile_app,2025-03-18 04:53:14,تقني,سلبي
C471482,طالب كتب يوم الجمعة كود التفعيل مش بيوصل خالص,mobile_app,2025-03-18 05:29:45,تقني,سلبي
C390913,اّلسلَام علُيكم، المُبلغ الإَجمالي 320 ريّال. التطبيق يَتوقف عن العّمل كلما حاولت فتح صّفحة الطلبات,mobile_app,2025-03-18 05:34:36,تقني,سلبي
C753995,هل يمكن تغيير عنوان التوصيل للطلب #80399؟ طلبت مكنسة كهربائية يوم السبت.,delivery_app,2025-03-18 07:24:57,توصيل,محايد
C194262,مرحباً، رقم الطلب #62659. متى يتم إصدار الفاتورة الشهرية؟,payment_portal,2025-03-18 10:38:11,فوترة,محايد
C206578,السلام عليكم طلبت مكنسة كهربائية يوم الجمعة المبلغ 750 ريال المندوب ما اتصل ورجع الطلب,delivery_app,2025-03-18 16:09:11,توصيل,سلبي
C641858,مكتوب إن الأوردر اتسلم وأنا ماستلمتش حاجة، الحساب كله 250 جنيه بجد حاجة تضايق!,delivery_app,2025-03-18 19:48:40,توصيل,سلبي
C456403,ازيكم الكوبون مااشتغلش والفلوس اتسحبت كاملة، الحساب كله 99 جنيه,payment_portal,2025-03-18 20:59:49,فوترة,سلبي
C195895,تجربة ما تنعاد، كلمتكم يوم الخميس عن قهوة ما عاد أتعامل معكم,web_form,2025-03-18 23:08:59,أخرى,سلبي
C692686,يا جماعة هذي المرة الرابعة يصير كذا المبلغ 250 ريال الموظف كان أسلوبه مو زين وسكّر بوجهي ابي حل بسرعة,call_center,2025-03-19 00:14:44,خدمة_عملاء,سلبي
C604756, تجربة ما تنعاد، كلمتكم يوم الخميس عن قهوة ما عاد أتعامل معكم ,web_form,2025-03-19 01:38:59,أخرى,سلبي
C292382,هذه المرة الثانية التي يحدث فيها ذلك. كيف أغيّر رقم الجوال المرتبط بالحساب؟,mobile_app,2025-03-19 07:44:06,تقني,محايد
C705030,لو سمحتم، هل يمكن الحصول على فاتورة ضريبية للطلب #93404؟ طلبت خلاط يوم الثلاثاء. المبلغ الإجمالي 99 ريال.,payment_portal,2025-03-19 09:48:37,فوترة,محايد
C343510,تجربة زفت بصراحة، كلمتكم يوم الأحد عن ألعاب أطفال طالب قهوة يوم السبت بجد حاجة تضايق!,call_center,2025-03-19 13:00:16,خدمة_عملاء,سلبي
C952344,كيف أغيّر رقم الجوال المرتبط بالحساب؟ المبلغ الإجمالي 320 ريال. هذه المرة الرابعة التي يحدث فيها ذلك.,mobile_app,2025-03-19 14:34:22,تقني,محايد
C496973,كل موظف يعطيني معلومة مختلفة عن الآخر، المبلغ الإجمالي 750 ريال.,call_center,2025-03-19 16:33:15,خدمة_عملاء,سلبي
C949657,الغــرض وصل مكسور، رقم الطلب #31621 المبلغ 750,delivery_app,2025-03-20 14:49:08,توصيل,سلبي
C557967,كيف أفعّلَ الُتحقق بخطوِتينِ؟ طلبُتْ خْلاط يْوم الجمعة.,mobile_app,2025-03-20 17:18:22,تقني,محايد
C994175,طالب عطر يوم الجمعة هي المرة الثالثة بتصير هيك التطبيق عم يسكّر لحالو كل شوي,mobile_app,2025-03-21 01:03:25,تقني,سلبي
C443919,ازيكم كلمتكم يوم الأربعاء عن ثلاجة مش عارف أــعمل لوجين والباسورد صح بجد حاجة تضايق!,mobile_app,2025-03-21 01:10:01,تقني,سلبي
C197646,السلام عليكم بعد التحديث الجديد الْتطبيقْ خرْبان، وَكمان انتظرت ساعةَ على الخط ومحد رد، رّقم الُطلب #82386 المبلغ 499 رْيال ما عاد أتعامِل معكم,mobile_app,2025-03-21 03:19:58,تقني,سلبي
C296782,السلام عليكم بعد التحديث الجديد الْتطبيقْ خرْبان، وَكمان انتظرت ساعةَ على الخط ومحد رد، رّقم الُطلب #82386 المبلغ 499 رْيال ما عاد أتعامِل معكم,mobile_app,2025-03-21 03:19:58,تقني,سلبي
C443758,هلّ يمْكن تغيير عنواْن التوصيْل للطلب #93186؟,delivery_app,2025-03-21 12:14:11,توصيل,محايد
C859664,؟؟؟,payment_portal,2025-03-21 13:29:54,فوترة,سلبي
C204659,لو سمحتم، هل يوجد رقم مباشر للتواصل مع مشرف؟ المبلغ الإجمالي 750 ريال.,call_center,2025-03-21 17:13:04,خدمة_عملاء,محايد
C468789,لو سمحتم، هل يوجد رقم مباشر للتواصل مع مشرف؟ المبلغ الإجمالي 750 ريال؟,call_center,2025-03-21 19:14:04,خدمة_عملاء,محايد
C703814,يا جماعة تجربة ما بتنعاد، رقم الطلب #99538,payment_portal,2025-03-22 00:26:53,فوترة,سلبي
C819689,السلام عليكم كلمتكم يوم الجمعة عن مكنسة كهربائية الطلب وصل ناقص غرض,delivery_app,2025-03-22 03:52:56,توصيل,سلبي
C116912,طلبت نظارة شمسية يوم الخميس التطبيق يطلعني برا كل ما أفتح الطلبات والله شي يقهر!,mobile_app,2025-03-22 06:31:52,تقني,سلبي
C607345,طلبي #46035 متأخر 14 أيام وللحين ما وصل والله شي يقهر!,delivery_app,2025-03-22 08:38:38,توصيل,سلبي
C551075,رقم الطلب #18957 للحين المشكلة ما انحلت والله شي يقهر! رقمي 0540148399,payment_portal,2025-03-22 10:50:41,فوترة,سلبي
C107519,👎,delivery_app,2025-03-22 12:53:07,توصيل,سلبي
C807334,لدي مشكلة منذ أمس ولم يحلها أحد، تواصلت مـــعكم يوم السبت بخصوص جوال.,payment_portal,2025-03-22 16:02:30,فوترة,سلبي
C933287,لو سمحتم، التحديث الجديد ممتاز والتطبيق صار أسرع، تواصلت معكم يوم الجمعة بخصوص قهوة. هذه المرة الثالثة التي يحدث فيها ذلك.,mobile_app,2025-03-22 20:39:47,تقني,إيجابي
C828484,يا جماعة طالب سماعات يوم السبت الحساب كله 499 جنيه تجربة زفت بصراحة بجد حاجة تضايق!,call_center,2025-03-23 01:40:38,خدمة_عملاء,سلبي
C331082,يا جماعة طالب سماعات يوم السبت الحساب كله 499 جنيه تجربة زفت بصراحة بجد حاجة تضايق!,call_center,2025-03-23 01:40:38,خدمة_عملاء,سلبي
C645259,هلا كلمتكم يوم الأحد عن كرسي مكتب ما أقدر أسجل دخول والباسوورد صحيح,mobile_app,2025-03-23 02:19:26,تقني,سلبي
C263869,رقم الطلب #52996. التحديث الجديد ممتاز والتطبيق صار أسرع,mobile_app,2025-03-23 02:46:23,تقني,إيجابي
C240104,السلام عليكم، هذه المرة الثانية التي يحدث فيها ذلك. المبلغ الإجمالي 750 ريال. كيف أفعّل التحقق بخطوتين؟,mobile_app,2025-03-23 03:31:22,تقني,محايد
C156805,لو سمحت عايز أكلم حد مسؤول، دي المرة الخامسة يحصل كده,mobile_app,2025-03-23 04:24:55,تقني,سلبي
C143430,لو سمحتو طالب جوال يوم الثلاثاء لسا المشكلة متل ما هي,payment_portal,2025-03-23 09:50:45,فوترة,سلبي
C564788,المبلغ 499 طالب خلاط يوم السبت ما عم يزبط معي سجل دخول مع إنو كلمة السر صح بدي حل بسرعة,call_center,2025-03-23 20:18:21,تقني,سلبي
C265705,لو سمحتو رقم اِلطلب #92154 هي المرة الثانية بتصـــير هِيك الفاتورةِ هالمرة كِتيرُ غالية وماّ حُدُا شُرحلي لّيش https://example.com/orders/37887,payment_portal,2025-03-24 03:13:35,فوترة,سلبي
C566811,يا جماعة التطبيق يطلعني برا كل ما أفتح الطلبات، طلبت لابتوب يوم الثلاثاء,mobile_app,2025-03-24 03:32:35,تقني,سلبي
C760279,هلا بعد التحديث الجديد التطبيق خربان، وأيضاً انتظرت ساعة على الخط ومحد رد، المبلغ 320 ريال رقم الطلب #96899 ابي حل بسرعة,mobile_app,2025-03-24 05:41:58,تقني,سلبي
C836567,لو سمحتم، الفاتورة واضحة ومفصلة، عمل ممتاز، المبلغ الإجمالي 499 ريال. رقم الطلب #71583.,payment_portal,2025-03-24 07:41:01,فوترة,إيجابي
C106214,ازيكم كود التفعيل مش بيوصل خالص عاـــيز حل بسرعة,mobile_app,2025-03-24 17:04:42,تقني,سلبي
C344332,أحتاج مساعدة عاجلة من فضلكم، المبلغ الإجمالي 49 ريال. تواصلت معكم يوم الاثنين بخصوص سماعات.,web_form,2025-03-24 20:59:19,أخرى,سلبي
C697252,الكوبون مااشتغلش والفلوس اتسحبت كاملة,payment_portal,2025-03-24 23:25:44,فوترة,سلبي
C695739,الكوبون مااشتغلش والفلوس اتسحبت كاملة,payment_portal,2025-03-24 23:25:44,فوترة,سلبي
C625778,هلا رقم الطلب #35446 الطلب وصل ناقص غرض,delivery_app,2025-03-25 01:01:17,توصيل,سلبي
C554642,مرحباً، أريد التحدث مع مسؤول بخصوص طلبي، تواصلت معكم يوم الجمعة بخصوص ثلاجة. أرجو الحل بأسرع وقت.,mobile_app,2025-03-25 03:51:11,تقني,سلبي
C557191,هلا الطلب وصل ناقص غرض، المبلغ 250 ريال ابي حل بسرعة,delivery_app,2025-03-25 07:50:31,توصيل,سلبي
C917303,كيف أتتبع الشحنة رقم #43247؟ هذه المرة الخامسة التي يحدث فيها ذلك.,delivery_app,2025-03-25 10:12:58,توصيل,محايد
C602431,لو سمحتو جددولي الاشتراك بدون ما اطلب وانسحب المبلغ، رقم الطلب #93813 ما رح اتعامل معكن بعد اليوم,payment_portal,2025-03-25 10:34:22,فوترة,سلبي
C445398,يا جماعة رقم الطلب #88157 طلبت ثلاجة يوم الخميس الخدمة واجد سيئة,delivery_app,2025-03-25 11:46:03,توصيل,سلبي
C920750,يا جماعة عايز أكلم حد مسؤول,delivery_app,2025-03-25 14:24:08,توصيل,سلبي
C317186,كيف أتتبع الشحنة رقم #24035؟,delivery_app,2025-03-25 16:58:39,توصيل,محايد
C930159,كيف أتتبع الشحنة رقم #24035؟,delivery_app,2025-03-25 16:58:39,توصيل,محايد
C560732,el mandoob ma etasal w rage3 el order order #97644,delivery_app,2025-03-25 17:49:39,توصيل,سلبي
C905356,كيف  أتتبع الشحنة رقم #24035؟,delivery_app,2025-03-25 19:21:39,توصيل,محايد
C798177,رقم الطلب #72921 أبي أكلم مسؤول لو سمحتوا رقمي 0516706499,delivery_app,2025-03-25 23:21:56,توصيل,سلبي
C814047,لو سمحت كلمتكم يوم الأربعاء عن قهوة رقم الأوردر #71474 اتخصم مني 49 جنيه مرتين على نفس الأوردر,payment_portal,2025-03-26 03:23:07,فوترة,سلبي
C304507,دي المرة الخامسة يحصل كده المندوب ماكلمنيش ورجّع الشحنة، وكمان فضلت مستني على التليفون ساعة ومحدش رد,delivery_app,2025-03-26 10:56:43,توصيل,سلبي
C299711,السلام عليكم عندي مشكلة من أمس ومحد حلها، كلمتكم يوم الثلاثاء عن طابعة طلبت حقيبة يوم الأربعاء ابي حل بسرـــعة,delivery_app,2025-03-26 12:25:55,توصيل,سلبي
C404773,تم استْرجاع اْلمبلغ بسرعة، شكراً لكم، طلبت سماّعُات يوم الخميس. رقم الطلب #68590.,payment_portal,2025-03-26 12:45:36,فوترة,إيجابي
C223534,كلمتكم يوم الثلاثاء عن سماعات هذي المرة الرابعة يصير كذا انخصم مني 150 ريال مرتين على نفس الطلب,payment_portal,2025-03-26 15:31:56,فوترة,سلبي
C642788,كود التحقق ما يوصلني، وأيضاً انتظرت ساعة على الخط ومحد رد، طلبت حقيبة يوم الأربعاء المبلغ 49 ريال والله شي يقهر! https://example.com/orders/63706,mobile_app,2025-03-26 16:17:30,تقني,سلبي
C788020,لو سمحتو رمز التحقق ما عم يوصلني، حكيتكن يوم الأحد عن كتب,mobile_app,2025-03-26 17:10:29,تقني,سلبي
C345122,لسا المشكلة متل ما هي، المبلغ 499,call_center,2025-03-26 22:18:16,خدمة_عملاء,سلبي
C471025,مرحباً، تم استرجاع اــلمبلغ بسرعة، شكراً لكم,payment_portal,2025-03-26 22:38:22,فوترة,إيجابي
C786017,رقم الطلب #16307 الغرض وصلني مكسور https://example.com/orders/91144,delivery_app,2025-03-27 00:19:20,توصيل,سلبي
C755932,لو سمحتم، المبلغ الإجمالي 49 ريال. رقم الطلب #24986. تم تسجيل الطلب كمستلم ولكــنه لم يصلني هذا غير مقبول إطلاقاً!,delivery_app,2025-03-27 10:05:00,توصيل,سلبي
C961786,يا جماعة الحسابّ كُله 320 جنيه كلمتكم يوم الّجمعة عن نظارة شمسية مكتوب إن الأورّدر اتسلَم وأنا مّاستلمتَشّ حاجةِ عْايز حل بِسرّعة,delivery_app,2025-03-27 12:08:02,توصيل,سلبي
C255442,يا جماعة مكتوب إن الأوردر اتسلم وأنا ماستلمتش حاجة، الحساب كله 320 جنيه كلمتكم يوم الأربعاء عن شاحن عايز حل بسرعة,delivery_app,2025-03-27 12:45:09,توصيل,سلبي
C713651,يا جماعة الخدمة وحشة جداً مش هتعامل معاكم تاني,payment_portal,2025-03-27 17:53:01,فوترة,سلبي
C335170,لُو سُمحت الأوُردر #76448 متأخر 14 أيُام ولسه ماوصلش، اْلحسابْ كله 150 جُنِيه رقم الأّوردرَ #96954,delivery_app,2025-03-27 19:40:27,توصيل,سلبي
C479442,بعد التحديث الأخير لم يعد التطبيق يعمل على هاتفي، رقم الطلب #57051.,mobile_app,2025-03-28 02:17:22,تقني,سلبي
C692201,الُسلام عليكِمّ، اِلفاتِورة وْاضْحة ومفصلة، عمل ممتاز، توِاّصلت معّكَم يومّ الأربعاءْ بخصوص جِوالُ. هذه المرة الثالثة التي يحدث فيَها ذلّك.,payment_portal,2025-03-28 02:37:48,فوترة,إيجابي
C753067,عندي مشكلة من أمس ومحد حلها، طلبت شاشة يوم الخميس المبلغ 49 ريال https://example.com/orders/39189,payment_portal,2025-03-28 07:07:07,فوترة,سلبي
C924464,مرحبا الغرض وصل مكسور، حكيتكن يوم الجمعة عن مكنسة كهربائية رقم الطلب #62354,delivery_app,2025-03-28 18:00:27,توصيل,سلبي
C246997,مرحبا الغرض وصل مكسور، حكيتكن يوم الجمعة عن مكنسة كهربائية رقم الطلب #62354,delivery_app,2025-03-28 18:00:27,توصيل,سلبي
C868248,هلا الفاتورة هالشهر واجد غالية وما أدري ليش، كلمتكم يوم السبت عن خلاط,payment_portal,2025-03-28 19:05:06,فوترة,سلبي
C449357,هل يوجد رقم مباشر للتواصل مع مشرف؟ طلبت كتب يوم السبت. هذه المرة الثانية التي يحدث فيها ذلك.,call_center,2025-03-28 21:14:02,خدمة_عملاء,محايد
C511449,مرحباً، لدي مشكلة منذ أمس ولم يحلها أحد، تواصلت معكم يوم السبت بخصوص شاحن. طلبت طابعة يوم الخميس.,payment_portal,2025-03-28 22:39:37,فوترة,سلبي
C968810,لو سمحتم، طلبت شاحن يوم الثلاثاء. وصل الطلب قبل الموعد والتغليف ممتاز,delivery_app,2025-03-29 00:28:02,توصيل,إيجابي
C819913,السلام عليكم، الفاتورة واضحة ومفصلة، عمل ممتاز، هذه المرة الخامسة التي يحدث فيها ذلك.,payment_portal,2025-03-29 00:56:04,فوترة,إيجابي
C347296,مرحباً، هذه المرة الرابعة التي يحدث فيها ذلك. ما هي ساعات عمل خدمة العملاء؟,call_center,2025-03-29 05:08:31,خدمة_عملاء,محايد
C767359,يا جماعة رقم الطلب #40081 طلبيتي #62493 متأخرة 11 أيام ولسا ما وصلت والله شي بيقهر!,delivery_app,2025-03-29 10:07:04,توصيل,سلبي
C684794,مرحبا رقم الطلب #67316 جددولي الاشتراك بدون ما اطلب وانسحب المبلغ والله شي بيقهر!,payment_portal,2025-03-29 13:31:07,فوترة,سلبي
C378579,رقم الطلب #41499. المبلغ الإجمالي 320 ريال. تم استرجاع المبلغ بسرعة، شكراً لكم,delivery_app,2025-03-29 14:41:52,فوترة,إيجابي
C418366,كود الخصم لم يُطبَّق على الفاتورة رغم أنه ساري المفعول,payment_portal,2025-03-29 15:06:30,فوترة,سلبي
C364624,ازيكم عايز أكلم حد مسؤول، رقم الأوردر #42003,mobile_app,2025-03-29 15:55:33,تقني,سلبي
C584416,مش عارف أعمل لوجين والباسورد صح، رقم الأوردر #68213 بجد حاجة تضايق!,mobile_app,2025-03-29 17:18:01,تقني,سلبي
C728346,مش عارف أعمل لوجين والباسورد صح، رقم الأوردر #68213 بجد حاجة تضايق!,mobile_app,2025-03-29 17:18:01,تقني,سلبي
C655222,رقم الطلب #23534. تم تسجيل الطلب كمستلم ولكنه لم يصلْني، وأيضاً تم تجديد الاشتراك تلقائَياً دونّ موافقتيُ وخصَم 199 ريال أرجو الحل بِأسرع وقت.,delivery_app,2025-03-29 21:54:56,توصيل,سلبي
C291532,يا جماعة الحاجة وصلت مكسورة مش هتعامل معاكم تاني,delivery_app,2025-03-29 22:22:33,توصيل,سلبي
C848193,المبلغ 199 ريال الخدمة واجد سيئة وــالله شي يقهر!,payment_portal,2025-03-30 01:03:56,فوترة,سلبي
C979692,مرحباًِ، الفاتورة واضْحة ومفصلة، عمل ممتاز، تواصِلت معكمّ يوم الأحد بخصوْص طابِعة.,payment_portal,2025-03-30 03:17:23,فوترة,إيجابي
C753531,لو سمحتو طالب ساعة ذكية يوم السبت هي المرة الخامسة بتصير هيك انسحب مني 199 مرتين على نفس الطلب,payment_portal,2025-03-30 05:30:55,فوترة,سلبي
C464972,..؟,delivery_app,2025-03-30 09:49:08,توصيل,سلبي
C676430,الفاتورة هالشهر واجد غالية وما أدري ليش، رقم الطلب #77412,payment_portal,2025-03-30 16:37:14,فوترة,سلبي
C847917,دي المرة الخامسة يحصل كده الأبلكيشن بيقفل لوحده كل شوية، وكمان المندوب ماكلمنيش ورجّع الشحنة,mobile_app,2025-03-30 20:49:17,تقني,سلبي
C257666,تطبيقكمَ رائعِ وأتمنى لكّم التوفيق، تّواصلَت معكم يومِ الاثنين بخصِوص ثلاجة.,web_form,2025-03-30 21:41:22,أخرى,إيجابي
C445300,هلا اــلطلب وصل ناقص غرض، طلبت سماعات يوم الخميس,delivery_app,2025-03-31 02:01:02,توصيل,سلبي
C420668,هل يمكن الحصول على فاتورة ضريبية للطلب #55422؟,payment_portal,2025-03-31 03:14:48,فوترة,محايد
C538319,هذه المـرة الثانية التي يحدث فيها ذلك. تواصلت معكم يوم الخميس بخصوص جوال. المندوب لم يتصل بي وأعاد الشحنة,delivery_app,2025-03-31 06:00:42,توصيل,سلبي
C374240,لو سمحتو انسحب مني 99 مرتين على نفس الطلب، حكيتكن يوم الخميس عن شاحن بدي حل بسرعة,payment_portal,2025-03-31 20:17:53,فوترة,سلبي
C540317,المندوب ما اتصل فيني ورجّع الطلبية، طالب لابتوب يوم الأربعاء بدي حل بسرعة,delivery_app,2025-03-31 20:57:05,توصيل,سلبي
C236202,لو سمحت رقم الأوردر #91151 فضلت مستني على التليفون ساعة ومحدش رد بجد حاجة تضايق!,call_center,2025-03-31 22:41:05,خدمة_عملاء,سلبي
C835252,السلام عليكم، هل يمكن الحصول على فاتورة ضريبية للطلب #68342؟ هذه المرة الثانية التي يحدث فيها ذلك.,payment_portal,2025-04-01 00:45:17,فوترة,محايد
C463362,السلام عليكم أبي أكلم مسؤول لو سمحتوا، هذي المرة الرابعة يصير كذا ابي حل بسرعة,mobile_app,2025-04-01 05:17:46,تقني,سلبي
C649852,المندوب لم يتصل بي وأعاد الشحنة، طلبت ساعة ذكية يوم الثلاثاء. تواصلت معكم يوم الاثنين بخصوص ساعة ذكية. سأضطر لإلغاء الاشتراك إن لم تُحل المشكلة.,delivery_app,2025-04-01 13:59:57,توصيل,سلبي
C897758,الكوبون مااشتغلش والفلوس اتسحبت كاملة، الحساب كله 250 جنيه بجد حاجة تضايق!,payment_portal,2025-04-01 14:57:14,فوترة,سلبي
C473394,مرحباً، رقم الطلب #52726. هذه المرة الثانية التي يحدث فيها ذلك. كيف أغيّر طريقة الدفع المسجلة في حسابي؟,payment_portal,2025-04-01 15:52:07,فوترة,محايد
C406008,يا جماعة من بعد التحديث الجديد التطبيق ما عم يشتغل، المبلغ 250 بدي حل بسرعة,mobile_app,2025-04-01 18:32:39,تقني,سلبي
C244383,يا جماعة من بعد التحديث الجديد التطبيق ما عم يشتغل، المبلغ 250 بدي حل بسرعة,mobile_app,2025-04-01 18:32:39,تقني,سلبي
C205481,طالب جوال يوم الجمعة المبلغ 49 جددولي الاشتراك بدون ما اطلب وانسحب المبلغ والله شي بيقهر!,payment_portal,2025-04-01 21:24:55,فوترة,سلبي
C446246,لوَ سمحتو رمِزُ التحَقق ما عم يوصلنِي، حكيتكن يوم الخميس عنِ قهوةْ هَي المرة الرابعة بَتْصير هيك,call_center,2025-04-01 22:33:18,خدمة_عملاء,سلبي
C851869,مرحباً، استلمت المنتج مكسوراً والتغليف سيئ، هذه المرة الخامسة التي يحدث فيها ذلك. أرجو الحل بأسرع وقت.,mobile_app,2025-04-02 00:21:46,تقني,سلبي
C440880,يا جماعة تجربة زفت بصراحة,payment_portal,2025-04-02 02:17:25,فوترة,سلبي
C916327,لو سمحت الفاتورة المرة دي غالية جداً ومش فاهم ليه، دي المرة الثالثة يحصل كده رقم الأوردر #29319,web_form,2025-04-02 07:32:30,أخرى,سلبي
C992923,لو سمحت الفاتورة المرة دي غالية جداً ومش فاهم ليه، دي المرة الثالثة يحصل كده رقم الأوردر #29319,web_form,2025-04-02 07:32:30,أخرى,سلبي
C167495,انسحب مني 49 مرتين على نفس الطلب، رقم الطلب #37688,delivery_app,2025-04-02 10:34:42,توصيل,سلبي
C788844,لو سمحتم، هل يدعم التطبيق الأجهزة القديمة؟ طلبت حقيبة يوم الثلاثاء. توـــاصلت معكم يوم السبت بخصوص خلاط.,mobile_app,2025-04-02 11:44:39,تقني,محايد
C444131,عندي مشكلة من مبارح وما حدا حلّها، هي المرة الخامسة بتصير هيك بدي حل بسرعة,call_center,2025-04-02 13:12:09,خدمة_عملاء,سلبي
C168910,مرحباً، رقم الطلب #84037. تواصلت معكم يوم السبت بخصوص ساعة ذكية. أريد التحدث مع مسؤول بخصوص طلبي,delivery_app,2025-04-02 18:32:50,توصيل,سلبي
C591888,ازيكم اتخصم مني 499 جنيه مرتين على نفس الأوردر، الحساب كله 320 جنيه,payment_portal,2025-04-02 20:51:04,فوترة,سلبي
C242110,الفاتورة الأخيرة أعلى بكثير من المعتاد دون أي توضيح، تواصلت معكم يوم الاثنين بخصوص كرسي مكتب. طلبت كرسي مكتب يوم الجمعة.,call_center,2025-04-02 21:13:11,خدمة_عملاء,سلبي
C569241,المبلغ الإجمالي 499 ريال. وصل الطلب قبل الموعد والتغليف ممتاز,delivery_app,2025-04-03 00:12:14,توصيل,إيجابي
C842828,مرحبا بدي احكي مع حدا مسؤول، حكيتكن يوم الثلاثاء عن شاشة,payment_portal,2025-04-03 00:17:44,فوترة,سلبي
C440616,لو سمحت بقالي 14 أيام مستني فلوسي ترجع ومفيش حاجة,payment_portal,2025-04-03 03:47:49,فوترة,سلبي
C832816,؟؟؟,mobile_app,2025-04-03 04:08:42,تقني,إيجابي
C584175,هلا راسلتكم أكثر من مرة ومحد رد علي، كلمتكم يوم السبت عن مكنسة كهربائية ابي حل بسرعة,call_center,2025-04-03 06:11:10,خدمة_عملاء,سلبي
C962014,شكراً لفريق الدعم الفني على حل مشكلة تسجيل الدخول، تواصلت معكم يوم الأحد بخصوص جوال. المبلغ الإجمالي 750 ريال.,mobile_app,2025-04-03 08:56:12,تقني,إيجابي
C649745,حكيتكن يوم الأربعاء عن ألعاب أطفال جددولي الاشتراك بدون ما اطلب وانسحب المبلغ بدي حل بسرعة,payment_portal,2025-04-03 12:34:06,فوترة,سلبي
C589997,ضليت ناطر ع التلفون ساعة وما حدا رد، حكيتكن يوم الأربعاء عن ألعاب أطفال,call_center,2025-04-03 18:11:11,خدمة_عملاء,سلبي
C825546,لو سمحتو ما عم يزبط معي سجل دخول مع إنو كلمة السر صح، رقم الطلب #80615,mobile_app,2025-04-03 20:40:46,تقني,سلبي
C109964, ,delivery_app,2025-04-04 01:34:08,توصيل,سلبي
C961800,لو سمحتم، كيف أفعّل التحقق بخطوتين؟ رقمي 0526962481,mobile_app,2025-04-04 11:35:03,تقني,محايد
C300436,السلام عليكم رقم الطلب #86500 للحين المشكلة ما انحلت,call_center,2025-04-04 12:56:07,خدمة_عملاء,سلبي
C903821,دي المرة الخامسة يحصل كدهَ مكتوَب إن الأُوردر اتسلم وْأنا ماسْتلُمتشَ حاجة,delivery_app,2025-04-04 16:50:29,توصيل,سلبي
C692169,تواصلت معكم يوم الخميس بخصوص حقيبة. شكراً لفريق الدعم الفني على حل مشكلة تسجيل الدخول,mobile_app,2025-04-04 20:28:52,تقني,إيجابي
C416456,لو سمحتم، تواصلت معكم يوم الأربعاء بخصوص كرسي مكتب. المبلغ الإجمالي 199 ريال. لا أستطيع تسجيل الدخول إلى حسابي رغم إدخال كلمة المرور الصحيحة,mobile_app,2025-04-04 20:35:34,تقني,سلبي
C707660,هلا رقم الطلب #89214 كود التحقق ما يوصلني,mobile_app,2025-04-05 03:00:59,تقني,سلبي
C829062,هلا رقم الطلب #89214 كود التحقق ما يوصلني,mobile_app,2025-04-05 03:00:59,تقني,سلبي
C755754,يا جماعة لسه المشكلة زي ما هي عايز حل بـسرعة,payment_portal,2025-04-05 04:24:37,فوترة,سلبي
C621015,يا جماعة لسه المشكلة زي ما هي عايز حل بـسرعة,payment_portal,2025-04-05 04:24:37,فوترة,سلبي
C139011,تواصلت معكم يوم الخميس بخصوص ألعاب أطفال. هذه المرة الخامسة التي يحدث فيها ذلك. هل يمكن الحصول على فاتورة ضريبية للطلب #47724؟,payment_portal,2025-04-05 06:37:57,فوترة,محايد
C596125,ما عم يزبط معي سجل دخول مع إنو كلمة السر صح، طالب خلاط يوم السبت,mobile_app,2025-04-05 10:48:11,تقني,سلبي
C273360,هلا الغرض وصلني مكسور، هذي المرة الرابعة يصير كذا ابي حل بسرعة https://example.com/orders/84998,delivery_app,2025-04-05 13:39:16,توصيل,سلبي
C364536,رُمز الّتحقق لا يصل إلى هاتفي، الّمبلُغ الإجْمالي 99 رياْل.,mobile_app,2025-04-05 16:42:45,تقني,سلبي
C190336,كيف أقدّم شكوى رسمية؟ رقم الطلب #61598. تواصلت معكم يوم الاثنين بخصوص طابعة. https://example.com/orders/49984,call_center,2025-04-05 23:21:38,خدمة_عملاء,محايد
C626955,السلام عليكم، المبلغ الإجمالي 250 ريال. رقم الطلب #63378. تأخر وصول الطلب رقم #92782 أكثر من 2 أيام عن الموعد المحدد، وفوق هذا الفاتورة الأخيرة أعلى بكثير من المعتاد دون أي توضيح,delivery_app,2025-04-06 00:24:14,توصيل,سلبي
C467312,مرحباً، هل يــــوجد رقم مباشر للتواصل مع مشرف؟ طلبت خلاط يوم الخميس. المبلغ الإجمالي 99 ريال.,call_center,2025-04-06 01:29:57,خدمة_عملاء,محايد
C430876,هذه المرة الرابعة التي يحدث فيها ذلك. هل تتوفر خدمة التوصيل في نفس اليوم؟,delivery_app,2025-04-06 02:28:46,توصيل,محايد
C516811,مرحبا الموظف كان أسلوبو مش منيح وسكّر الخط، وفوق هذا انسحب مني 49 مرتين على نفس الطلب، طالب خلاط يوم الأربعاء حكيتكن يوم السبت عن مكنسة كهربائية ما رح اتعامل معكن بعد اليوم,payment_portal,2025-04-06 07:02:15,توصيل,سلبي
C556127,وصلني الطلب ناقصاً ومنتج واحد مفقود أرجو الحل بأسرع وقت.,delivery_app,2025-04-06 13:43:28,توصيل,سلبي
C634663,لو سمحتم، طلبت ألعاب أطفال يوم الاثنين. هل يدعم التطبيق الأجهزة القديمة؟,mobile_app,2025-04-06 16:01:19,تقني,محايد
C324536,لو سمحت فضلت مستني على التليفون ساعة ومحدش رد بجد حاجة تضايق!,call_center,2025-04-06 20:40:25,خدمة_عملاء,سلبي
C185684,السلـــام عليكم الطلب وصل ناقص غرض والله شي يقهر!,delivery_app,2025-04-06 21:16:26,توصيل,سلبي
C800481,لو سمحتم، كيف أغيّر رقم الجوال اــلمرتبط بالحساب؟,mobile_app,2025-04-07 01:43:58,تقني,محايد
C803791,المبلغ الإجمالي 750 ريال. تواصلت معكم يوم الثلاثاء بخصوص كرسي مكتب. تم تسجيل الطلب كمستلم ولكنه لم يصلني هذا غير مقبول إطلاقاً!,delivery_app,2025-04-07 22:32:15,توصيل,سلبي
C661692,رقم الأوردر #78558 الحساب كله 499 جنيه مكتوب إن الأوردر اتسلم وأنا ماستلمتش حاجة,delivery_app,2025-04-07 23:40:08,توصيل,سلبي
C496513,يا جماعة الموظف كان أسلوبه وحش وقفل السكة في وشي,call_center,2025-04-08 03:38:01,خدمة_عملاء,سلبي
C718789,كيف أغيّر طريقة الدفع المسجلة في حسابي؟ المبلغ الإجمالي 150 ريال.,payment_portal,2025-04-08 03:48:21,فوترة,محايد
C930704,الفاتورة المرة دي غالية جداً ومش فاهم ليه، طالب لابتوب يوم الأربعاء مش هتعامل معاكم تاني,payment_portal,2025-04-08 05:02:17,فوترة,سلبي
C584297,الحساب كله 199 جنيه كلمتكم يوم السبت عن سماعات الحاجة وصلت مكسورة,delivery_app,2025-04-08 09:36:56,توصيل,سلبي
C631270,الحساب كله 199 جنيه كلمتكم يوم السبت عن سماعات الحاجة وصلت مكسورة,delivery_app,2025-04-08 09:36:56,توصيل,سلبي
C616925,طلبيتي #22717 متأخرة 5 أيام ولسا ما وصلت، حكيتكن يوم السبت عن خلاط ما رح اتعامل معكن بعد اليوم,delivery_app,2025-04-08 10:58:07,توصيل,سلبي
C416668,المبلغ الإجمالي 199 ريال. هل يوجد رقم مباشر للتواصل مع مشرف؟,call_center,2025-04-08 11:01:14,خدمة_عملاء,محايد
C760877,يا جماعة ما أقدر أسجل دخول والباسوورد صحيح، طلبت عطر يوم الأربعاء كلمتكم يوم الخميس عن نظارة شمسية,mobile_app,2025-04-08 14:14:39,تقني,سلبي
C647763,السلام عليكم، كيف أقدّم شكوى رسمية؟,call_center,2025-04-09 02:08:05,خدمة_عملاء,محايد
C939210,رقم الطلب #90528. هذه المرة الثالثة التي يحدث فيها ذلك. كيف أتتبع الشحنة رقم #66040؟,delivery_app,2025-04-09 13:21:30,توصيل,محايد
C861984,ضليت ناطر ع التلفون ساعة وما حدا رد، رقم الطلب #58703 والله شي بيقهر!,call_center,2025-04-09 20:43:44,خدمة_عملاء,سلبي
C186897,المندوب كان محترماً ودقيقاً في الموعد، رقم الطلب #43651.,delivery_app,2025-04-09 23:50:10,توصيل,إيجابي
C787092,يا جماعة من 9 أيام طالب استرجاع فلوسي وللحين ما وصلت، هذي المرة الخامسة يصير كذا,payment_portal,2025-04-10 03:05:10,فوترة,سلبي
C471500,هل يدعم التطبيق الأجهزة القديمة؟ المبلغ الإجمالي 49 ريال.,mobile_app,2025-04-10 04:39:46,تقني,محايد
C291957,هلا عندي مشكلة من أمس ومحد حلها، كلمتكم يوم الأحد عن ألعاب أطفال والله شي يقهر!,delivery_app,2025-04-10 05:00:31,توصيل,سلبي
C982477,هلا جددوا لي الاشتراك بدون ما أوافق وسحبوا 750 ريال، كلمتكم يوم الثلاثاء عن لابتوب,payment_portal,2025-04-10 05:02:47,فوترة,سلبي
C537106,كلمتكم يوم الخميس عن قهوة من 5 أيام طالب استرجاع فلوسي وللحين ما وصلت,payment_portal,2025-04-10 06:28:30,فوترة,سلبي
C638888,طالب شاحن يوم الأحد الفاتورة المرة دي غالية جداً ومش فاهم ليه,payment_portal,2025-04-10 07:07:05,فوترة,سلبي
C372395,يا جماعة المندوب ما اتصل فيني ورجّع الطلبية، هي المرة الثانية بتصير هيك ما رح اتعامل معكن بعد اليوم,delivery_app,2025-04-10 18:02:40,توصيل,سلبي
C455459,ازيكم الحساب كله 250 جنيه المندوب ماكلمنيش ورجّع الشحنة، وأيضاً بقالي 2 أيام مستني فلوسي ترجع ومفيش حاجة عايز حل بسرعة,delivery_app,2025-04-10 18:14:07,توصيل,سلبي
C327107,مرحبا انسحب مني 99 مرتين على نفس الطلب، طالب ألعاب أطفال يوم السبت بدي حل بسرعة,payment_portal,2025-04-10 21:23:53,فوترة,سلبي
C210632,السلام عليكم، هل يمكن تغيير عنوان التوصيل للطلب #83043؟ طلبت نظارة شمسية يوم الخميس.,delivery_app,2025-04-11 00:07:30,توصيل,محايد
C432371,متى يتم إصدار الفاتورة الشهرية؟ المبلغ الإجمالي 320 ريال.,payment_portal,2025-04-11 01:54:04,فوترة,محايد
C262450,متى يتم إصدار الفاتورة الشهرية؟ المبلغ الإجمالي 320 ريال.,payment_portal,2025-04-11 01:54:04,فوترة,محايد
C791963,تواصلت معكم يوم الاثنين بخصوص خلاط. كيف أغيّر طريقة الدفع المسجلة في حسابي؟,payment_portal,2025-04-11 07:09:16,فوترة,محايد
C942497,هذه المرة الثانية التي يحدث فيها ذلك. هل يمكن الحصول على فاتورة ضريبية للطلب #64787؟,payment_portal,2025-04-12 01:54:59,فوترة,محايد
C550974,أبي أكلم مسؤول لو سمحتوا، هذي المرة الخامسة يصير كذا ابي حل بسرعة,delivery_app,2025-04-12 02:42:13,توصيل,سلبي
C164397,التطبيق يتوقف عن العمل كلما حاوـلت فتح صفحة الطلبات، المبلغ الإجمالي 150 ريال. هذا غير مقبول إطلاقاً!,mobile_app,2025-04-12 07:55:47,تقني,سلبي
C398066,لو سمحت اتخصم مني 99 جنيَه مرتين على نفس الُأوردر، طْالب جوال يّوم السبت رقم الأوْردر #89923,payment_portal,2025-04-12 16:39:50,فوترة,سلبي
C407754,كيف أغيّر رقم الجوال المرتبط بالحساب؟ رقم الطلب #80984.,mobile_app,2025-04-12 17:23:07,تقني,محايد
C654918,مرحباً، الموظفة كانت متعاونة جداً وحلّت مشكلتي,call_center,2025-04-12 18:45:43,خدمة_عملاء,إيجابي
C473144,طلبت طابعة يوم السبت تجربة ما تنعاد,delivery_app,2025-04-12 20:38:59,فوترة,سلبي
C880938,ما أقدر أسجل دخول والباسوورد صحيح، طلبت لابتوب يوم الاثنين هذي المرة الخامسة يصير كذا والله شي يقهر!,mobile_app,2025-04-12 22:12:44,تقني,سلبي
C801374,يا جماعة بعد التحديث الجديد التطبيق خربان، هذي المرة الخامسة يصير كذا رقم الطلب #91410,mobile_app,2025-04-13 02:07:38,تقني,سلبي
C212635,الموظف كان أسلوبه مو زين وسكّر بوجهي، وفوق هذا بعد التحديث الجديد التطبيق خربان، كلمتكم يوم الثلاثاء عن خلاط,payment_portal,2025-04-13 02:43:10,خدمة_عملاء,سلبي
C760358,انخصم مني 150 ريال مرتين على نفس الطلب، هذي المرة الخامسة يصير كذا ما عاد أتعامل معكم,payment_portal,2025-04-13 05:51:21,فوترة,سلبي
C478447,..؟,mobile_app,2025-04-13 06:29:57,تقني,سلبي
C104798,ازيــكم اتخصم مني 250 جنيه مرتين على نفس الأوردر، كلمتكم يوم الأحد عن سماعات رقم الأوردر #53598 بجد حاجة تضايق!,payment_portal,2025-04-13 10:28:35,فوترة,سلبي
C615236,لو سمحتم، هل تقدمون خدمات للشركات؟,web_form,2025-04-13 12:41:32,أخرى,محايد
C551065,السلام عليكم، هذه المرة الثالثة التي يحدث فيها ذلك. تواصلت معكم يوم الثلاثاء بخصوص عطر. وصل الطلب قبل الموعد والتغليف ممتاز رقمي 0510091737,delivery_app,2025-04-13 13:33:10,توصيل,إيجابي
C368070,لِو سمحت الحاجة وصلَت مكسوْرة، كّلمُتكْم يوم الخميسّ عن لابتّوب,delivery_app,2025-04-13 14:17:20,توصيل,سلبي
C941076,السلام عليكم تجربة ما تنعاد، كلمتكم يوم الثلاثاء عن خلاط ابي حل بسرعة,payment_portal,2025-04-13 19:30:21,فوترة,سلبي
C296434,طلبيتي #49568 متأخرة 6 أيام ولسا ما وصلت، طالب حقيبة يوم السبت ما رح اتعامل معكن بعد اليوم,delivery_app,2025-04-13 20:25:32,توصيل,سلبي
C602568,السلام عليكم، المبلغ الإجمالي 49 ريال. كود الخصم لم يُطبَّق على الفاتورة رغم أنه ساري المفعول,web_form,2025-04-13 21:29:21,فوترة,سلبي
C711040,عندي مشكلة من أمس ومحد حلها، رقم الطلب #65137 كلمتكم يوم الثلاثاء عن كرسي مكتب,payment_portal,2025-04-13 23:58:12,فوترة,سلبي
C643489,عندي مشكلة من أمس ومحد حلها، رقم الطلب #65137 كلمتكم يوم الثلاثاء عن كرسي مكتب,payment_portal,2025-04-13 23:58:12,فوترة,سلبي
C818627,أبي أكلم مسؤول لو سمحتوا، رقم الطلب #61050 ما عاد أتعامل معكم,delivery_app,2025-04-14 07:45:47,توصيل,سلبي
C414263,مرحبا التطبيق عم يسكّر لحالو كل شوي والله شي بيقهر!,web_form,2025-04-14 12:31:38,أخرى,سلبي
C804879,متى يتم إصدار الفاـــتورة الشهرية؟ المبلغ الإجمالي 99 ريال.,payment_portal,2025-04-14 13:54:13,فوترة,محايد
C667333,السلام عليكم طلبت حذاء رياضي يوم الخميس الطلب وصل ناقص غرض,delivery_app,2025-04-14 15:11:32,توصيل,سلبي
C806861,ازيكم الحساب كله 49 جنيه الكوبون مااشتغلش والفلوس اتسحبت كاملة عايز حل بسرعة,payment_portal,2025-04-15 06:31:41,فوترة,سلبي
C447462,لو سمحتم، بعد التحديث الأخير لم يعد التطبيق يعمل على هاتفي، المبلغ الإجمالي 150 ريال. طلبت حقيبة يوم الاثنين.,mobile_app,2025-04-15 11:17:25,تقني,سلبي
C135943,هذه المرة الثالثة التي يحدث فيها ذلك. هل يمكن تغيير عنوان التوصيل للطلب #11930؟,delivery_app,2025-04-15 12:17:55,توصيل,محايد
C484585,مرحبا المبلغ 250 رقم الطلب #48720 الطلبية وصلت ناقصة,delivery_app,2025-04-15 12:32:29,توصيل,سلبي
C953856,بعد التحديث الجـديد التطبيق خربان، كلمتكم يوم السبت عن نظارة شمسية طلبت طابعة يوم الاثنين ابي حل بسرعة رقمي 0521682058,mobile_app,2025-04-15 14:39:13,تقني,سلبي
C173550,لو سمحتو ما عم يزبط معي سجل دخول مع إنو كــــلمة السر صح، حكيتكن يوم السبت عن قهوة,mobile_app,2025-04-15 19:19:40,تقني,سلبي
C691818,لو سمحتو ما عم يزبط معي سجل دخول مع إنو كــــلمة السر صح، حكيتكن يوم السبت عن قهوة,mobile_app,2025-04-15 19:19:40,تقني,سلبي
C853902,تطبيقكم رائع وأتمنى لكم التوفيق,web_form,2025-04-15 19:37:34,أخرى,إيجابي
C643751,الفاتورة هالشهر واجد غالية وما أدري ليش، هذي المرة الخامسة يصير كذا والله شي يقهر!,whatsapp,2025-04-16 00:23:47,فوترة,سلبي
C991471,طالب حذاء رياضيُ يوم الاثنين الحسابّ كلِه 49 جنِيْه عايّز أمسح الأكُونت بتاعي خالص عايز حل بِسرعة,web_form,2025-04-16 05:27:47,أخرى,سلبي
C964144,الطلبية وصلت ناقصة، طالب نظارة شمسية يوم الجمعة هي المرة الخامسة بتصير هيك,delivery_app,2025-04-16 06:54:54,توصيل,سلبي
C867423,لو سمحتو المندوب ما اتصل فيني ورجّع الطلبية، هي المرة الخامسة بتصير هيك طالب قهوة يوم الأحد والله شي بيقهر!,web_form,2025-04-16 13:51:45,أخرى,سلبي
C984741,لو سمحت طالب كرسي مكتب يوم الأربعاء رقم الأوردر #34805 من ساعة التحديث الجديد والأبلكيشن واقع https://example.com/orders/65897,mobile_app,2025-04-16 14:21:28,تقني,سلبي
C246762,الطلبية وصلت ناقصة، المبلغ 250 طالب لابتوب يوم الأربعاء بدي حل بسرعة,whatsapp,2025-04-17 05:51:00,توصيل,سلبي
C524609,كلمتكم يوم الجمعة عن عطر الأبلكيشن بيقفل لوحده كل شوية، وأيضاً مكتوب إن الأوردر اتسلم وأنا ماستلمتش حاجة مش هتعامل معاكم تاني,mobile_app,2025-04-17 06:16:26,تقني,سلبي
C703289,طلبت لابتوب يوم الأحد. بعد التحديث الأخير لم يعد التطبيق يعمل على هاتفي هذا غير مقبول إطلاقاً!,mobile_app,2025-04-17 09:17:12,تقني,سلبي
C118677,انسحب مني 49 مرتين على نفس الطلب، رقم الطلب #90808 المبلغ 320 والله شي بيقهر!,payment_portal,2025-04-17 16:28:46,فوترة,سلبي
C204917,السلام عليكم، الفاتورة الأخيرة أعلى بكثير من المعتاد دون أي توضيح، المبلغ الإجمالي 99 ريال.,payment_portal,2025-04-17 20:32:49,فوترة,سلبي
C211402,كيف أقدّم شكوى رسمية؟ المبلغ الإجمالي 320 ريال. تواصلت معكم يوم الأحد بخصوص سماعات.,call_center,2025-04-17 23:00:35,خدمة_عملاء,محايد
C105287,الحساب كلَهَ 150 جنيه دي المرُة الرَاَبعة يحصلِ كده كود التفعِيلَ مش بَيوصلِ خّاّلص,mobile_app,2025-04-18 02:15:44,تقني,سلبي
C221898,السلام عليكم، الخدمة سيئة جداً ولن أتعامل معكم مرة أخرى، تواصلت معكم يوم السبت بخصوص شاحن.,delivery_app,2025-04-18 04:52:13,توصيل,سلبي
C163254,كود التحقق ما يوصلني، هذي المرة الرابعة يصير كذا والله شي يقهر!,web_form,2025-04-18 06:49:15,أخرى,سلبي
C679468,تم استرجاع المبلغ بسرعة، شكراً لكم، رقم الطلب #84993.,payment_portal,2025-04-18 18:17:29,فوترة,إيجابي
C812277,لو سمحتم، مِا هي ساعات عّمل خدْمَة العمُلاء؟ رقُم الطلب #27842.,call_center,2025-04-18 23:08:28,خدمة_عملاء,محايد
C140456,المندوب ما اتصل ورجع الطلب، المبلغ 250 ريال والله شي يقهر!,delivery_app,2025-04-19 02:47:29,توصيل,سلبي
C154880,يا جماعة المندوب ما اتصل فيني ورجّع الطلبية، حكيتكن يوم السبت عن خلاط المبلغ 499 والله شي بيقهر! https://example.com/orders/10537,mobile_app,2025-04-19 05:33:05,تقني,سلبي
C201103,طلبت حقيبة يوم السبت. شكراً لفريق الدعم الفني على حل مشكلة تسجيل الدخول,mobile_app,2025-04-19 11:25:00,تقني,إيجابي
C302911,لسا المشكلة متل ما هي، طالب شاشة يوم الخميس,payment_portal,2025-04-19 13:11:23,فوترة,سلبي
C210257,لسا المشكلة متل ما هي، طالب شاشة يوم الخميس,payment_portal,2025-04-19 13:11:23,فوترة,سلبي
C272889,الحساب كله 49 جنيه اتخصم مني 150 جنيه مرتين على نفس الأوردر,payment_portal,2025-04-20 14:09:55,فوترة,سلبي
C680894,شكراً لفرَيِق الْدِعم الفني عّلى حِل مشكلة تسجّيل الدخوُل، رقم الطلبَ #51137. توْاصلُت معكِمَ يوم الجمعة بخصّوُص حذاء رياضي. رقمَيّ 0579206005,mobile_app,2025-04-20 15:06:20,تقني,إيجابي
C165504,مرحباً، الموظفة كاـنت متعاونة جداً وحلّت مشكلتي,call_center,2025-04-20 17:02:05,خدمة_عملاء,إيجابي
C492022,المندوب ما اتصل فيني ورجّع الطلبية,delivery_app,2025-04-20 20:25:02,توصيل,سلبي
C134228,هذي المرة الثانية يصير كذا المبلغ 150 ريال انخصم مني 150 ريال مرتين على نفس الطلب والله شي يقهر!,payment_portal,2025-04-20 21:47:51,فوترة,سلبي
C179150,لو سمحتم، المبلغ الإجمالي 499 ريال. رقم الطلب #39521. كيف أفعّل التحقق بخطوتين؟,mobile_app,2025-04-21 02:40:23,تقني,محايد
C184920,السلام عليكم، طلبت ساعة ذكية يوم الجمعة. الموقع بطيء جداً وتظهر رسالة خطأ عند الدفع,mobile_app,2025-04-21 05:21:27,تقني,سلبي
C725738,هلا راسلتكم أكثر من مرة ومحد رد علي، هذي المرة الخامسة يصير كذا رقمي 0563451145,call_center,2025-04-21 07:11:43,خدمة_عملاء,سلبي
C606802,لو سمحت كلمتكم يوم الأربعاء عن مكنسة كهربائية عايز أكلم حد مسؤول بجد حاجة تضايق!,delivery_app,2025-04-21 07:16:01,توصيل,سلبي
C559128,المبلغ الإجمالي 99 ريال. التطبيق يتوقف عن العمل كلما حاولت فتح صفحة الطلبات سأضطر لإلغاء الاشتراك إن لم تُحل المشكلة.,delivery_app,2025-04-21 10:08:44,توصيل,سلبي
C141703,السلام عليكم الطلب وصل ناقص غرض، المبلغ 49 ريال,delivery_app,2025-04-21 11:27:56,توصيل,سلبي
C110364,el order mt2a5er 5 ayam w lessa ma wesel,delivery_app,2025-04-21 12:27:06,توصيل,سلبي
C204246,لو سمحت عايز أمسح الأكونت بتاعي خالص، طالب كرسي مكتب يوم الاثنين,web_form,2025-04-21 19:11:20,أخرى,سلبي
C100522,يا جماعة الفاتورة هالمرة كتير غالية وما حدا شرحلي ليش، حكيتكن يوم الأربعاء عن كرسي مكتب رقم الطلب #85481 بدي حل بسرعة,payment_portal,2025-04-21 20:22:33,فوترة,سلبي
C313801,السلام عليكم هذي المرة الرابعة يصير كذا انخصم مني 49 ريال مرتين على نفس الطلب,payment_portal,2025-04-21 21:20:49,فوترة,سلبي
C285751,الموظف كان أسلوبو مش منيح وسكّر الخط، حكيتكن يوم الثلاثاء عن خلاط,call_center,2025-04-21 22:20:23,خدمة_عملاء,سلبي
C767299,يا جماعة مكتوب إن الأوردر اتسلم وأنا ماستلمتش حاجة، دي المرة الثالثة يحصل كده رقم الأوردر #68239,delivery_app,2025-04-22 02:13:05,توصيل,سلبي
C466279,تواصلت معكم يوم السبت بخصوص نظارة شمسية. هذه المرة الخامسة التي يحدث فيها ذلك. الفاتورة واضحة ومفصلة، عمل ممتاز,payment_portal,2025-04-22 06:24:42,فوترة,إيجابي
C252108,لو سمحتم، متى يتم إصدار الفاتورة الشهرية؟ طلبت لابتوب يوم الاثنين.,payment_portal,2025-04-22 08:33:33,فوترة,محايد
C143046,يا جماعة الفاتورة المرة دي غالية جداً ومش فاهم ليه، رقم الأوردر #31950 الحساب كله 499 جنيه,web_form,2025-04-22 10:45:39,فوترة,سلبي
C603949,رقم الطلب #71375 الخدمة واجد سيئة ابي حل بسرعة,payment_portal,2025-04-22 14:48:46,فوترة,سلبي
C861266,الفاتورة واضحة ومفصلة، عمل ممتاز، هذه المرة الخامسة التي يحدث فيها ذلك.,payment_portal,2025-04-22 15:57:33,فوترة,إيجابي
C307392,السلام عليكم، رقم الطلب #56935. هذه المرة الثانية التي يحدث فــيها ذلك. هل يمكن الحصول على فاتورة ضريبية للطلب #48554؟,payment_portal,2025-04-22 18:33:56,فوترة,محايد
C963612,طالب ساعة ذكية يوم الثلاثاء رقم الأوردر #78945 الكوبون مااشتغلش والفلوس اتسحبت كاملة,payment_portal,2025-04-23 03:31:38,فوترة,سلبي
C861020,يا جماعة بعد التحديث الجديد التطبيق خربان، طلبت شاشة يوم الأربعاء ما عاد أتعامل معكم,mobile_app,2025-04-23 04:50:21,تقني,سلبي
C493260,يا جماعة بعد التحديث الجديد التطبيق خربان، طلبت شاشة يوم الأربعاء ما عاد أتعامل معكم,mobile_app,2025-04-23 04:50:21,تقني,سلبي
C942081,طالب عطر يوم الخميس الأبلكيشن بيقفل لوحده كل شوية عايز حل بسرعة,mobile_app,2025-04-23 05:20:56,تقني,سلبي
C431759,!!!!,delivery_app,2025-04-23 06:37:32,توصيل,سلبي
C489289,من بعد التحديث الجديد التطبيق ما عم يشتغل، رقم الـطلب #16139 والله شي بيقهر!,mobile_app,2025-04-23 08:33:25,تقني,سلبي
C178976,هل يدعم التطبيق الأجهزة القديمة؟ تواصلت معكم يوم الاثنين بخصوص جوال.,mobile_app,2025-04-23 08:44:21,تقني,محايد
C349418,يا جماعة الفاتورة المرة دي غالية جداً ومش فاهم ليه,payment_portal,2025-04-23 09:34:28,فوترة,سلبي
C373455,كود التحقق ما يوصلني، المبلغ 499 ريال ابي حل بسرعة,mobile_app,2025-04-23 11:39:19,تقني,سلبي
C688372,لو سمحتم، تواصلت معكم يوم الاثنين بخصوص ساعة ذكية. المبلغ الإجمالي 49 ريال. هل تتوفر خدمة التوصيل في نفس اليوم؟,delivery_app,2025-04-23 18:18:32,توصيل,محايد
C978211,المبلغ 250 ريال جددوا لي الاشتراك بدون ما أوافق وسحبوا 150 ريال,payment_portal,2025-04-23 20:05:17,فوترة,سلبي
C791216,كلمتكم يوم الثلاثاء عن مكنسة كهربائية الحساب كله 499 جنيه فضلت مستني على التليفون ساعة ومحدش رد,call_center,2025-04-23 23:57:33,خدمة_عملاء,سلبي
C609313,أقترح إضافة خيار الدفع عند الاستلام هذا غير مقبول إطلاقاً!,web_form,2025-04-24 03:57:13,أخرى,سلبي
C859079,هلا المبلغ 49 ريال تجربة ما تنعاد,mobile_app,2025-04-24 10:25:42,تقني,سلبي
C272813,ازيكم دي المرة الثالثة يحصل كده كلمتكم يوم الأحد عن شاشة ياريت تضيفوا الدفع عند الاستلام بجد حاجة تضايق!,email,2025-04-24 15:54:45,أخرى,سلبي
C795794,أين يقع مقركم الرئيسي؟ طلبت عطر يوم الأحد. رقم الطلب #65081.,web_form,2025-04-24 16:07:26,أخرى,محايد
C624657,السلام عليكم الفاتورة هالشهر واجد غالية وما أدري ليش، هذي المرة الثانية يصير كذا والله شي يقهر!,payment_portal,2025-04-24 17:58:49,فوترة,سلبي
C488879,هل يمكن الحصول على فاتورة ضريبية للطلب #51058؟,payment_portal,2025-04-24 22:03:42,فوترة,محايد
C422788,مرحباً، هل يمكن تغيير عنوان التوصيل للطلب #67399؟ هذه المرة الثانية التي يحدث فيها ذلك.,delivery_app,2025-04-24 23:32:29,توصيل,محايد
C396114,هذه اِلمرة الثَالثة التي يْحَدث فيها ذلك. هّل يَمكن الحصْول على فاّتوّرة ضريبِية للطلب #28159؟,payment_portal,2025-04-25 00:57:13,فوترة,محايد
C989985,لو سمحت الحاجة وصلت مكسورة، رقم الأوردر #92353 كلمتكم يوم السبت عن سماعات بجد حاجة تضايق!,delivery_app,2025-04-25 07:31:41,توصيل,سلبي
C833810,يا جماعة بعت رسايل كتير ومحدش بيرد، طالب ساعة ذكية يوم الجمعة,call_center,2025-04-25 09:22:15,خدمة_عملاء,سلبي
C160297,مكتوب إن الأوردر اتسلم وأنا ماستلمتش حاجة، دي المرة الرابعة يحصل كده,delivery_app,2025-04-25 09:31:22,توصيل,سلبي
C896235,طلبي #17860 متأخر 2 أيام وللحين ما وصل، هذي المرة الثانية يصير كذا والله شي يقهر!,delivery_app,2025-04-25 10:29:30,توصيل,سلبي
C946125,طلبي #17860 متأخر 2 أيام وللحين ما وصل، هذي المرة الثانية يصير كذا والله شي يقهر!,delivery_app,2025-04-25 10:29:30,توصيل,سلبي
C588134,الحاجة وصلت مكسورة، الحساب كله 150 جنيه,delivery_app,2025-04-25 11:38:38,توصيل,سلبي
C960073,هلا ما أقدر أسجل دخول والباسوورد صحيح، رقم الطلب #30809 المبلغ 150 ريال والله شي يقهر!,payment_portal,2025-04-25 15:58:57,فوترة,سلبي
C440336,الموظفة كانت متعاونة جداً وحلّت مشكلتي، رقم الطــــلب #36686.,call_center,2025-04-25 22:21:11,خدمة_عملاء,إيجابي
C648804,الفاتورة هالشهر واجد غالية وما أدري ليش، كلمتكم يوم الثلاثاء عن شاشة,payment_portal,2025-04-26 02:29:26,فوترة,سلبي
C897823,تواصلت معكم يوم الجمعة بخصوص حذاء رياضي. متى يتم إصدار الفاتورة الشهرية؟,payment_portal,2025-04-26 07:12:26,فوترة,محايد
C801979,لو سمحت رقم الأوردر #14753 دي المرة الرابعة يحصل كده لسه المشكلة زي ما هي,payment_portal,2025-04-26 12:30:38,فوترة,سلبي
C173310,أريد التحدث مع مسؤول بخصوص طلبي، هذه المرة الخامسة التي يحدث فيها ذلك.,delivery_app,2025-04-27 02:15:04,توصيل,سلبي
C376296,لو سمحتو هي المرة الرابعة بتصير هيك طالب ألعاب أطفال يوم الجمعة بدي احكي مع حدا مسؤول,delivery_app,2025-04-27 02:18:14,توصيل,سلبي
C415307,التطبيق عم يسكّر لحالو كل شوي، طالب ثلاجة يوم الثلاثاء,mobile_app,2025-04-27 03:45:11,تقني,سلبي
C438967,يا جماعة طالب حذاء رياضي يوم الثلاثاء ما عم يزبط معي سجل دخول مع إنو كلمة السر صح,mobile_app,2025-04-27 09:02:02,تقني,سلبي
C793401,طالب حقيبة يوم الجمعة جددولي الاشتراك بدون ما اطلب وانسحب المبلغ,payment_portal,2025-04-27 18:29:02,فوترة,سلبي
C953130,من 12 أيام طالب استرجاع فلوسي وللحين ما وصلت، هذي المرة الرابعة يصير كذا رقم الطلب #10934,payment_portal,2025-04-27 23:49:21,فوترة,سلبي
C396097,لو سمحتو الفاتورة هالمرة كتير غالية وما حدا شرحلي ليش، المبلغ 99 رقم الطلب #17747,mobile_app,2025-04-28 00:42:41,تقني,سلبي
C327248,مرحبا بدي احكي مع حدا مسؤول، حكيـــتكن يوم الأحد عن قهوة طالب كتب يوم الاثنين,call_center,2025-04-28 02:56:27,خدمة_عملاء,سلبي
C324849,السلام عليكم، كيف أفعّل التحقق بخطوتين؟ هذه المرة الثانية التي يحدث فيها ذلك. تواصلت معكم يوم الثلاثاء بخصوص شاشة.,mobile_app,2025-04-28 04:05:55,تقني,محايد
C294883,هلا كْود التُحقق ما يوصلنيْ، المبلغ 320 ريال,mobile_app,2025-04-28 04:31:38,تقني,سلبي
C344314,السلام عليكم، كيف أغيّر طريقة الدفع المسجلة في حسابي؟ تواصلت معكم يوم الجمعة بخصوص نظارة شمسية. رقم الطلب #36519.,payment_portal,2025-04-28 05:22:34,فوترة,محايد
C539291,السلام عليكم، كيف أغيّر طريقة الدفع المسجلة في حسابي؟ تواصلت معكم يوم الجمعة بخصوص نظارة شمسية. رقم الطلب #36519.,payment_portal,2025-04-28 05:22:34,فوترة,محايد
C736128,🙄🙄,delivery_app,2025-04-28 09:42:23,توصيل,سلبي
C109577,لو سمحتم، الخدمة سيئة جداً ولن أتعامل معكم مرة أخرى، المبلغ الإجمالي 499 ريال. سأضطر لإلغاء الاشتراك إن لم تُحل المشكلة.,mobile_app,2025-04-28 14:26:13,تقني,سلبي
C977088,رمز التحقق ما عم يوصلني، طالب طابعة يوم السبت,web_form,2025-04-29 05:05:37,أخرى,سلبي
C422185,هلا أبي أكلم مسؤول لو سمحتوا، طلبت طابعة يوم الخميس ابي حل بسرعة,mobile_app,2025-04-29 11:43:16,تقني,سلبي
C193162,هذه المرة الرابعة التي يحدث فيها ذلك. تواصلت معكم يوم الأربعاء بخصوص طابعة. هل يدعم التطبيق الأجهزة القديمة؟,mobile_app,2025-04-29 14:10:06,تقني,محايد
C340156,مرحبا بدي احكي مع حدا مسؤول,call_center,2025-04-29 18:13:18,خدمة_عملاء,سلبي
C292944,السلام عليكم، كيف أغيّر طريقة الدفع المسجلة في حسابي؟ طلبت حذاء رياضي يوم الاثنين.,payment_portal,2025-04-30 01:19:52,فوترة,محايد
C681468,mesh 3aref a3mel login w el password sa7 order #94335,mobile_app,2025-04-30 01:33:30,تقني,سلبي
C646809,تجربة ما بتنعاد، هي المرة الخامسة بتصير هيك بدي حل بسرعة,payment_portal,2025-04-30 12:29:54,فوترة,سلبي
C517612,مرحبا المبلغ 750 التطبيق عم يسكّر لحالو كل شوي والله شي بيقهر!,twitter,2025-04-30 18:04:03,تقني,سلبي
C880295,الغرض وصلني مكسور، اـــلمبلغ 499 ريال,delivery_app,2025-04-30 22:14:40,توصيل,سلبي
C419040,   ,payment_portal,2025-05-01 06:36:49,فوترة,سلبي
C722120,تواصلت معكم يوم الثلاثاء بخصوص طابعة. الفاتورة الأخيرة أعلى بكثير من المعتاد دون أي توضيح https://example.com/orders/10747,payment_portal,2025-05-01 11:52:31,فوترة,سلبي
C375229,يا جماعة الأبلكيشن بيقفل لوحده كل شوية، دي المرة الثانية يحصل كده بجد حاجة تضايق!,mobile_app,2025-05-01 15:00:35,تقني,سلبي
C481531,عندي مشكلة من مبارح وما حدا حلّها، طالب ألعاب أطفال يوم الثلاثاء ما رح اتعامل معكن بعد اليوم,call_center,2025-05-01 18:59:38,خدمة_عملاء,سلبي
C300557,كيف أقدّم شكوى رسمية؟ تواصلت معكم يوم الجمعة بخصوص خلاط. رقمي 0576326265,call_center,2025-05-01 23:28:50,خدمة_عملاء,محايد
C290046,دي المرة الثالثة يحصل كده الخدمة وحشة جداً بجد حاجة تضايق!,mobile_app,2025-05-02 01:34:56,تقني,سلبي
C326101,كيف أفعّل التحقق بخطوتين؟ رقم الطلب #92722.,mobile_app,2025-05-02 09:53:25,تقني,محايد
C595163,السلام عليكم رقم الطلب #90664 عندي مشكلة من أمس ومحد حلها ابي حل بسرعة,delivery_app,2025-05-02 13:47:13,توصيل,سلبي
C239909,ازيكم كود التفعيل مش بيوصل خالص، دي المرة الخامسة يحصل كده مش هتعامل معاكم تاني,mobile_app,2025-05-02 15:09:00,تقني,سلبي
C405841,يا جماعة اْلتَطبيقَ عم يسكّر لحالو كل شوْي، هي المرة الثـــالِثة بتُصْير هيك رقم اِلطِلب #69347,mobile_app,2025-05-02 16:14:01,تقني,سلبي
C247419,يا جماعة تجربة ما تنعاد، المبلغ 750 ريال,mobile_app,2025-05-02 16:25:53,تقني,سلبي
C804558,مرحباً، وصل الطلب قبل الموعد والتغليف ممتاز، تواصلت معكم يوم الخميس بخصوص حذاء رياضي.,delivery_app,2025-05-02 23:44:18,توصيل,إيجابي
C578595,ازيكم الأبلكيشن بيقفل لوحده كل شوية، الحساب كله 49 جنيه مش هتعامل معاكم تاني,payment_portal,2025-05-03 07:13:20,فوترة,سلبي
C733623,تأخر وصول الطلب رقم #45364 أكثر من 2 أيام عن اـلموعد المحدد، تواصلت معكم يوم الاثنين بخصوص شاحن. هذا غير مقبول إطلاقاً!,delivery_app,2025-05-03 15:31:29,توصيل,سلبي
C125280,الفاتورة المرة دي غالية جداً ومش فاهم ليه، كلمتكم يوم الأحد عن طابعة بجد حاجة تضايق!,payment_portal,2025-05-03 18:04:53,فوترة,سلبي
C603053,ازيكم الــــفاتورة المرة دي غالية جداً ومش فاهم ليه، كلمتكم يوم الجمعة عن خلاط رقم الأوردر #58627 https://example.com/orders/87948,payment_portal,2025-05-03 18:24:11,فوترة,سلبي
C262935,ازيكم الحاجة وصلت مكسورة، كلمتكم يوم الاثنين عن ثلاجة عايز حل بسرعة,delivery_app,2025-05-03 23:30:50,توصيل,سلبي
C270673,السلام عليكم، طلبت جوال يوم الجمعة. تواصلت معكم يوم السبت بخصوص نظارة شمسية. هل يمكن تغيير عنوان التوصيل للطلب #68550؟,call_center,2025-05-04 00:14:26,توصيل,محايد
C373799,لو سمحتم، كيف أفعّل التحقق بخطوتين؟ رقم الطلب #40037.,mobile_app,2025-05-04 01:07:35,تقني,محايد
C256824,مرحباً، كيف أغيّر طريقة الدفع المسجلة في حسابي؟ طلبت شاشة يوم الجمعة. المبلغ الإجمــالي 250 ريال.,payment_portal,2025-05-04 01:19:48,فوترة,محايد
C404150,هَلْا للحين المِشَكلة مْا انّحلت، كلمتكم يوم الجمعة عن حُذاءِ رياضي رقم الطِلب #90639,payment_portal,2025-05-04 02:30:19,فوترة,سلبي
C542652,الموظف كان أسلوبو مش منيح وسكّر الخط، هي المرة الرابعة بتصير هيك رقم الطلب #49998,call_center,2025-05-04 03:53:56,خدمة_عملاء,سلبي
C426834,السلام عليكم الخدمة واجد سيئة والله شي يقهر!,web_form,2025-05-04 11:45:50,أخرى,سلبي
C400069,مرحبا صرلي 13 أيام ناطر يرجعولي المصاري وما في شي، حكيتكن يوم الاثنين عن حذاء رياضي هي المرة الثالثة بتصير هيك,payment_portal,2025-05-04 14:16:01,فوترة,سلبي
C934726,ازيكم طالب سماعات يوم السبت عايز أكلم حد مسؤول مش هتعامل معاكم تاني,delivery_app,2025-05-04 14:54:33,توصيل,سلبي
C148702,هلا جدْدوا لي الاشتراَك بدون ما أوافق وَسحبْواّ 250 ريُال، طلبت طاـبِعة يوم اّلْخميس ما عاد أتعامل معكم,payment_portal,2025-05-04 15:59:06,فوترة,سلبي
C749036,لو سمحتم، كيف أقدّم شكوى رسمية؟ رقم الطلب #93326. طلبت خلاط يوم الأربعاء.,call_center,2025-05-04 20:09:44,خدمة_عملاء,محايد
C107645,انتظرت ساعة على الخط ومحد رد، المبلغ 320 ريال رقم الطلب #12476 ابي حل بسرعة,call_center,2025-05-04 20:14:55,خدمة_عملاء,سلبي
C281316,السلام عليكم، اُلْمبلغ الإجِمالي 750 رّيال. هل يمْكن تّغيير عنواُن التْوُصيل لُلطلَب #72914؟,delivery_app,2025-05-04 23:09:40,توصيل,محايد
C277925,لو سمحتم، طلبت ساعة ذكية يوم الجمعة. تواصلت معكم يوم الأحد بخصوص نظارة شمسية. الموقع بطيء جداً وتظهر رسالة خطأ عند الدفع هذا غير مقبول إطلاقاً!,mobile_app,2025-05-05 04:50:19,تقني,سلبي
C278944,رقم الطلب #45731 طلبت جوال يوم الأحد للحين المشكلة ما انحلت,delivery_app,2025-05-05 13:27:54,توصيل,سلبي
C447277,هذي المرة الثالثة يصير كذا رقم الطلب #19250 الفاتورة هالشهر واجد غالية وما أدري ليش والله شي يقهر! رقمي 0536242317,payment_portal,2025-05-05 14:46:39,فوترة,سلبي
C752510,الحسِاب كلُه 499 جنيهْ اِلِحاجة وصلتَ مكسورة، وفوْق هذُاّ بعَت رسايل كــتير ومحدش بيرد,delivery_app,2025-05-05 17:19:02,توصيل,سلبي
C578344,السلام عليكم، هل يوجد رقم مباشر للتواصل مع مشرف؟ رقم الطلب #64769. المبلغ الإجمالي 49 ريال.,call_center,2025-05-05 18:48:50,خدمة_عملاء,محايد
C903800,مرحباً، هل يمكن تغيير عنوان التوصيل للطلب #69774؟ رقم الطلب #38432.,delivery_app,2025-05-05 23:47:28,توصيل,محايد
C901529,رقم الطلب #67854 التطبيق عم يسكّر لحــــالو كل شوي,call_center,2025-05-06 04:48:37,خدمة_عملاء,سلبي
C123400,من ساعة التحديث الجديد والأبلكيشن واقع، الحساب كله 150 جنيه رقم الأوردر #38209 مش هتعامل معاكم تاني,mobile_app,2025-05-06 14:35:24,تقني,سلبي
C238549,السلام عليكم هذي المرة الثالثة يصير كذا بعد التحديث الجديد التطبيق خربان,mobile_app,2025-05-06 22:51:14,تقني,سلبي
C160279,الغرض وصلني مكسور، كلمتكم يوم الثلاثاء عن شاشة طلبت ألعاب أطفال يوم الأربعاء والله شي يقهر!,delivery_app,2025-05-07 06:05:17,توصيل,سلبي
C950782,التطبيق يطلعني برا كل ما أفتح الطلبات، رقم الطلب #93596 والله شي يقهر!,mobile_app,2025-05-07 12:34:10,تقني,سلبي
C893523,فضلت مستني على التليفون ساعة ومحدش رد، رقم الأوردر #18817 كلمتكم يوم الأربعاء عن مكنسة كهربائية بجد حاجة تضايق!,call_center,2025-05-07 15:36:21,خدمة_عملاء,سلبي
C514851,الأوردر #17191 متأخر 7 أيام ولسه ماوصلش، دي المرة الثانية يحصل كده طالب عطر يوم الاـثنين مش هتعامل معاكم تاني,delivery_app,2025-05-07 18:52:36,توصيل,سلبي
C621164,التطبيق يطلعني برا كل ما أفتح الطلبات، كلمتكم يوم السبت عن عطر,mobile_app,2025-05-07 21:00:26,تقني,سلبي
C974276,متى يتم إصدار الفاتورة الشهرية؟ طلبت ساعة ذكية يوم الاثنين.,payment_portal,2025-05-07 23:12:59,فوترة,محايد
C113251,متى يتم إصدار الفاتورة الشهرية؟ هذه المرة الخامسة التي يحدث فيها ذلك.,payment_portal,2025-05-07 23:56:55,فوترة,محايد
C300636,السلام عليكم، رقم الطلب #23630. ما هي ساعات عمل خدمة العملاء؟,call_center,2025-05-08 05:38:35,خدمة_عملاء,محايد
C677076,هذه المرة الثالثة التي يحدث فيها ذلك. متى يتم إصدار الفاتورة الشهرية؟,payment_portal,2025-05-08 05:51:03,فوترة,محايد
C116370,رمز التحقق ما عم يوصلني، وكمان الموظف كان أسلوبو مش منيح وسكّر الخط، هي المرة الرابعة بتصير هيك طالب لابتوب يوم الأربعاء والله شي بيقهر!,mobile_app,2025-05-08 07:38:13,تقني,سلبي
C418163,لو سمحتو من بعد التحديث الجديد التطبيق ما عم يشتغل,mobile_app,2025-05-08 10:12:51,تقني,سلبي
C414216,المبلغ الإجمالي 99 ريال. هل تقدمون خدمات للشركات؟,web_form,2025-05-08 21:39:54,أخرى,محايد
C651266,لو سمحتم، وصل الطلب قبل الموعد والتغليف ممتاز، المبلغ الإجمالي 499 ريال.,delivery_app,2025-05-09 04:08:32,توصيل,إيجابي
C962384,السلام عليكم، طلبت حذاء رياضي يوم الثلاثاء. شكراً لفريق الدعم الــــفني على حل مشكلة تسجيل الدخول,mobile_app,2025-05-09 08:18:43,تقني,إيجابي
C174610,رقم الطلب #99537. هل يوجد رقم مباشر للتواصل مع مشرف؟,call_center,2025-05-09 11:46:27,خدمة_عملاء,محايد
C562366,لو سمحت لسه المشكلة زي ما هي، دي المرة الثالثة يحصل كده,mobile_app,2025-05-09 13:34:54,تقني,سلبي
C400037,المندوب ما اتصل ورجع الطلب، طلبت شاحن يوم الثلاثاء المبلغ 750 ريال ابي حل بسرعة,delivery_app,2025-05-09 14:09:23,توصيل,سلبي
C232055,طلـــبت جوال يوم الجمعة. هل يمكن تغيير عنوان التوصيل للطلب #11861؟,delivery_app,2025-05-09 19:37:14,توصيل,محايد
C552054,المندوب لم يتصل بي وأعاد الشحنة، المبلغ الإجمالي 499 ريال. أرجو الحل بأسرع وقت.,delivery_app,2025-05-10 00:17:58,توصيل,سلبي
C416365,لو سمحتم، كيف أغيُّر طريقة الدفع المسّجلة في حساَبي؟ تواصلت معكم يوم الجمعة بخصوص لابتوب. المبِلغ الإجمالي 150 ريالْ.,payment_portal,2025-05-10 06:08:59,فوترة,محايد
C336887,السلام عليْكمّ، كيف أغيّر رقِم اُلِجوْال الْمرتبط بالُحسابّ؟,mobile_app,2025-05-10 12:32:00,تقني,محايد
C692989,السلام عليكم، متى يتم إصدار الفاتورة الشهرية؟,payment_portal,2025-05-10 14:35:50,فوترة,محايد
C912433,الفاتورة واضحة ومفصلة، عمل ممتاز، المبلغ الإجمالي 150 ريال.,payment_portal,2025-05-10 16:45:50,فوترة,إيجابي
C588218,لو سمحت بقالي 8 أيام مستني فلوسي ترـجع ومفيش حاجة,payment_portal,2025-05-10 16:56:31,فوترة,سلبي
C352929,السلام عليكم، طلبت ألعاب أطفال يوم السبت. رقم الطلب #36100. هل يمكن الحصول على فاتورة ضريبية للطلب #67905؟,payment_portal,2025-05-10 19:53:20,فوترة,محايد
C598877,!!!!,payment_portal,2025-05-11 03:19:55,فوترة,محايد
C989879,مرحباً، متى يتم إصدار الفاتورة الشهرية؟ طلبت مكنسة كهربائية يوم الجمعة.,payment_portal,2025-05-11 05:04:51,فوترة,محايد
C999935,كود التحقق ما يوصلني، هذي المرة الخامسة يصير كذا كلمتكم يوم الأحد عن ثلاجة والله شي يقهر!,mobile_app,2025-05-11 07:10:33,تقني,سلبي
C608587,انتظرت علُىّ اِلخُط أكثر من ساعة دون أنّ يرد أُحد، طلبَت لابتوب يوم السبت.,call_center,2025-05-11 08:22:01,خدمة_عملاء,سلبي
C917984,هلا جددوا لي الاشتراك بدون ما أوافق وسحبوا 250 ريال، وكمان بعد التحديث الجديد التطبيق خربان، كلمتكم يوم الثلاثاء عن شاشة ابي حل بسرعة,payment_portal,2025-05-11 09:23:18,فوترة,سلبي
C110388,هلا الخدمة واجد سيئة، المبلغ 199 ريال هذي المرة الثانية يصير كذا,mobile_app,2025-05-12 02:00:49,تقني,سلبي
C862434,هلا الخدمة واجد سيئة، المبلغ 199 ريال هذي المرة الثانية يصير كذا..,mobile_app,2025-05-12 02:46:49,تقني,سلبي
C163784,لو سمحت عندي مشكلة من امبارح ومحدش حلها، رقم الأوردر #76357 مش هتعامل معاكم تاني,delivery_app,2025-05-12 06:28:04,توصيل,سلبي
C900575,انتظرت ساعة على الخط ومحد رد، طلبت ساعة ذكية يوم الأحد كلمتكم يوم الثلاثاء عن مكنسة كهربائية,call_center,2025-05-12 15:20:03,خدمة_عملاء,سلبي
C752217,لو سمحتو حكيتكن يوم الاثنين عن كتب الموظف كان أسلوبو مش منيح وسكّر الخط,payment_portal,2025-05-12 19:10:34,فوترة,سلبي
C367882,طالب عطرِ يَوم الأربعّاءِ هي المرة الْخامسة بتصير هيكَ ضليت ناطر ع اْلتلفون ساعةُ وما حدا رد بدي حُل بسْرعة,call_center,2025-05-13 00:36:19,خدمة_عملاء,سلبي
C618915,المندوب ما اتصل ورجع الطلب، طلبت ألعاب أطفال يوم الأحد,delivery_app,2025-05-13 02:31:35,توصيل,سلبي
C793114,المندوب ما اتصل ورجع الطلب، طلبت ألعاب أطفال يوم الأحد,delivery_app,2025-05-13 02:31:35,توصيل,سلبي
C481962,هذه المرة الخامسة التي يحدث فيها ذلك. طلبت كتب يوم السبت. كيف أغيّر رقم الجوال المرتبط بالحساب؟,mobile_app,2025-05-13 03:21:38,تقني,محايد
C466880,هلا أبي أكلم مسؤول لو سمحتوا، المبلغ 750 ريال ما عاد أتعامل معكم,payment_portal,2025-05-13 04:02:45,فوترة,سلبي
C598745,المبلغ 320 طالب شاشة يوم الأحد انسحب مني 499 مرتين على نفس الطلب ما رح اتعامل معكن بعد اليوم,payment_portal,2025-05-13 04:15:22,فوترة,سلبي
C612561,هلا جددوا لي الاشتراك بدون ما أوافق وسحبوا 150 ريال ما عاد أتعامل معكم,mobile_app,2025-05-13 12:29:00,تقني,سلبي
C615425,المبلغ 250 ريال انخصم مني 49 ريال مرتين على نفس الطلب ما عاد أتعامل معكم,payment_portal,2025-05-13 18:02:45,فوترة,سلبي
C182050,مكتوب إن الأوردر اتسلم وأنا ماستلمتش حاجة، دي المرة الثالثة يحصل كده,delivery_app,2025-05-13 18:46:36,توصيل,سلبي
C416249,لسه المشكلة زي ما هي بجد حاجة تضايق!,web_form,2025-05-13 19:53:53,أخرى,سلبي
C397579,يا جماعة الكوبون مااشتغلش والفلوس اتسحبت كاملة، رقم الأوردر #67602 مش هتعامل معاكم تاني,payment_portal,2025-05-14 00:48:24,فوترة,سلبي
C575248,لو سمحتم، هذه المرة الرابعة التي يحدث فيها ذلك. متى يتم إصدار الفاتورة الشهرية؟,payment_portal,2025-05-14 01:53:19,فوترة,محايد
C275617,كلمتكم يوم السبت عن نظارة شمسية أبي أكلم مسؤول لو سمحتوا ما عاد أتعامل معكم,call_center,2025-05-14 11:04:57,خدمة_عملاء,سلبي
C560055,عايز أكلم حد مسؤول,call_center,2025-05-14 11:26:24,خدمة_عملاء,سلبي
C347943,لو سمحت اــلكوبون مااشتغلش والفلوس اتسحبت كاملة، وأيضاً مش عارف أعمل لوجين والباسورد صح، رقم الأوردر #75237 مش هتعامل معاكم تاني,payment_portal,2025-05-14 11:43:35,فوترة,سلبي
C613740,مرحباً، هل يمكن تغيير عنوان التوصيل للطلب #57879؟ تواصلت معكم يوم الجمعة بخصوص نظارة شمسية.,delivery_app,2025-05-14 14:43:18,توصيل,محايد
C207094,طلبت شاشة يوم السبت. المبلغ الإجمالي 320 ريال. الفاتورة واضحة ومفصلة، عمل ممتاز,payment_portal,2025-05-15 02:14:30,فوترة,إيجابي
C525615,السلام عليكم، المبلغ الإجمالي 199 ريال. أحتاج مساعدة عاجلة من فضلكم سأضطر لإلغاء الاشتراك إن لم تُحل المشكلة.,delivery_app,2025-05-15 06:13:56,توصيل,سلبي
C282428,هذه المرة الثانية التي يحدث فيها ذلك. التحديث الجديد ممتاز والتطبيق صار أسرع,mobile_app,2025-05-15 10:10:09,تقني,إيجابي
C708796,الحاجة وصلت مكسورة، طالب ألعاب أطفال يوم الخميس,delivery_app,2025-05-15 17:55:14,توصيل,سلبي
C672144,مرحباًِ، تَواصلت معكم يوم اَلسبت بخصوص خلاط. لدي مشكلِة منذُ أمس ولم يحلها أَحد سأَضطر لإلغُاء الاشتراك إن لم تُحَل المشكلة.,delivery_app,2025-05-15 22:34:38,توصيل,سلبي
C870898,هل يمكن تغيير عنوان التوصيل للطلب #37485؟ تواصلت معكم يوم الثلاثاء بخصوص كتب.,delivery_app,2025-05-16 00:16:34,توصيل,محايد
C312778,مرحبا الخدمة كتير سيئة، المبلغ 150,delivery_app,2025-05-16 00:45:23,توصيل,سلبي
C750469,التحديث الجديد ممتاز والتطبيق صار أسرع، هذه المرة الرابعة التي يحدث فيها ذلك.,mobile_app,2025-05-16 01:22:08,تقني,إيجابي
C335320,طلبي #18399 متأخر 7 أيام وللحين ما وصل، كلمتكم يوم السبت عن سماعات طلبت نظارة شمسية يوم الثلاثاء,delivery_app,2025-05-16 08:59:54,توصيل,سلبي
C527448,متى يتم إصدار اــــلفاتورة الشهرية؟,payment_portal,2025-05-16 09:05:48,فوترة,محايد
C657470,السلام عليكم التطبيق يطلعني برا كل ما أفتح الطلبات، رقم الطلب #71387 المبلغ 750 ريال ابي حل بسرعة,mobile_app,2025-05-16 10:37:13,تقني,سلبي
C693697,الموظف كان أسلوبه مو زين وسكّر بوجهي، رقم الطلب #59320 رقمي 0510816684,call_center,2025-05-16 12:31:21,خدمة_عملاء,سلبي
C571155,ازيكم رقم الأوردر #41970 من ساعة التحديث الجديد والأبلكيشن واقع بجد حاجة تضايق!,mobile_app,2025-05-16 16:19:07,تقني,سلبي
C263611,تم استرجاع المبلغ بسرعة، شكراً لكم، هذه اــلمرة الثالثة التي يحدث فيها ذلك. المبلغ الإجمالي 199 ريال.,payment_portal,2025-05-17 04:54:12,فوترة,إيجابي
C980488,انخصم مني 199 ريال مرتين على نفس الطلب، طلبت ألعاب أطفال يوم الثلاثاء,payment_portal,2025-05-17 06:12:58,فوترة,سلبي
C494029,الغرض وصل مكسور، هي المرة الثانية بتصير هيك ما رح اتعامل معكن بعد اليوم,delivery_app,2025-05-17 13:25:55,توصيل,سلبي
C754211,يا جماعة لسه المشكلة زي ما هي، الحساب كله 150 جنيه بجد حاجة تضايق! https://example.com/orders/96739,web_form,2025-05-17 20:04:34,أخرى,سلبي
C835257,هذي المرة الثالثة يصير كذا الخدمة واجد سيئة ما عاد أتعامل معكم,delivery_app,2025-05-17 21:05:09,توصيل,سلبي
C224672,هذي المرة الثالثة يصير كذا الخدمة واجد سيئة ما عاد أتعامل معكم,delivery_app,2025-05-17 21:05:09,توصيل,سلبي
C728395,تُجربة ما بتنعاد,delivery_app,2025-05-17 21:59:02,توصيل,سلبي
C688451,كيف أتتبع الشحنة رقم #24153؟ تواصلت معكم يوم الثلاثاء بخصوص شاحن. رقم الطلب #40772.,delivery_app,2025-05-17 23:31:54,توصيل,محايد
C105436,لو سمحتم، هذه المرة الثالثة التي يحدث فيها ذلك. طلبت خلاط يوم الاثنين. التحديث الجديد ممتاز والتطبيق صار أسرع,mobile_app,2025-05-18 03:21:18,تقني,إيجابي
C546708,المبلغ 320 بعتتلكن كذا رسالة وما حدا رد ما رح اتعامل معكن بعد اليوم,call_center,2025-05-18 08:56:23,خدمة_عملاء,سلبي
C610850,رقْمّ اْلطْلب #52705. شكْراً على سُرعة الُرد واَلُتَعاملّ الراقي,mobile_app,2025-05-18 19:12:18,خدمة_عملاء,إيجابي
C270430,يا جمِاعة دي الْمرة اُلثاَلثة يحصل كْده لُسه المشكلةُ زي ما هي,call_center,2025-05-18 20:05:21,خدمة_عملاء,سلبي
C619207,حكيتكن يوم الاثنين عن لابتوب رقم الطلب #82105 الفاتورة هالمرة كتير غالية وما حدا شرحلي ليش رقمي 0522054727,payment_portal,2025-05-19 00:48:35,فوترة,سلبي
C299557,هلا التطبيق يطلعــــني برا كل ما أفتح الطلبات، رقم الطلب #59507,twitter,2025-05-19 01:53:49,تقني,سلبي
C181389,لو سمحتم، الموقع بطيء جداً وتظهر رسالة خطأ عند الدفع، طلبت شاحن يوم الاثنين. سأضطر لإلغاء الاشتراك إن لم تُحل المشكلة.,mobile_app,2025-05-19 07:05:14,تقني,سلبي
C560930,طالب شاحن يوم الثلاثاء صرلي 10 أيام ناطر يرجعولي المصاري وما في شي بدي حل بسرعة,call_center,2025-05-19 09:12:23,خدمة_عملاء,سلبي
C433173,يا جماعة انسحب مني 199 مرتين على نفس الطلب، المبلغ 499 بدي حل بـــسرعة,payment_portal,2025-05-19 09:14:19,فوترة,سلبي
C157599,هلا طلبي #32129 متأخر 11 أيام وللحين ما وصل، المبلغ 750 ريال,delivery_app,2025-05-19 16:24:52,توصيل,سلبي
C620809,..؟,mobile_app,2025-05-19 20:40:05,تقني,محايد
C574498,المبلغ 99 ما عم يزبط معي سجل دخول مع إنو كلمة اـلسر صح,mobile_app,2025-05-19 21:59:05,تقني,سلبي
C462484,هذي المرة الثانية يصير كذا الغرض وصلني مكسور ابي حل بسرعة,delivery_app,2025-05-19 23:09:10,توصيل,سلبي
C472060,السلام عليكم طلبت نظارة شمسية يوم السبت أبي أكلم مسؤول لو سمحتوا,payment_portal,2025-05-19 23:12:07,فوترة,سلبي
C670776,السلام عليكم، رقم الــطلب #92843. كيف أفعّل التحقق بخطوتين؟,mobile_app,2025-05-19 23:31:05,تقني,محايد
C824757,مرحباً، المبلغ الإجمالي 250 ريال. تواصلت معكم يوم الاثنين بخصوص كرسي مكتب. كيف أقدّم شكوى رسمية؟,call_center,2025-05-20 02:14:11,خدمة_عملاء,محايد
C986901,راسلتكم أكثر من مرة ومحد رد علي ما عاد أتعامل معكم,call_center,2025-05-20 08:44:58,خدمة_عملاء,سلبي
C786356,يا جماعة المندوب ما اتصل ورجع الطلب، طلبت عطر يوم الخميس,delivery_app,2025-05-20 10:10:46,توصيل,سلبي
C998887,رقم الطلب #57216 كود التحقق ما يوصلني ما عاد أتعامل معكم,mobile_app,2025-05-20 10:11:51,تقني,سلبي
C984602,لسا المشكلة متل ما هي، حكيتكن يوم الثلاـثاء عن عطر,payment_portal,2025-05-20 14:00:29,فوترة,سلبي
C436178,الــــسلام عليكم، هل يدعم التطبيق الأجهزة القديمة؟ تواصلت معكم يوم الاثنين بخصوص عطر.,mobile_app,2025-05-20 19:36:53,تقني,محايد
C159826,الــــسلام عليكم، هل يدعم التطبيق الأجهزة القديمة؟ تواصلت معكم يوم الاثنين بخصوص عطر.,mobile_app,2025-05-20 19:36:53,تقني,محايد
C421791,!!!!,mobile_app,2025-05-21 00:03:37,تقني,سلبي
C171341,مرحباً، كيف أغيّر رقم الجوال المرتبط بالحساب؟,mobile_app,2025-05-21 04:46:06,تقني,محايد
C783704,مرحباً، كيف أغيّر رقم الجوال المرتبط بالحساب؟,mobile_app,2025-05-21 04:46:06,تقني,محايد
C785944,كلمتكم يوم الأحد عن طابعة طالب قهوة يوم السبت تجربة زفت بصراحة,delivery_app,2025-05-21 04:55:26,توصيل,سلبي
C579257,رقم الطلب #38548 عندي مشكلة من مبارح وما حدا حلّها والله شي بيقهر!,mobile_app,2025-05-21 13:11:27,تقني,سلبي
C514787,ازيكم الحاجة وصلت مكسورة، كلمتكم يوم السبت عن مكنسة كهربائية,delivery_app,2025-05-21 13:12:05,توصيل,سلبي
C944200,المندوب كان محترماً ودقيقاً في الموعد، تواصلت معكم يوم الأربعاء بخصوص قهوة. رقم الطلب #53276.,delivery_app,2025-05-21 21:16:43,توصيل,إيجابي
C104581,هلا للحين المشكلة ما انحلت، هذي المرة الرابعة يصير كذا طلبت كتب يوم الأربعاء والله شي يقهر!,mobile_app,2025-05-21 22:54:36,تقني,سلبي
C603250,السلام عليكم طلبت ساعة ذكية يوم الجمعة كلمتكم يوم الخميس عن جوال جددوا لي الاشتراك بدون ما أوافق وسحبوا 750 ريال ما عاد أتعامل معكم,delivery_app,2025-05-21 23:40:23,توصيل,سلبي
C600613,اِلّغرّض وصلني مكسْور,delivery_app,2025-05-22 05:07:28,توصيل,سلبي
C144651,مرحباً، تواصلت معكم يوم الأربعاء بخصوص كرسي مكتب. هذه المرة الرابعة التي يحدث فيها ذلك. فكرة برنامج النقاط ممتازة,web_form,2025-05-22 09:42:23,أخرى,إيجابي
C421597,المبلغ الإَجمالي 320 ريال. رقْم الطلب #51809. هَل يدعم اُلتطّبيق الأجهزة الِقِديمة؟,mobile_app,2025-05-22 09:54:41,تقني,محايد
C226256,هل يمكن الحصول علْى فاِتُورة ضريبية للِطلب #81716؟,payment_portal,2025-05-22 13:24:20,فوترة,محايد
C854703, ,delivery_app,2025-05-22 16:26:13,توصيل,سلبي
C306740,كل موظف يعطيني معلومة مختلفة عن الآخر هذا غير مقبول إطلاقاً!,call_center,2025-05-22 17:58:07,خدمة_عملاء,سلبي
C514765,لو سمحتم، تجربتي معكم كانت مخيبة للآمال، تواصلت معكم يوم الثلاثاء بخصوص شاشة.,delivery_app,2025-05-22 18:00:16,توصيل,سلبي
C205209,لو سمحتم، تواصلت معكم يوم السبت بخصوص جوال. التطبيق يتوقف عن العمل كلما حاولت فتح صفحة الطلبات هذا غير مقبول إطلاقاً!,mobile_app,2025-05-23 03:38:29,تقني,سلبي
C918880,ازيكم الكوبون مااشتغلش والفلوس اتسحبت كاملة، وأيضاً المندوب ماكلمنيش ورجّع الشحنة,payment_portal,2025-05-23 07:44:02,فوترة,سلبي
C948756,السلام عليكم، وصل الطلب قبل الموعد والــتغليف ممتاز، رقم الطلب #93231. هذه المرة الرابعة التي يحدث فيها ذلك.,delivery_app,2025-05-23 12:13:41,توصيل,إيجابي
C580441,طلبيتي #41236 متأخرة 9 أيام ولسا ما وصلت، طالب ساعة ذكية يوم الأحد المبلغ 49 والله شي بيقهر!,twitter,2025-05-23 14:57:30,توصيل,سلبي
C143543,يا جماعة رقم الطلب #48041 ما عم يزبط معي سجل دخول مع إنو كلمة السر صح,mobile_app,2025-05-23 20:44:16,تقني,سلبي
C133054,وصل الطلب قِبل اِلموعد والتغلُيف ممتاز، المّبّلغ الإجمالي 150 ريال.,delivery_app,2025-05-23 22:30:35,توصيل,إيجابي
C828343,السلام عليكم، رقم الطلب #86524. هذه المرة الثالثة التي يحدث فيها ذلك. تم تسجيل الطلب كمستلم ولكنه لم يصلني https://example.com/orders/55800,delivery_app,2025-05-24 03:59:29,توصيل,سلبي
C768775, السلام عليكم، رقم الطلب #86524. هذه المرة الثالثة التي يحدث فيها ذلك. تم تسجيل الطلب كمستلم ولكنه لم يصلني https://example.com/orders/55800 ,delivery_app,2025-05-24 05:39:29,توصيل,سلبي
C689428,مرحباً، هل يمكن الحصول على فاتورة ضريبية للطلب #84509؟,payment_portal,2025-05-24 07:02:17,فوترة,محايد
C549986,,payment_portal,2025-05-24 12:45:02,فوترة,سلبي
C581623,هلا ودي تضيفون خيار الدفع عند الاستلام، كلمتكم يوم الخميس عن ثلاجة طلبت جوال يوم الخميس,web_form,2025-05-24 13:45:55,أخرى,سلبي
C469109,تم استرجاع المبلغ بسرعة، شكراً لكم، هذه المرة الثالثة التي يحدث فيها ذلك.,payment_portal,2025-05-24 14:48:22,فوترة,إيجابي
C607609,ازيكم الفاتورة المرة دي غالية جداً ومش فاهم ليه، كلمتكم يوم الأحد عن شاحن مش هتعامل معاكم تاني,payment_portal,2025-05-24 15:51:07,فوترة,سلبي
C262150,يا جماعة طلبيتي #65234 متأخرة 4 أيام ولسا ما وصلت، طالب طابعة يوم الأربعاء ما رح اتعامل معكن بعد اليوم,delivery_app,2025-05-24 18:48:05,توصيل,سلبي
C764827,الموظف كان أسلوبه وحش وقفل السكة في وشي، كلمتكم يوم السبت عن خلاط دي المرة الرابعة يحصل كده,call_center,2025-05-24 21:15:33,خدمة_عملاء,سلبي
C149023,كيف أغيّر رقم الجوال المرتبط بالحساب؟ طلبت نظارة شمسية يوم الجمعة.,mobile_app,2025-05-24 21:17:40,تقني,محايد
C118389,دي المرة الثالثة يحصل كده عايز أكلم حد مسؤول,mobile_app,2025-05-25 07:34:12,تقني,سلبي
C640489,كيف أقدّم شكوى رسمية؟ المبلغ الإجمالي 150 ريال.,call_center,2025-05-25 09:38:33,خدمة_عملاء,محايد
C317073,كيف أقدّم شكوى رسمية؟ المبلغ الإجمالي 150 ريال.,call_center,2025-05-25 09:38:33,خدمة_عملاء,محايد
C943663,طلبي #57782 متأخر 10 أيام وللحين ما وصل، هذي المرة الثانية يصير كذا,delivery_app,2025-05-25 16:09:41,توصيل,سلبي
C503819,لو سمحت تجربة زفت بصراحة، الحساب كله 150 جنيه دي المرة الثالثة يحصل كده بجد حاجة تضايق!,delivery_app,2025-05-25 20:22:15,توصيل,سلبي
C269360,ازيكم عندي مشكلة من امبارح ومحدش حلها، طالب نظارة شمسية يوم الجمعة دي المرة الرابعة يحصل كده عايز حل بسرعة,mobile_app,2025-05-25 21:48:34,تقني,سلبي
C301070,كَيف أقُدّم شكوى رسمية؟,call_center,2025-05-26 00:50:49,خدمة_عملاء,محايد
C497471,رِقم اّلأوردر #25546 مكتوَبْ إن الأوردر اتسلم وُأُنا ماستلمتش حُاجْة بجد حاجة تضايّق!,delivery_app,2025-05-26 08:05:05,توصيل,سلبي
C261817,السلام عليكم، متى يتم إصدار الفاتورة الشهرية؟ تواصلت معكم يوم الخميس بخصوص طابعة.,payment_portal,2025-05-26 08:22:16,فوترة,محايد
C173748,بعد التحديث الأخير لم يعد التطبيق يعمل على هاتفي سأضطر لإلغاء الاشتراك إن لم تُحل المشكلة.,mobile_app,2025-05-26 11:03:03,تقني,سلبي
C987689,الكوبون مااشتغلش والفلوس اتسحبت كاملة، رقم الأوردر #50331 طالب كتب يوم السبت,payment_portal,2025-05-26 18:14:25,فوترة,سلبي
C923099,مرحباً، الفاتورة واضحة ومفصلة، عمل ممتاز https://example.com/orders/10217,payment_portal,2025-05-27 00:42:24,فوترة,إيجابي
C847198,هي المرة الخامسة بتصير هيك المبلغ 49 جددـــولي الاشتراك بدون ما اطلب وانسحب المبلغ بدي حل بسرعة رقمي 0546048781,payment_portal,2025-05-27 01:44:29,فوترة,سلبي
C586151,هلا للحين المشكلة ما انحلت، هذي المرة الرابعة يصير كذا ما عاد أتعامل معكم,payment_portal,2025-05-27 03:16:22,فوترة,سلبي
C261889,كلمتكم يوم الخميسّ عن خلاط الحاــجة وَصلت مكسورة عايُز حُل بسرعة رقْمي 0593547101,delivery_app,2025-05-27 03:19:26,توصيل,سلبي
C194884,المبلغ 99 ريال للحين المشكلة ما انحلت ابي حل بسرعة,delivery_app,2025-05-27 04:12:42,توصيل,سلبي
C439980,مش عارف أعمل لوجين والباسورد صح، الحساب كله 250 جنيه,call_center,2025-05-27 15:15:30,خدمة_عملاء,سلبي
C491868,ازيكم عايز أــكلم حد مسؤول، طالب مكنسة كهربائية يوم الأحد,delivery_app,2025-05-27 17:44:35,توصيل,سلبي
C974512,لو سمحتم، لدي مشكلة منذ أمس ولم يحلها أحد، طلبت قهوة يوم الأربعاء.,mobile_app,2025-05-27 22:24:27,تقني,سلبي
C222860,يا جماعة هذي المرة الثالثة يصير كذا أبي أحذف حسابي نهائياً والله شي يقهر!,web_form,2025-05-27 23:19:33,أخرى,سلبي
C251012,يا جماعة طالب كتب يوم الاثنين رقم الأوردر #61437 المندوب ماكلمنيش ورجّع الشحنة عايز حل بسرعة,delivery_app,2025-05-28 06:03:07,توصيل,سلبي
C472018,يا جماعة دي المرة الثالثة يحصل كده كلمتكم يوم الخميس عن شاشة الأبلكيشن بيقفل لوحده كل شوية,email,2025-05-28 06:28:33,تقني,سلبي
C304104,فضلت مستني على التليفون ساعة ومحدش رد، كلمتكم يوم الاثنين عن شاحن مش هتعامل معاكم تاني,call_center,2025-05-28 13:59:36,خدمة_عملاء,سلبي
C311559,لو سمحت تجربة زفت بصراحة، الحساب كله 250 جنيه مش هتعامل معاكم تاني,mobile_app,2025-05-28 19:26:00,تقني,سلبي
C273490,🙄🙄,payment_portal,2025-05-29 12:25:21,فوترة,سلبي
C613858,الخدمة كتير سيئة، هي المرة الخامسة بتصير هيك ما رح اتعامل معكن بعد اليوم,payment_portal,2025-05-29 16:48:03,فوترة,سلبي
C589238,لو سمحتم، طلبت قهوة يوم الجمعة. المندوب كان محترماً ودقيقاً في الموعد,delivery_app,2025-05-29 17:16:22,توصيل,إيجابي
C100888,انخصم مني 49 ريال مرتين على نفس الطلب، وأيضاً الغرض وصلني مكسور، المبلغ 320 ريال ما عاد أتعامل معكم,payment_portal,2025-05-29 19:06:05,فوترة,سلبي
C377845,السلام عليكم، هل يدعم التطبيق الأجهزة القديمة؟,mobile_app,2025-05-29 19:14:22,تقني,محايد
C385078,شكراً لفريق الدعم الفني على حل مشكلة تسجيل الدخول، هذه المرة الخامسة التي يحدث فيها ذلك.,mobile_app,2025-05-30 02:45:33,تقني,إيجابي
C947416,السلام عليكم جددوا لي الاشتراك بدون ما أوافق وسحبوا 499 ريال ابي حل بسرعة,payment_portal,2025-05-30 07:31:47,فوترة,سلبي
C925684,السلام عليكم التطبيق يطلعني برا كل ما أفتح الطلـبات,mobile_app,2025-05-30 07:51:55,تقني,سلبي
C842635,لو سمحتو ما عم يزبط معي سجل دخول مع إنو كلمة السر صح، هي المرة الخامسة بتصير هيك حكيتكن يوم السبت عن ثلاجة والله شي بيقهر!,mobile_app,2025-05-30 11:43:01,تقني,سلبي
C270613,رقم الطلب #25770. فكرة برنامج النقاط ممتازة,web_form,2025-05-30 13:22:05,أخرى,إيجابي
C832779,المبلغ 49 ريال ودي تضيفون خيار الدفع عند الاستلام,web_form,2025-05-30 17:11:58,أخرى,سلبي
C763292,هل يمكن الحصول على فـــاتورة ضريبية للطلب #36923؟ رقم الطلب #64879. المبلغ الإجمالي 49 ريال.,payment_portal,2025-05-30 17:21:25,فوترة,محايد
C713463,طلبت كتب يوم الأربعاء ما أقدر أسجل دخول والباسوورد صحيح ما عاد أتعامل معكم,mobile_app,2025-05-30 23:00:06,تقني,سلبي
C440083,رقم الُطلب #39928 هي المرة الثالّثة بتصَيرُ هّيك طلبيْتي #21004 متأَخرة 13 أيام ولُساُ مِاّ وصلت بدي حل بسرعةُ,delivery_app,2025-05-30 23:54:34,توصيل,سلبي
C975527,طلبت لابتوب يوم الاثنين المندوب ما اتصل ورجع الطلب، وكمان التطبيق يطلعني برا كل ما أفتح الطلبات ابي حل بسرعة,delivery_app,2025-05-31 00:08:40,توصيل,سلبي
C937397,مرحباً، طلبت ثلاجة يوم الاثنين. كيف أتتبع الشحنة رقم #17200؟,delivery_app,2025-05-31 03:06:41,توصيل,محايد
C754271,el fatora ghalia awi el marra di,payment_portal,2025-05-31 09:58:08,فوترة,سلبي
C102529,بعت رسايل كتير ومحدش بيرد، كلمتكم يوم الاثنين عن حذاء رياضي رقم الأوردر #30255 مش هتعامل معاكم تاني,call_center,2025-05-31 16:53:03,خدمة_عملاء,سلبي
C261043,هذه المرة الخامسة التي يحدث فيها ذلك. هل يمكن تغيير عنوان التوصيل للطلب #28119؟,delivery_app,2025-06-01 02:41:49,توصيل,محايد
C147164,من ساعة التحديث الجديد والأبلكيشن واقع، الحساب كله 49 جنيه,mobile_app,2025-06-01 03:39:00,تقني,سلبي
C411705,هلا المندوب ما اتصل ورجع الطلب,delivery_app,2025-06-01 07:38:33,توصيل,سلبي
C176860,صرلي 3 أيام ناطر يرجعولي المصاري وما في شي، المبلغ 199 بدي حل بسرعة,payment_portal,2025-06-01 09:51:49,فوترة,سلبي
C794507,..؟,payment_portal,2025-06-01 17:00:35,فوترة,محايد
C970361,مكتوب إن الأوردر اتسلم وأنا ماستلمتش حاجة، كلمتكم يوم الخميس عن سماعات عايز حل بسرعة,email,2025-06-01 18:41:35,توصيل,سلبي
C788859,السلام عليكم راسلتكم أكثر من مرة ومحد رد علي، رقم الطلب #22750 ابي حل بسرعة,web_form,2025-06-01 21:29:20,أخرى,سلبي
C450853,طلبيتي #68004 متأخرة 11 أيام ولسا ما وصلت، طالب ساعة ذكية يوم الأربعاء,delivery_app,2025-06-01 22:02:08,توصيل,سلبي
C789281,المندْوبْ ماكلمنيش ورجّع الشحنة، الْحساب كلهَ 320 جنيه مشَ هتعامل معاكم تُاني,delivery_app,2025-06-01 23:43:19,توصيل,سلبي
C983934,لو سمحت طالب لابتوب يوم الجمعة الفاتورة المرة دي غالية جداً ومش فاهم ليه,twitter,2025-06-02 00:34:06,فوترة,سلبي
C736553,لو سمحت طالب لابتوب يوم الجمعة الفاتورة المرة دي غالية جداً ومش فاهم ليه,twitter,2025-06-02 00:34:06,فوترة,سلبي
C929492,اَلكوبون مّاّاشْتغلش والفلوَس اِتَسحِبت كامِلة عايز حل بسرعة,payment_portal,2025-06-02 07:51:50,فوترة,سلبي
C126673,جدُدُولي الاشتراك بدونِ ماْ اطلب واْنسحِب المبلغ، هي اّلمرّة الْثانية بتصير هيك رّقم الطلب #54883 بَديّ حل بسرعة,payment_portal,2025-06-02 10:40:49,فوترة,سلبي
C836063,السلام عليكم، متى يتم إصدار الفاتورة الشهرية؟ هذه المرة الثالثة التي يحدث فيها ذلك. https://example.com/orders/14076,payment_portal,2025-06-02 11:26:35,فوترة,محايد
C157028,مرحباً، هل يمكن الحصول على فاتورة ضريبية للطلب #34604؟ تواصلت معكم يوم الأربعاء بخصوص حقيبة.,payment_portal,2025-06-02 15:59:48,فوترة,محايد
C547858,لو سمحت من ساعة اُلتحديث الجديد والأِبلكيّشن واَقع، طالب لاَبتَوب يوم الثّلاثّاء,mobile_app,2025-06-02 18:18:16,تقني,سلبي
C556426,السلام عليكم، رقم الطلب #16859. هل يوجد رقم مباشر للتواصل مع مشرف؟,call_center,2025-06-02 23:38:00,خدمة_عملاء,محايد
C889830,هل لديكم برنْامج ولاء أوّ نِقاط؟ المبَلغ الإجَمالي 99 رياُل.,web_form,2025-06-04 03:39:33,أخرى,محايد
C633890,هلا انتظرت ساعة على الخط ومحد رد، كلمتكم يوم السبت عن حذاء رياضي رقم الطلب #27511 والله شي يقهر!,call_center,2025-06-04 04:19:09,خدمة_عملاء,سلبي
C842212,انخصم مني 150 ريال مرتين على نفس الطلب، كلمتكم يوم السبت عن شـــاشة والله شي يقهر!,payment_portal,2025-06-04 05:10:29,فوترة,سلبي
C637900,ازيكم الفاتورِة المرة دّي غْالية جِداً وَمِشّ فاهم لُيهِ,payment_portal,2025-06-04 07:28:49,فوترة,سلبي
C706212,مرحباً، طلبت سماعات يوم الاثنين. المبلغ الإجمالي 750 ريال. تم استرجاع المبلغ بسرعة، شكراً لكم,payment_portal,2025-06-04 09:40:13,فوترة,إيجابي
C143266,السلام عليكم، كيف أغيّر رقم الجوال المرتبط بالحساب؟ تواصلت معكم يوم الأحد بخصوص ساعة ذكية.,mobile_app,2025-06-04 11:32:01,تقني,محايد
C183735,السلام عليكم، كيف أغيّر رقم الجوال المرتبط بالحساب؟ تواصلت معكم يوم الأحد بخصوص ساعة ذكية.,mobile_app,2025-06-04 11:32:01,تقني,محايد
C973878,,delivery_app,2025-06-05 04:04:11,توصيل,سلبي
C731581,يا جماعة المبلغ 750 هي المرة الرابعة بتصير هيك ضليت ناطر ع التلفون ساعة وما حدا رد بدي حل بسرعة,email,2025-06-05 05:24:55,خدمة_عملاء,سلبي
C525667,الحاجة وصلت مكسورة، وفوق هذا الأبلكيشن بيقفل لوحده كل شوية، طالب نظارة شمسية يوم الأحد مش هتعامل معاكم تاني,web_form,2025-06-05 06:34:42,توصيل,سلبي
C349453,مرحبا المبلغ 499 طالب سماعات يوم الأحد بدي امحي حسابي نهائياً,web_form,2025-06-05 10:29:12,أخرى,سلبي
C586153,مرحبا هي المرة الخامسة بتصير هيك تجربة ما بتنعاد,payment_portal,2025-06-05 10:42:02,خدمة_عملاء,سلبي
C488639,لو سمحتم، كيف أُغيّر رقم الَجواْلَ المُرَتِبط بالحساب؟ هذهُ اّلمرة اَلخامسة التي يحدث فيّها ذلك. رِقمي 0519530996,mobile_app,2025-06-05 21:52:05,تقني,محايد
C269862,جددوا لي الاشتراك بدون ما أوافق وسحبوا 99 ريال، وفوق هذا بعد التحديث الجديد التطبيق خربان، طلبت مكنسة كهربائية يوم الاثنين,payment_portal,2025-06-06 00:48:14,فوترة,سلبي
C595561,لو سمحتم، تواصلت معكم يوم الأحد بخصوص ساعة ذكية. المبلغ الإجمالي 499 ريال. هل يمكن الحصول على فاتورة ضريبية للطلب #10556؟,payment_portal,2025-06-06 01:37:13,فوترة,محايد
C532000,جددوا لي الاشتراك بدون ما أوافق وسحبوا 99 ريال ، وفوق هذا بعد التحديث الجديد التطبيق خربان ، طلبت مكنسة كهربائية يوم الاثنين,payment_portal,2025-06-06 02:50:14,فوترة,سلبي
C970850,يا جماعة عندي مشكلة من أمس ومحد حلها، كلمتكم يوم السبت عن حقيبة المبلغ 750 ريال ابي حل بسرعة,payment_portal,2025-06-06 04:32:35,فوترة,سلبي
C158843,مرحباً، هذه المرة الخامسة التي يحدث فيها ذلك. هل يدعم التطبيق الأجهزة القديمة؟,mobile_app,2025-06-06 05:09:03,تقني,محايد
C986235,يا جماعة ما عم يزبط معي سجل دخول مع إنو كلمة السر صح، المبلغ 150 هي المرة الثانية بتصير هيك,mobile_app,2025-06-06 09:30:55,تقني,سلبي
C494681,مرحباً، رقم الطلب #43706. التحديث الجديد ممتاز والتطبيق صار أسرع,mobile_app,2025-06-06 09:32:43,تقني,إيجابي
C221796,لو سمحتو بعتتلكن كذا رسالة وما حدا رد، المبلغ 250,call_center,2025-06-06 09:58:37,خدمة_عملاء,سلبي
C920844,مرحباً، هل يمكن تغيير عنوان التوصيل للطلب #37361؟ طلبت شاحن يوم الأربعاء.,delivery_app,2025-06-06 11:24:31,توصيل,محايد
C693464,التطبيق عم يسكّر لحالو كل شوي، وفوق هذا الموظف كان أسلوبو مش منيح وسكّر الخط، طالب ساعة ذكية يوم الأحد حكيتكن يوم الجمعة عن نظارة شمسية,mobile_app,2025-06-06 11:58:19,تقني,سلبي
C592933,دي اَلمرة الخامسة يحَصِل كده الحسابِ كله 199 جنْيه الحاجَة وصلتّ مكسورة عايزُ حل بِسرّعةّ,payment_portal,2025-06-06 14:26:14,فوترة,سلبي
C164536,ازيكم لسه المشكلة زي ما هي، طالب حقيبة يوم السبت بجد حاجة تضايق! https://example.com/orders/54119,payment_portal,2025-06-07 00:35:39,فوترة,سلبي
C442832,لو سمحت كلمتكم يوم الاثنين عن طابعة اتخصم مني 320 جنيه مرتين على نفس الأوردر عايز حل بسرعة,payment_portal,2025-06-07 01:05:04,فوترة,سلبي
C247818,لو سمحت كلمتكم يوم الاثنين عن طابعة اتخصم مني 320 جنيه مرتين على نفس الأوردر عايز حل بسرعة,payment_portal,2025-06-07 01:05:04,فوترة,سلبي
C168197,مرحباً، طلبت شاشة يوم الثلاثاء. هذه المرة الثالثة التي يحدث فيها ذلك. كيف أتتبع الشحنة رقم #52988؟,delivery_app,2025-06-07 05:10:43,توصيل,محايد
C524302,هلا المبلغ 250 ريال انخصم مني 320 ريال مرتين على نفس الطلب، وأيضاً راسـلتكم أكثر من مرة ومحد رد علي والله شي يقهر!,payment_portal,2025-06-07 11:56:29,فوترة,سلبي
C661187,يا جماعة الطلب وصل ناقص غرض، كلمتكم يوم الخميس عن مكنسة كهربائية المبلغ 150 ريال ما عاد أتعامل معكم,delivery_app,2025-06-07 16:14:30,توصيل,سلبي
C563796,يا جماعة الطلب وصل ناقص غرض، كلمتكم يوم الخميس عن مكنسة كهربائية المبلغ 150 ريال ما عاد أتعامل معكم,delivery_app,2025-06-07 16:14:30,توصيل,سلبي
C882828,يا جماعة الموظف كان أسلوبه مو زين وسكّر بوجهي، طلبت لابتوب يوم الأربعاء هذي المرة الثانية يصير كذا ما عاد أتعامل معكم,call_center,2025-06-07 17:33:04,خدمة_عملاء,سلبي
C115112,el fatora ghalia awi el marra di order #58396,payment_portal,2025-06-07 19:24:50,فوترة,سلبي
C417653,يا جماعة ضليت ناطر ع التلفون ساعة وما حدا رد، هي المرة الثانية بتصير هيك,call_center,2025-06-07 22:28:36,خدمة_عملاء,سلبي
C381140,يا جماعة الموظف كان أسلوبو مش منيح وسكّر الخط والله شي بيقهر!,call_center,2025-06-08 05:02:38,خدمة_عملاء,سلبي
C568353,مرحبا صرلي 6 أيام ناطر يرجعولي المصاري وما في شي، المبلغ 750 بدي حل بسرعة,payment_portal,2025-06-08 05:51:31,فوترة,سلبي
C911890,السلام عليكم، وصل الطلب قبل الموعد والتغليف ممتاز، تواصلت معكم يوم السبت بخصوص ألعاب أطفال.,delivery_app,2025-06-08 18:03:42,توصيل,إيجابي
C838775,كلمتكم يوم الاثنين عن كرسي مكتب الخدمة واجد سيئة,payment_portal,2025-06-08 20:59:35,فوترة,سلبي
C191349,كيِف أقدَّم شكوى رسمية؟ المْبلغ الإجمْالي 250 ريَالَ. هذه المرة الَخامسة التُي يحدث فيهَا ذلكُ.,call_center,2025-06-09 01:18:30,خدمة_عملاء,محايد
C743976,لو سمحت مكتوب إن الأوردر اتسلم وأنا ماستلمتش حاجة، كلمتكم يوم الأربعاء عن جوال الحساب كله 320 جنيه,delivery_app,2025-06-09 02:19:12,توصيل,سلبي
C970965,الفاتورة واضحةَ ومْفصَلةّ، عّمل مْمتاَزْ، هذه اّلمرةَ الثانية اَلتيُ يحدثّ فيهاُ ذلك.,payment_portal,2025-06-09 02:39:06,فوترة,إيجابي
C847447,كيف أقدّم شكوى رسمية؟,call_center,2025-06-09 11:53:55,خدمة_عملاء,محايد
C553586,مرحبا صرلي 3 أيام ناطر يرجعولي المصاري وما في شي، رقم الطلب #80487 والله شي بيقهر! https://example.com/orders/53021,payment_portal,2025-06-09 14:27:26,فوترة,سلبي
C224467,كيف أتتبع الشحنة رقم #80730؟ طلبت كتب يوم الأربعاء.,delivery_app,2025-06-09 14:38:15,توصيل,محايد
C135685,مكتوب إن الأوردر اتسلم وأنا ماستلمتش حاجة، وكمان فضلت مستني على التليفون ساعة ومحدش رد، طالب عطر يوم الجمعة عايز حل بسرعة,delivery_app,2025-06-09 15:52:00,توصيل,سلبي
C572040,لو سمحتم، هذه المرة الثالثة التي يحدث فيها ذلك. هل يمكن الحصول على فاتورة ضريبية للطلب #23427؟,payment_portal,2025-06-09 17:31:46,فوترة,محايد
C738002,ازيكم طالب ثلاجة يوم الأحد كلمتكم يوم الخميس عن لابتوب الأوردر #78826 متأخر 4 أيام ولسه ماوصلش,delivery_app,2025-06-09 17:41:45,توصيل,سلبي
C139294, ازيكم طالب ثلاجة يوم الأحد كلمتكم يوم الخميس عن لابتوب الأوردر #78826 متأخر 4 أيام ولسه ماوصلش ,delivery_app,2025-06-09 20:31:45,توصيل,سلبي
C454459,هلا طلــــبت شاحن يوم الخميس الغرض وصلني مكسور ما عاد أتعامل معكم,delivery_app,2025-06-09 21:25:28,توصيل,سلبي
C822945,مرحباً، المندوب كان محترماً ودقيقاً في الموعد، المبلغ الإجمالي 250 ريال.,delivery_app,2025-06-09 23:25:44,توصيل,إيجابي
C678639,مكتوب إن الأوردر اتسلم وأنا ماستلمتش حاجة، طالب سماعات يوم الجمعة مش هتعامل معاكم تاني رقمي 0533981478,delivery_app,2025-06-10 07:07:59,توصيل,سلبي
C467807,لو سمحتو رمز التحقق ما عم يوصلني، المبلغ 199,mobile_app,2025-06-10 16:51:45,تقني,سلبي
C449920,الطلب وصل ناقص غرض، هذي المرة الخامسة يصير كذا,delivery_app,2025-06-10 18:56:45,توصيل,سلبي
C711541,هل يدعم التطبيق الأجهزة القديمة؟ رقم الطلب #55005.,mobile_app,2025-06-10 21:59:55,تقني,محايد
C386583,السلام عليكم طلبت شاحن يوم الجمعة كود التحقق ما يوصلني ابي حل بسرعة,mobile_app,2025-06-11 03:12:57,تقني,سلبي
C415634,أبي أكلم مسؤول لو سمحتوا,mobile_app,2025-06-11 06:21:36,تقني,سلبي
C257565,طلبي #89740 متأخر 13 أيام وللحين ما وصل، وأيضاً ما أقدر أسجل دخول والباسوورد صحيح، المبلغ 320 ريال,delivery_app,2025-06-11 07:10:47,توصيل,سلبي
C215429,السلام عليكم، هل تتوفر خدمة التوصيل في نفس اليوم؟ المبلغ الإجمالي 150 ريال.,delivery_app,2025-06-11 11:15:02,توصيل,محايد
C905258,مرحباً، رقم الطلب #56520. المبلغ الإجمالي 750 ريال. الفاتورة واضحة ومفصلة، عمل ممتاز,payment_portal,2025-06-11 14:58:19,فوترة,إيجابي
C562966,هي المرة الخامسة بتصير هيك انسحب مني 750 مرتين على نفس الطلب بدي حل بسرعة,payment_portal,2025-06-11 15:41:48,فوترة,سلبي
C524549,فضلت مستني على التليفون ساعة ومحدش رد، الحساب كله 150 جنيه كلمتكم يوم السبت عن مكنسة كهربائية عايز حل بسرعة,call_center,2025-06-11 18:59:14,خدمة_عملاء,سلبي
C317990,بعد التحديث الجديد التطبيق خربان، كلمتكم يوم الأربعاء عن كتب هذي المرة الثانية يصير كذا,mobile_app,2025-06-11 19:04:48,تقني,سلبي
C989525,الخدمة واجد سيئة، طلبت ساعة ذكية يوم الخميس والله شي يقهر!,call_center,2025-06-12 01:56:58,خدمة_عملاء,سلبي
C358456,el app bi2fel lwa7do kol shwaya order #82287,mobile_app,2025-06-12 03:49:34,تقني,محايد
C107980,التطبيق يطلعني برا كل ما أفتح الطلبات، طلبت طابعة يوم الجمعة رقم الطلب #12839 ابي حل بسرعة,mobile_app,2025-06-12 05:12:25,تقني,سلبي
C134667,كلمتكم يوم الخميس عن طابعة المندوب ماكلمنيش ورجّع الشحنة بجد حاجة تضايق!,delivery_app,2025-06-12 05:26:32,توصيل,سلبي
C285471,أبي أكلم مسؤول لو سمحتوا، كلمتكم يوم الخميس عن خلاط,delivery_app,2025-06-12 08:47:33,توصيل,سلبي
C499612,من بعد التحديث الجديد التطبيق ما عم يشتغل، هي المرة الخامسة بتصير هيك طالب ثلاجة يوم الأربعاء ما رح اتعامل معكن بعد اليوم,mobile_app,2025-06-12 10:39:18,تقني,سلبي
C818826,يا جماعة أبي أكلم مسؤول لو سمحتوا,delivery_app,2025-06-12 11:05:54,توصيل,سلبي
C784576,مرحباً، الفاتورة واضحة ومفصلة، عمل ممتاز، تواصلت معكم يوم الأحد بخصوص مكنسة كهربائية.,payment_portal,2025-06-12 15:48:55,فوترة,إيجابي
C198976,لو سمحتم، هل يدعم التطبيق الأجهزة القديمة؟,mobile_app,2025-06-12 16:17:11,تقني,محايد
C888782,لو سمحْت فضلت مستنيِ على التليفون ساعة ومِحدش رَد,call_center,2025-06-12 21:41:14,خدمة_عملاء,سلبي
C520450,لو سمحتم، هذه المرة الثانية التي يحدث فيها ذلك. المبلغ الإجمالي 750 ريال. هل يمكن تغيير عنوان التوصيل للطلب #63807؟,delivery_app,2025-06-12 23:40:29,توصيل,محايد
C261621,لو سمحتم، هذه المرة الثانية التي يحدث فيها ذلك. المبلغ الإجمالي 750 ريال. هل يمكن تغيير عنوان التوصيل للطلب #63807؟,delivery_app,2025-06-12 23:40:29,توصيل,محايد
C419903,لو سمحتم، كيف أقدّم شكوى رسمية؟,call_center,2025-06-13 06:16:54,خدمة_عملاء,محايد
C766352,المندوب لم يتصل بي وأعاد الشحنة، هذه المرة الثالثة التي يحدث فيها ذلك.,delivery_app,2025-06-14 03:08:53,توصيل,سلبي
C217387,المــوقع بطيء جداً وتظهر رسالة خطأ عند الدفع، تواصلت معكم يوم الخميس بخصوص جوال. أرجو الحل بأسرع وقت. رقمي 0590390390,mobile_app,2025-06-14 03:40:35,تقني,سلبي
C595445,جددولي الاشتراك بدون ما اطلب وانسحب المبلغ، المبلغ 99 ما رح اتعامل معكن بعد اليوم,web_form,2025-06-14 03:46:11,أخرى,سلبي
C407224,السلام عليكم الخدمة واجد سيئة، المبلغ 750 ريال ابي حل بسرعة,delivery_app,2025-06-14 06:57:48,توصيل,سلبي
C272258,من 13 أيام طالب استرجاع فلوسي وللحين ما وصلت، هذي المرة الرابعة يصير كذا طلبت سماعات يوم الجمعة ابي حل بسرعة,payment_portal,2025-06-14 11:11:18,فوترة,سلبي
C449189,طلبت سماعات يوم الخميس. التحديث الجديد ممتاز والتطبيق صار أسرع,mobile_app,2025-06-15 03:49:24,تقني,إيجابي
C700704,يا جماعة الكوبون مااشتغلش والفلوس اتسحبت كاملة، الحساب كله 320 جنيه كلمتكم يوم الجمعة عن مكنسة كهربائية مش هتعامل معاكم تاني,email,2025-06-15 06:56:23,فوترة,سلبي
C914951,المندوب ما اتصل ورجع الطلب,delivery_app,2025-06-15 08:10:53,توصيل,سلبي
C184532,السلام عليكم طلبت شاحن يوم السبت هذي المرة الرابعة يصير كذا جددوا لي الاشتراك بدون ما أوافق وسحبوا 99 ريال,payment_portal,2025-06-15 10:00:50,فوترة,سلبي
C965948,حكيتكن يوم الخميس عن مكنسة كهربائية بدي امحي حسابي نهائياً بدي حل بسرعة,web_form,2025-06-15 19:26:43,أخرى,سلبي
C367932,السلام عليكم الفاتورة هالشهر واجد غالية وما أدري ليش، المبلغ 49 ريال,payment_portal,2025-06-16 02:13:38,فوترة,سلبي
C427023,كيف أقدّم شكوى رسمية؟ تواصلت معكم يوم الجمعة بخصوص كتب. المبلغ الإجمالي 150 ريال.,call_center,2025-06-16 03:55:29,خدمة_عملاء,محايد
C159948,يا جماعة الْمّبلُغَ 49 حكّيتكنِ يوم الخميس عن حقيبة رمِز اْلْتحقّق ما عمِ يوصلني بدي حل بسرُعَة,mobile_app,2025-06-17 03:46:57,تقني,سلبي
C643309,راسلتكم أكثر من مرة ومحد رد علي، رقم الطلب #49382 ما عاد أتعامل معكم,delivery_app,2025-06-17 09:44:21,خدمة_عملاء,سلبي
C668072,يا جماعة دي المرة الرابعة يحصل كده بعت رسايل كتير ومحدش بيرد,call_center,2025-06-17 16:32:18,خدمة_عملاء,سلبي
C816900,المبلغ الإجمالي 250 ريال. متى يتم إصدار الفاتورة الشهرية؟,payment_portal,2025-06-17 19:19:48,فوترة,محايد
C364300,عندي مشكلة من أمس ومحد حلها، المبلغ 750 ريال https://example.com/orders/31966,payment_portal,2025-06-17 20:16:46,فوترة,سلبي
C540264,مرحبا هي المرة الرابعة بتصير هيك رقم الطلب #73556 الفاتورة هالمرة كتير غالية وما حدا شرحلي ليش,payment_portal,2025-06-17 20:50:42,فوترة,سلبي
C328909,كود التحقق ما يوصلني، كلمتكم يوم الجمعة عن سماعات رقم الطلب #39536,mobile_app,2025-06-18 02:01:52,تقني,سلبي
C680691,لو سمحتم، الفاتورة واضحة ومفصلة، عمل ممتاز، تواصلت معكم يوم السبت بخصوص نظارة شمسية.,payment_portal,2025-06-18 03:44:13,فوترة,إيجابي
C461893,..؟,call_center,2025-06-18 06:16:43,خدمة_عملاء,سلبي
C213831,يا جماعة الغرض وصلني مكسور، المبلغ 199 ريال كلمتكم يوم الأحد عن ثلاجة,delivery_app,2025-06-18 15:45:31,توصيل,سلبي
C266651,هلا ما أقدر أسجل دخول والباـــسوورد صحيح، طلبت شاحن يوم الخميس ما عاد أتعامل معكم,mobile_app,2025-06-18 15:50:14,تقني,سلبي
C340081,👎,payment_portal,2025-06-18 16:03:00,فوترة,سلبي
C832860,الفاتورة هالمرة كتير غالية وما حدا شرحلي ليش، المبلغ 150 حكيتكن يوم السبت عن مكنسة كهربائية,whatsapp,2025-06-18 20:05:19,فوترة,سلبي
C913695,السلام عليْكم للحيَن الْمشكلة مِا اّنحلت والله شي يقهر!,mobile_app,2025-06-18 21:52:52,تقني,سلبي
C519409,مرحباً، هل يمكن الحصول على فاتورة ضريبية للطلب #27504؟,payment_portal,2025-06-19 10:28:33,فوترة,محايد
C829197,يا جماعة مش عارف أعمل لوجين والباسورد صح، رقم الأوردر #87028 بجد حاجة تضايق!,mobile_app,2025-06-19 21:20:00,تقني,سلبي
C468237,يا جماعة مكتوب إن الأوردر اتسلم وأنا ماستلمتش حاجة، رقم الأوردر #67980 عايز حل بسرعة,delivery_app,2025-06-19 21:38:35,توصيل,سلبي
C412771,يا جماعة الحاجة وصلت مكسورة، طالب عطر يوم الخميس,delivery_app,2025-06-20 04:38:32,توصيل,سلبي
C295103,شكراً لفريق الدعم الفني على حل مشكلة تسجيل الدخول، رقم الطلب #53178.,mobile_app,2025-06-20 08:24:40,تقني,إيجابي
C190274,لو سمحتم، طلبت استرجـاع المبلغ منذ 5 أيام ولم يصلني شيء حتى الآن، هذه المرة الخامسة التي يحدث فيها ذلك.,payment_portal,2025-06-20 20:42:18,فوترة,سلبي
C224274,هلا طلبت كتب يوم الخميس الغرض وصلني مكسور ما عاد أتعامل معكم,delivery_app,2025-06-20 20:46:20,توصيل,سلبي
C448405,كيف أقدّم شــــكوى رسمية؟,call_center,2025-06-21 05:10:03,خدمة_عملاء,محايد
C718339,هي المرة الرابعة بتصير هيك المبلغ 320 ما عم يزبط معي سجل دخول مع إنو كلمة السر صح,mobile_app,2025-06-21 07:11:00,تقني,سلبي
C106346,لو سمحت الحساب كله 49 جنيه بعت رسايل كتير ومحدش بيرد,web_form,2025-06-21 10:23:05,أخرى,سلبي
C917283,رقم الطلب #19122. متى يتم إصدار الفاتورة الشهرية؟,payment_portal,2025-06-21 15:12:40,فوترة,محايد
C947995,تجربة ما بــتنعاد بدي حل بسرعة,delivery_app,2025-06-22 02:22:27,توصيل,سلبي
C305332,5asamto mni el mablagh marten 3ala nafs el order order #75870,payment_portal,2025-06-22 11:09:20,فوترة,محايد
C295116,مرحباً، هل لديكم برنامج ولاء أو نقاط؟,web_form,2025-06-22 11:52:57,أخرى,محايد
C516625,لو سمحتم، شكراً لفريق الدعم الفني على حل مشكلة تسجيل الدخول,mobile_app,2025-06-22 17:18:18,تقني,إيجابي
C672727,رقم الطلب #72727. طلبت استرجاع المبلغ منذ 8 أيام ولم يصلني شيء حتى الآن,payment_portal,2025-06-22 20:50:36,فوترة,سلبي
C915029,مرحباً، الفاتورة واضحة ومفصلة، عمل ممتاز، طلبت نظارة شمسية يوم الاثنين.,payment_portal,2025-06-23 04:17:32,فوترة,إيجابي
C304837,لو سمحتم، هل يوجد رقم مباشر للتواصل مع مشرف؟ المبلغ الإجمالي 250 ريال.,call_center,2025-06-23 04:38:18,خدمة_عملاء,محايد
C815952,تجربة ما تنعاد، هذي المرة الرابعة يصير كذا ما عاد أتعامل معكم,delivery_app,2025-06-23 09:05:36,توصيل,سلبي
C810710,كيف أفعّل التحقق بخطوتين؟ تواصلت معكم يوم الجمعة بخصوص عطر.,mobile_app,2025-06-23 13:54:04,تقني,محايد
C135352,اتخصم مني 49 جنيه مرتين على نفس الأوردر، طالب ألعاب أطفال يوم الخميس مش هتعامل معاكم تاني,web_form,2025-06-23 17:20:37,فوترة,سلبي
C386101,يا جماعة التطبيق يطلعني برا كل ما أفتح الطلبات، وفوق هذا طلبي #50013 متأخر 8 أيام وللحين ما وصل، كلمتكم يوم الأربعاء عن لابتوب,mobile_app,2025-06-24 03:24:37,تقني,سلبي
C761071,لو سمحتم، هل يمكن تغيير عنوان التوصيل للطلب #70417؟ هذه المرة الثالثة التي يحدث فيها ذلك.,delivery_app,2025-06-24 04:31:59,توصيل,محايد
C796139,mesh 3aref a3mel login w el password sa7 order #77289,mobile_app,2025-06-24 04:58:58,تقني,سلبي
C268823,اتخصم مني 320 جنيه مرتين على نفس الأوردر، طالب خلاط يوم الثلاثاء,payment_portal,2025-06-24 05:09:14,فوترة,سلبي
C171425,طلبيتي #81541 متأخرة 7 أيام ولسا ما وصلت، طالب شاحن يوم الأربعاء بدي حل بسرعة,delivery_app,2025-06-24 07:11:22,توصيل,سلبي
C844061,هي المرة الرابعة بتصير هيك الفـاتورة هالمرة كتير غالية وما حدا شرحلي ليش والله شي بيقهر!,payment_portal,2025-06-24 07:32:58,فوترة,سلبي
C210908,هلا الطلب وصل ناقص غرض، هذي المرة الرابعة يصير كذا ابي حل بسرعة,delivery_app,2025-06-24 09:43:47,توصيل,سلبي
C614184,كيف أغيّر طريقة الدفع المسجلة في حسابي؟ تواصلت معكم يوم الخميس بخصوص شاحن.,payment_portal,2025-06-24 11:40:54,فوترة,محايد
C604040,رقم الأوردر #67347 دي المرة الثانية يحصل كده مش عارف أعمل لوجين والباسورد صح بجد حاجة تضايق!,mobile_app,2025-06-24 12:58:51,تقني,سلبي
C129845,هلا راسلتكم أكثر من مرة ومحد رد علي، طلبت لابتوب يوم الجمعة ما عاد أتعامل معكم,call_center,2025-06-24 16:01:20,خدمة_عملاء,سلبي
C681011,الخدمة كتير سيئة، المبلغ 99 هي المرة الثالثة بتصير هيك بدي حل بسرعة,delivery_app,2025-06-25 02:57:36,توصيل,سلبي
C478990,جددوا لي الاشتراك بدون ما أوافق وسحبوا 99 ريال,payment_portal,2025-06-25 06:12:58,فوترة,سلبي
C843393,هل يمكن الحصول على فاتورة ضريبية للطلب #83571؟,payment_portal,2025-06-25 09:11:21,فوترة,محايد
C349588,ازيكم الفاتورة المرة دي غالية جداً ومش فاهم ليه، الحساب كله 99 جنيه دي المرة الرابعة يحصل كده مش هتعامل معاكم تاني,payment_portal,2025-06-25 21:00:58,فوترة,سلبي
C784360,رقم الطلب #94971. كيف أغيّر طريقة الدفع المسجلة في حسابي؟,payment_portal,2025-06-25 21:06:35,فوترة,محايد
C563860,الفاتورة هالمرة كتير غالية وما حدا شرحلي ليش، المبلغ 320 ما رح اتعامل معكن بعد اليوم,payment_portal,2025-06-25 22:09:48,فوترة,سلبي
C817688,مرحباً، هل تتوفر خدمة التوصيل في نفس اليوم؟ هذه المرة الثانية التي يحدث فيها ذلك.,delivery_app,2025-06-26 00:14:27,توصيل,محايد
C585728,مكتوب إن الأوردر اتسلم وأنا ماستلمتش حاجة، طالب ساعة ذكية يوم الأربعاء عايز حل بسرعة,delivery_app,2025-06-26 01:57:44,توصيل,سلبي
C151999,مرحبا طالب حذاء رياضي يوم الثلاثاء رمز التحقق ما عم يوصلني,mobile_app,2025-06-26 06:57:00,تقني,سلبي
C844353,لو سمحتم، الفاتورة واضحة ومفصلة، عمل ممتاز,payment_portal,2025-06-26 10:55:31,فوترة,إيجابي
C121064,👎,payment_portal,2025-06-26 12:57:30,فوترة,سلبي
C323498,مرحبا حكيتكن يوم السبت عن حقيبة هي المرة الثانية بتصير هيك تجربة ما بتنعاد ما رح اتعامل معكن بعد اليوم,delivery_app,2025-06-26 14:12:56,توصيل,سلبي
C655248,جددوا لي الاشتراك بدون ما أوافق وسحبوا 499 ريال، المبلغ 99 ريال,payment_portal,2025-06-27 04:39:37,فوترة,سلبي
C522389,المبلغ الإجمالي 750 ريال. كيف أقدّم شكوى رسمية؟,call_center,2025-06-27 11:04:07,خدمة_عملاء,محايد
C186500,ما أقدر أسجل دخول والباسوورد صحيح ابي حل بسرعة,mobile_app,2025-06-27 19:41:55,تقني,سلبي
C956759,لو سمحتو المندوب ما اتصل فيني ورجّع الطلبية، حكيتكن يوم الأحد عن جوال والله شي بيقهر!,delivery_app,2025-06-27 22:52:46,توصيل,سلبي
C188065,هل يدعم التطبيق الأجهزة القديمة؟ المبلغ الإجمالي 250 ريال. رقم الطلب #80938.,mobile_app,2025-06-28 03:28:28,تقني,محايد
C238528,رقم الأوردر #90195 دي المرة الخامسة يحصل كده الأبلكيشن بيقفل لوحده كل شوية عايز حل بسرعة,mobile_app,2025-06-28 05:15:06,تقني,سلبي
C915520,يا جماعة المبلغ 49 ريال هذي المرة الثانية يصير كذا بعد التحديث الجديد التطبيق خربان والله شي يقهر!,mobile_app,2025-06-28 06:07:52,تقني,سلبي
C878843,المبلغ الإجمالي 150 ريال. وصل الطلب قبل الموعد والتغــــليف ممتاز,delivery_app,2025-06-28 06:34:55,توصيل,إيجابي
C110644,موظف خدمة العملاء كان غير متعاون وأغلق المكالمة، هذه المرة الخامسة الـتي يحدث فيها ذلك. https://example.com/orders/27590,call_center,2025-06-28 10:23:14,خدمة_عملاء,سلبي
C704018,يا جماعة صرلي 3 أيام ناطر يرجعولي المصاري وما في شي، حكيتكن يوم السبت عن حقيبة,payment_portal,2025-06-28 17:00:46,فوترة,سلبي
C297042,رمز التحقق لا يصل إلى هاتفي، تواصلت معكم يوم الأربعاء بخصوص لابتوب. سأضطر لإلغاء الاشتراك إن لم تُحل المشكلة.,mobile_app,2025-06-28 20:16:46,تقني,سلبي
C500948,طلبت ألعاب أطفال يوم الاثنين. متى يتم إصدار الفاتورة الشهرية؟,payment_portal,2025-06-29 11:43:42,فوترة,محايد
C804887,لو سمحتو انسحب مني 199 مرتين على نفس الطلب، طالب جوال يوم الثلاثاء رقم الطلب #92671,payment_portal,2025-06-29 12:07:12,فوترة,سلبي
C109289,ازيكم طالب طابعة يوم الجمعة دي المرة الثالثة يحصل كده تجربة زفت بصراحة,mobile_app,2025-06-29 18:36:10,تقني,سلبي
C520238,السلام عليكم، تواصلت معكم يوم الأحد بخصوص شاحن. شكراً على سرعة الرد والتعامل الراقي,call_center,2025-06-29 22:59:31,خدمة_عملاء,إيجابي
C586799,لو سمحت الموظف كان أسلوبه وحش وقفل السكة في وشي، دي المرة الخامسة يحصل كده,call_center,2025-06-30 03:46:57,خدمة_عملاء,سلبي
C700635,السلام عليكم، المبلغ الإجمالي 150 ريال. تواصلت معكم يوم الأربعاء بخصوص حقيبة. كيف أفعّل التحقق بخطوتين؟,mobile_app,2025-06-30 08:16:41,تقني,محايد
C948250,السلام عليِكمِ، المبلَغ الإجماليّ 150 ريّالِ. تواِصلت مِعكِم يوّم الأربعاَء بخصوْص حقيبة. كيُف أفعُّل التحُقق بِخِطوتين؟,mobile_app,2025-06-30 08:38:41,تقني,محايد
C800659,السلام عليكم، هل يوجد رقم مباشر للتواصل مع مشرف؟ طلبت قهوة يوم السبت. https://example.com/orders/40969,call_center,2025-06-30 16:30:49,خدمة_عملاء,محايد
C280264,هي المرة الخامسة بتصير هيك طلبيتي #30885 متأخرة 13 أيام ولسا ما وصلت، وكمان التطبيق عم يسكّر لحالو كل شوي ما رح اتعامل معكن بعد اليوم,delivery_app,2025-06-30 19:27:34,توصيل,سلبي
C282029,مرحباً، كيف أفعّل التحقق بخطوتين؟,mobile_app,2025-07-01 10:08:50,تقني,محايد
C130560,هل تتوفر خدمة الــــتوصيل في نفس اليوم؟ رقم الطلب #42058.,delivery_app,2025-07-01 14:05:29,توصيل,محايد
C247709,بقالي 5 أيام مستني فلوسي ترجع ومفيش حاجة، طالب خلاط يوم الثلاثاء الحساب كله 750 جنيه عايز حل بسرعة,payment_portal,2025-07-01 19:06:49,فوترة,سلبي
C870927,كيف أفعّل التحقق بخطوتين؟ هذه المرة الخامسة التي يحدث فيها ذلك.,mobile_app,2025-07-01 19:22:38,تقني,محايد
C672591,بدي احكي مع حدا مسؤول، المبلغ 320 حكيتكن يوم الخميس عن ثلاجة والله شي بيقهر!,mobile_app,2025-07-01 22:58:53,تقني,سلبي
C572512,الطلب وصل ناقص غرض، هذي المرة الرابعة يصير كذا والله شي يقهر!,delivery_app,2025-07-02 06:13:44,توصيل,سلبي
C575544,لو سمحتم، التحديث الجديد ممتاز والتطبيق صار أسرع، هذه المرة الثانية التي يحدث فيها ذلك. طلبت شاشة يوم السبت.,mobile_app,2025-07-02 06:33:19,تقني,إيجابي
C389921,السلام عليكم كلمتكم يوم الأربعاء عن كتب طلبي #64996 متأخر 14 أيام وللحين ما وصل ابي حل بسرعة,delivery_app,2025-07-02 07:18:08,توصيل,سلبي
C922502,عايز أكلم حد مسؤول، الحساب كله 250 جنيه كلمتكم يوم السبت عن ألعاب أطفال مش هتعامل معاكم تاني,payment_portal,2025-07-02 09:40:05,فوترة,سلبي
C627745,ازيكم لسه المشكلة زي ما هي، الحساب كله 250 جنيه كلمتكم يوم الاثنين عن خلاط عايز حل بسرعة,delivery_app,2025-07-02 12:10:05,توصيل,سلبي
C786065,السلام عليكم، هل يمكن الحصول على فاتورة ضريبية للطلب #58994؟ طلبت شاحن يوم الأحد. رقم الطلب #12901.,payment_portal,2025-07-02 13:35:39,فوترة,محايد
C808624,ازَيِكم مكتوب إن الأوردر اتسلم وأنا ماستلمتش حاجة، كلمتكم يومّ الثلاثاء عن شاحن دي المرة الرّابعّة يحصل كَده بجّد حاّجّة تضايق!,delivery_app,2025-07-02 20:48:23,توصيل,سلبي
C136554,طلبي #85488 متأخر 12 أيام وللحين ما وصل، طلبت عطر يوم الثلاثاء,delivery_app,2025-07-02 22:53:36,توصيل,سلبي
C987247,تجربة زفت بصراحة، الحساب كله 250 جنيه عايز حل بسرعة,delivery_app,2025-07-03 03:12:51,توصيل,سلبي
C462391,يا جماعة كلمتكم يوم الثلاثاء عن حقيبة المـــبلغ 99 ريال أبي أكلم مسؤول لو سمحتوا,delivery_app,2025-07-03 06:13:34,توصيل,سلبي
C993635,من 9 أيام طالب استرجاع فلوسي وللحين ما وصلت، هذي المرة الثانية يصير كذا ما عاد أتعامل معكم,payment_portal,2025-07-03 08:17:30,فوترة,سلبي
C764931,التطبيق يطلعني برا كل ما أـفتح الطلبات، هذي المرة الثانية يصير كذا https://example.com/orders/37998,mobile_app,2025-07-03 08:26:11,تقني,سلبي
C776558,مرحبا حكيتكن يوم الأربعاء عن لابتوب الخدمة كتير سيئة,delivery_app,2025-07-03 11:55:59,توصيل,سلبي
C628893,مرحبا حكيتكن يوم الأربعاء عن لابتوب الخدمة كتير سيئة,delivery_app,2025-07-03 11:55:59,توصيل,سلبي
C803606,المندوب كان محترماً ودقيقاً في الموعد، هذه المرة الخامسة التي يحدث فيها ذلك.,delivery_app,2025-07-03 16:45:34,توصيل,إيجابي
C140016,مرحبا رقم الطلب #37252 المبلغ 320 صرلي 7 أيام ناطر يرجعولي المصاري وما في شي,payment_portal,2025-07-03 17:40:29,فوترة,سلبي
C775710,يا جماعة بدي احكي مع حدا مسؤول والله شي بيقهر!,payment_portal,2025-07-03 21:00:47,فوترة,سلبي
C301152,رقم الطلب #38512 طالب نظارة شمسية يوم السبت الخدمة كتير سيئة,delivery_app,2025-07-03 21:34:43,توصيل,سلبي
C513661,الِسلام عليكم، طلَبت حقيبة يوَم الأربعاء. هذه المرُة الّثالثة التي يحدث فيها ذلك. تم استرجاع اّلمبلغ بسرعة، شكراً لكم,payment_portal,2025-07-03 22:12:48,فوترة,إيجابي
C466190,الحاجة وصلت مكسورة، وكمان بقالي 14 أيام مستني فلوسي ترجع ومفيش حاجة، رقم الأوردر #24448 كلمتكم يوم الأربعاء عن نظارة شمسية مش هتعامل معاكم تاني,delivery_app,2025-07-04 10:40:14,توصيل,سلبي
C535011,السلام عليكم انخصم مني 49 ريال مرتين على نفس الطلب، طلبت ألعاب أطفال يوم الثلاثاء والله شي يقهر!,payment_portal,2025-07-04 11:37:29,فوترة,سلبي
C920611,هي المرة الثانية بتصير هيك التطبيق عم يسكّر لحالو كل شوي والله شي بيقهر! https://example.com/orders/93980,call_center,2025-07-04 15:38:37,تقني,سلبي
C623499,متى يتم إــصدار الفاتورة الشهرية؟,payment_portal,2025-07-04 15:53:33,فوترة,محايد
C296465,لو سمحتو تجربة ما بتنعاد، طالب عطر يوم الأربعاء بدي حل بسرعة,mobile_app,2025-07-04 21:11:04,تقني,سلبي
C489013,يا جماعة طلبيتي #31079 متأخرة 14 أيام ولسا ما وصلت، وفوق هذا جددولي الاشتراك بدون ما اطلب وانسحب المبلغ، هي المرة الخامسة بتصير هيك طالب شاشة يوم الاثنين ما رح اتعامل معكن بعد اليوم,delivery_app,2025-07-05 04:04:01,توصيل,سلبي
C809608,لو سمحتم، كيف أتتبع الشحنة رقم #99823؟ طلبت كتب يوم السبت.,delivery_app,2025-07-05 05:33:10,توصيل,محايد
C629526,مرحباً، انتظرت على الخط أكثر من ساعة دون أن يرد أحد، المبلغ الإجمالي 750 ريال. سأضطر لإلغاء الاشتراك إن لم تُحل المشكلة.,call_center,2025-07-05 06:10:00,خدمة_عملاء,سلبي
C629124,لو سمحتم، رقم الطلب #23789. التحديث الجديد ممتاز والتطبيق صار أسرع,mobile_app,2025-07-05 06:28:34,تقني,إيجابي
C504519,مرحباً، رقم الطلب #26827. ما هي ساعات عمل خدمة العملاء؟,call_center,2025-07-05 09:01:36,خدمة_عملاء,محايد
C607672,تم تجديد الاشتراك تلقائياً دون موافقتي وخصم 99 ريال,payment_portal,2025-07-05 09:57:59,فوترة,سلبي
C100472,هلا من 4 أـــيام طالب استرجاع فلوسي وللحين ما وصلت، المبلغ 320 ريال طلبت سماعات يوم الجمعة,payment_portal,2025-07-05 14:34:07,فوترة,سلبي
C161096,السلام عليكم بعد التحديث الجديد التطبيق خربان,delivery_app,2025-07-05 15:48:15,توصيل,سلبي
C555088,السلام عليكم، المندوب لم يتصل بي وأعاد الشحنة، هذه المرة الخامسة التي يحدث فيها ذلك. أرـــجو الحل بأسرع وقت.,delivery_app,2025-07-05 20:14:58,توصيل,سلبي
C420650,مرحباً، رقم الطلب #37379. تواصلت معكم يوم الأربعاء بخصوص شاشة. كيف أفعّل التحقق بخطوتين؟,mobile_app,2025-07-05 21:11:26,تقني,محايد
C551243,لو سمحتم، كيف أفعّل التحقق بخطوتين؟ رقم الطلب #94687.,mobile_app,2025-07-06 07:05:25,تقني,محايد
C806270,صرلي 5 أيام ناطر يرجعولي المصاري وما في شي، وفوق هذا المندوب ما اتصل فيني ورجّع الطلبية، رقم الطلب #48549,payment_portal,2025-07-06 07:40:55,فوترة,سلبي
C195721,تواصلت معكم يوم الأحد بخصوص ألعاب أطفال. أرسلت عدة رسائل ولم أتلقَّ أي رد,call_center,2025-07-06 10:01:33,خدمة_عملاء,سلبي
C131064,كيف أتتبع الشحنة رقم #40733؟ المبلغ الإجمالي 150 ريال. تواصلت معكم يوم الأربعاء بخصوص خلاط.,delivery_app,2025-07-06 11:25:35,توصيل,محايد
C272385,يا جماعة طلبي #15906 متأخر 8 أيام وللحين ما وصل، المبلغ 320 ريال هذي المرة الخامسة يصير كذا,delivery_app,2025-07-06 12:15:13,توصيل,سلبي
C427225,لو سمحتم، تواصلت معكم يوم الخميس بخصوص كتب. كود الخصم لم يُطبَّق على الفاتورة رغم أنه ساري المفعول أرجو الحل بأسرع وقت.,payment_portal,2025-07-06 15:10:48,فوترة,سلبي
C387819,تواصلت معكم يوم الثلاثاء بخصوص كرسي مكتب. التطبيق يتوقف عن العمل كلما حاولت فتح صفحة الطلبات سأضطر لإلغاء الاشتراك إن لم تُحل المشكلة.,mobile_app,2025-07-06 21:27:18,تقني,سلبي
C212036,المبلغ الإُجمالي 99 رياُل. هذِه اَلمرة الِرْابعةّ التي يحدَث فيها ذلك. اْلخدمة سيئة جُدِاً ولن أتعامل معْكم مرة أخِرىُ,delivery_app,2025-07-06 22:24:28,توصيل,سلبي
C673517,مرحباً، متى يتم إصدار الفاتورة الشهرية؟ تواصلت معكم يوم الأربعاء بخصوص سماعات.,payment_portal,2025-07-06 23:32:31,فوترة,محايد
C537865,يا جماعة طالب نظارة شمسية يوم السبت عندي مشكلة من امبارح ومحدش حلها,payment_portal,2025-07-07 03:46:54,فوترة,سلبي
C946551,السلام عليكم، كيف أغيّر طريقة الدفع المسجلة في حسابي؟,payment_portal,2025-07-07 08:50:25,فوترة,محايد
C984301,ازيكم المندوب ماكلمنيش ورجّع الشحنة، دي الـــمرة الخامسة يحصل كده,twitter,2025-07-07 09:01:07,توصيل,سلبي
C932998,السلام عليكم أبي أحذف حسابي نهائياً، رقم الطلب #39181 طلبت قهوة يوم السبت ابي حل بسرعة,web_form,2025-07-07 13:38:01,أخرى,سلبي
C992318,🙄🙄,mobile_app,2025-07-07 14:55:59,تقني,سلبي
C910272,مرحباً، رقم الطلب #24764. تواصلت معكم يوم الأحد بخصوص طابعة. هل يمكن الحصول على فاتورة ضريبية للطلب #22521؟,payment_portal,2025-07-07 17:24:40,فوترة,محايد
C630943,لِو سمحتو الغرضُ وصل مكّسور، رقمِ الطلب #10980 بدي حل بسرِعة,delivery_app,2025-07-07 20:41:03,توصيل,سلبي
C684248,هل يمكنّ تِغيّيُر عنوان التوصيل للطلب #19781؟ رقم الطلب #19278.,delivery_app,2025-07-08 02:29:52,توصيل,محايد
C474469,المندوب ماكلمنيش ورجّع الشحنة، دي المرة الثانية يحصل كده,delivery_app,2025-07-09 01:02:58,توصيل,سلبي
C773874,يا جماعة مكتوب إن الأوردر اتسلم وأنا ماستلمتش حاجة، دي المرة الخامسة يحصل كده مش هتعامل معاكم تاني,delivery_app,2025-07-09 06:22:16,توصيل,سلبي
C412026,يا جماعة الكوبون مااشتغلش والفلوس اتسحبت كاملة بجد حاجة تضايق!,payment_portal,2025-07-09 10:58:20,فوترة,سلبي
C262443,اْلسلام عليَكَم، المندِوبِ لم يتصِل بُيَ وِأعادِ الشَحنةِ، طِلبت خلاطِ يوم السبْت.,delivery_app,2025-07-09 11:33:07,توصيل,سلبي
C989324,السلام عليكم، هل يمكن تغيير عنوان التوصيل للطلب #92978؟ تواصلت معكم يوم الخميس بخصوص شاحن.,delivery_app,2025-07-09 16:33:49,توصيل,محايد
C826107,لو سمحتو حكيتكن يوم الأربعاء عن ثلاجة الفاتورة هالمرة كتير غالية وما حدا شرحلي ليش، وكمان ضليت ناطر ع التلفون ساعة وما حدا رد ما رح اتعامل معكن بعد اليوم,payment_portal,2025-07-09 23:01:24,فوترة,سلبي
C373287,دي المرة الثالثة يحصل كده الكوبون مااشتغلش واــــلفلوس اتسحبت كاملة,payment_portal,2025-07-10 12:42:18,فوترة,سلبي
C783304,يا جماعة عندي مشكلة من مبارح وما حدا حلّها والله شي بيقهر!,payment_portal,2025-07-10 17:43:21,فوترة,سلبي
C209653,لوَ سمحتم، هل يوجدُ رقم مباشر للتْواصُل مع مشرف؟,call_center,2025-07-10 18:34:31,خدمة_عملاء,محايد
C755175,مرحباً، تواصلت معكم يوم الجمعة بخصوص طابعة. كيف أتتبع الشحنة رقم #34771؟,delivery_app,2025-07-11 03:08:07,توصيل,محايد
C227479,يا جماعة ضليت ناطر ع التلفون ساعة وما حدا رد، المبلغ 99,call_center,2025-07-11 05:48:25,خدمة_عملاء,سلبي
C858969,مكتوب إن الأوردر اتسلم وأنا ماستلمتش حاجة، الحساب كله 750 جنيه كلمتكم يوم السبت عن ثلاجة عايز حل بسرعة,delivery_app,2025-07-11 07:23:08,توصيل,سلبي
C500085,ازيكم عندي مشكلة من امبارح ومحدش حلها,payment_portal,2025-07-11 10:53:00,فوترة,سلبي
C511701,طالب طابعة يوم الثلاثاء بدي امحي حسابي نهائياً,web_form,2025-07-11 20:52:04,أخرى,سلبي
C321991,مرحبا الطلبية وصلت ناقصة، طالب نظارة شمسية يوم الجمعة,delivery_app,2025-07-12 03:48:23,توصيل,سلبي
C674119,مرحباً، تجربتي معكم كانت مخيبة للآمال، هذه المرة الخامسة التي يحدث فيها ذلك.,payment_portal,2025-07-12 07:26:41,فوترة,سلبي
C910027,هذه المرة الثالثة التي يحدث فيها ذلك. هل تتوفر خدمة التوصيل في نفس اليوم؟,delivery_app,2025-07-12 09:12:03,توصيل,محايد
C714104,السلام عليكم، هل يمكن الحصول على فاتورة ضريبية للطلب #62606؟,payment_portal,2025-07-12 10:18:25,فوترة,محايد
C720692,الحساب كله 199 جنيه الفاتورة المرة دي غالية جداً ومش فاهم ليه مش هتعامل معاكم تاني,payment_portal,2025-07-12 11:41:29,فوترة,سلبي
C187753,الموظف كان أسلوبه وحش وقفل السكة في وشي، الحساب كله 250 جنيه عايز حل بسرعة,call_center,2025-07-12 12:17:01,خدمة_عملاء,سلبي
C367321,هل يدعم التطبيق الأجهزة القديمة؟ طلبت جوال يوم الثلاثاء. هذه المرة الثانية التي يحدث فيها ذلك.,web_form,2025-07-12 14:42:44,تقني,محايد
C650402,هلا تجربة ما تنعاد، هذي المرة الثالثة يصير كذا والله شي يقهر!,web_form,2025-07-12 15:29:37,توصيل,سلبي
C584791,لو سمحت عايز أكلم حد مسؤول، الحساب كله 750 جنيه,mobile_app,2025-07-12 17:52:23,تقني,سلبي
C467658,طلبت ساعة ذكية يوم الجمعة أبي أكلم مسؤول لو سمحتوا,payment_portal,2025-07-13 04:13:28,فوترة,سلبي
C526000,المبلغ الُإْجمالي 750 ريَال. طلبت شْاشة يوم الّجمعةّ. تم تجديد الَاشتراك تلقائياًُ دونُ موافقتي وّخصم 320 رَيالْ سأضطر لإلغاءْ الاشّتراكْ إن لُمْ تُحل المشكلة.,payment_portal,2025-07-13 13:56:48,فوترة,سلبي
C277653,مرحبا جددولي الاشتراك بدون ما اطلب وانسحب المبلغ، المبلغ 150 بدي حل بسرعة,payment_portal,2025-07-14 06:49:30,فوترة,سلبي
C966048,مرحبا  جددولي الاشتراك بدون ما اطلب وانسحب المبلغ، المبلغ 150 بدي حل بسرعة,payment_portal,2025-07-14 06:58:30,فوترة,سلبي
C200516,هلا جددوا لي الاشتراك بدون ما أوافق وسحبوا 750 ريال، رقم الطلب #65092,payment_portal,2025-07-14 08:09:43,فوترة,سلبي
C974975,لو سمحتم، هذه المرة الخامسة التي يحدث فيها ذلك. شكراً على سرعة الرد والتعامل الراقي,call_center,2025-07-14 09:27:14,خدمة_عملاء,إيجابي
C908784,ازيكم الحساب كله 320 جنيه رقم الأوردر #49717 الفاتورة المرة دي غالية جداً ومش فاهم ليه عايز حل بسرعة,payment_portal,2025-07-14 14:03:05,فوترة,سلبي
C311771,السلام عليكم، تواصلت معكم يوم الأحد بخصوص حقيبة. تم خصم مبلغ 99 ريال من حسابي مرتين لنفس الطلب أرجو الحل بأسرع وقت.,payment_portal,2025-07-14 16:12:27,فوترة,سلبي
C870778,أريد حذف حسابي وجميع بياناتي نهائياً، رقم الطلب #64127.,web_form,2025-07-14 20:55:54,أخرى,سلبي
C973942,كلمتكم يوم الجمعة عن نظارة شمسية كود التفعيل مش بيوصل خالص,mobile_app,2025-07-14 23:54:11,تقني,سلبي
C332540,لو سمحتم، هل يمكن الحصول على فاتورة ضريبية للطلب #40427؟ طلبت كرسي مكتب يوم الجمعة. رقم الطلب #76083.,payment_portal,2025-07-15 02:52:34,فوترة,محايد
C375498,يا جماعة أبي أكلم مسؤول لو سمحتوا، هذي المرة الرابعة يصير كذا والله شي يقهر!,mobile_app,2025-07-15 03:28:34,تقني,سلبي
C579778,يا جماعة الأبلكيشن بيقفل لوحده كل شوية، كلمتكم يوم الثلاثاء عن جوال بجد حاجة تضايق!,call_center,2025-07-15 05:26:08,خدمة_عملاء,سلبي
C419818,رقم الَأوِردر #59725 لَسّهْ اُلمشكُلَةَ زي ما هي عْايزْ حل بسَرعة,web_form,2025-07-15 12:44:40,أخرى,سلبي
C444376,الموظفة كانت متعاونة جداً وحلّت مشكلتي، هذه المرة الخامسة التي يحدث فيها ذلك. طلبت سماعات يوم الثلاثاء.,call_center,2025-07-15 20:37:38,خدمة_عملاء,إيجابي
C915607,لو سمحت بعت رسايل كتير ومحدش بيرد، رقم الأوردر #61776 بجد حاجة تضايق!,call_center,2025-07-15 21:06:16,خدمة_عملاء,سلبي
C844727,السلام عليكم، المبلغ الإجمالي 150 ريال. هذه المرة الرابعة التي يحدث فيها ذلك. هل يدعم التطبيق الأجهزة القديمة؟,mobile_app,2025-07-16 00:54:42,تقني,محايد
C184026,يا جماعة صرلي 6 أيام ناطر يرجعولي المصاري وما في شي، هي المرة الثانية بتصير هيك حكيتكن يوم الجمعة عن خلاط,payment_portal,2025-07-16 04:03:21,فوترة,سلبي
C220049,رقم الأوردر #65783 مكتوب إن الأوردر اتسلم وأنا ماستلمتش حاجة مش هتعامل معاكم تاني,delivery_app,2025-07-16 04:04:01,توصيل,سلبي
C413536,مرحبا الغرض وصل مكسور، رقم الطلب #67141 بدي حل بسرعة,delivery_app,2025-07-16 04:17:50,توصيل,سلبي
C385124,الخدمة كتير سيئة,delivery_app,2025-07-16 06:27:50,توصيل,سلبي
C954672,السلام عليكم طلبت قهوة يوم السبت هذي المرة الثانية يصير كذا انخصم مني 320 ريال مرتين على نفس الطلب,payment_portal,2025-07-16 13:07:36,فوترة,سلبي
C598532,تم اــــسترجاع المبلغ بسرعة، شكراً لكم https://example.com/orders/23891,payment_portal,2025-07-16 13:32:09,فوترة,إيجابي
C162068,كيف أغيّر رقم الجــــوال المرتبط بالحساب؟,mobile_app,2025-07-16 17:05:58,تقني,محايد
C525476,هل تتوفر خدمة التوصيل في نفس اليوم؟,delivery_app,2025-07-16 18:36:11,توصيل,محايد
C213708,أحتاج مساعدة عاجلة من فضلكم، طلبت حذاء رياضي يوم الأحد. المبلغ الإجمالي 499 ريال. سأضطر لإلغاء الاشتراك إن لم تُحل المشكلة.,payment_portal,2025-07-16 18:50:02,فوترة,سلبي
C331124,وصل الطلب قبل الموعد والتغليف ممتاز، المبلغ الإجمالي 150 ريال.,delivery_app,2025-07-16 20:39:51,توصيل,إيجابي
C742080,هلا بعد التحديث الجديد التطبيق خربان، رقم الطلب #34734 والله شي يقهر!,mobile_app,2025-07-17 04:34:29,تقني,سلبي
C599832,هلا  بعد التحديث الجديد التطبيق خربان، رقم الطلب #34734 والله شي يقهر!,mobile_app,2025-07-17 06:12:29,تقني,سلبي
C958838,مرحباً، كيف أتتبع الشحنة رقم #20547؟ تواصلت معكم يوم السبت بخصوص جوال.,delivery_app,2025-07-17 10:21:31,توصيل,محايد
C351082,طالب حقيبة يوم الجمعة المندوب ماكلمنيش ورجّع الشحنة مش هتعامل معاكم تاني,delivery_app,2025-07-17 17:28:02,توصيل,سلبي
C299723,السلام عليكم المندوب ما اتصل ورجع الطلب، هذي المرة الثالثة يصير كذا ما عاد أتعامل معكم,twitter,2025-07-17 18:53:16,توصيل,سلبي
C671582,بقالي 10 أيام مستني فلوسي ترجع ومفيش حاجة عايز حل بسرعة,payment_portal,2025-07-18 03:54:27,فوترة,سلبي
C863674,لو سمحتم، المبلغ الإجمالي 750 ريال. الفاتورة واضحة ومفصلة، عمل ممتاز,payment_portal,2025-07-18 04:22:39,فوترة,إيجابي
C961640,مرحباً، المندوب لم يتصل بي وأعاد الشحنة، وفوق هذا رمز التحقق لا يصل إلى هاتفي، هذه المرة الثانية التي يحدث فيها ذلك. طلبت مكنسة كهربائية يوم الجمعة. هذا غير مقبول إطلاقاً!,delivery_app,2025-07-18 09:25:56,توصيل,سلبي
C133125,تم تجديد الاشتراك تلقائياً دون موافقتي وخصم 499 ريال، رقم الطلب #20026. هذا غير مقبول إطلاقاً!,payment_portal,2025-07-18 10:46:57,فوترة,سلبي
C971403,السلام عليكم، هل تقدمون خدمات للشركات؟ تواصلت معكم يوم الأربعاء بخصوص سماعات.,web_form,2025-07-18 18:06:38,أخرى,محايد
C237859,السلام عليكم، تواصلت معكم يوم الاثنين بخصوص لابتوب. ما هي ساعات عمل خدمة العملاء؟,call_center,2025-07-18 20:18:10,خدمة_عملاء,محايد
C312436,ازيكم دي المرة الخامسة يحصل كده كلمتكم يوم الأحد عن طابعة بقالي 9 أيام مستني فلوسي ترجع ومفيش حاجة,payment_portal,2025-07-18 22:23:55,فوترة,سلبي
C773452,كلمتكم يوم السبت عن شاشة المبلغ 150 ريال الموظف كان أسلوبه مو زين وسكّر بوجهي، وأيضاً من 14 أيام طالب استرجاع فلوسي وللحين ما وصلت,call_center,2025-07-19 01:19:36,خدمة_عملاء,سلبي
C941054,بقالي 2 أيام مستني فلوسي ترجع ومفيش حاجة، دي المرة الثالثة يحصل كده طالب خلاط يوم الثلاثاء مش هتعامل معاكم تاني,payment_portal,2025-07-19 03:19:03,فوترة,سلبي
C895485,لو سمحت الحاجةْ وصلت مكسُورة، دي المرة الثانية يحصل كده عايز حل بسِرعِة,delivery_app,2025-07-19 05:12:48,توصيل,سلبي
C478088,هي المرة الثانية بتصير هيك المندوب ما اتصل فيني ورجّع الطلبية,delivery_app,2025-07-19 09:19:02,توصيل,سلبي
C212870,هلا جّدّدِوّا ليُ الاَشِتراكّ بدون ما أوافِقَ وسّحبوا 250 رَياّلّ، وكمانّ كود التحقق ما يوِصلَني، هذيْ المرة الخامُسُة يصير كذا ابي حل بسرَعة,payment_portal,2025-07-19 09:21:25,فوترة,سلبي
C811568,رقم الطلب #78286 للحين المشكلة ما انحلت ابي حل بسرعة,payment_portal,2025-07-19 09:25:24,فوترة,سلبي
C315783,موظف خدمة العملاء كان غير متعاون وأغلق المكالمة، هذه المرة الخامسة التي يحدث فيها ذلك. هذا غير مقبول إطلاقاً!,call_center,2025-07-19 09:45:04,خدمة_عملاء,سلبي
C533813,تجربة ما تنعاد، رقم الطلب #99632 طلبت نظارة شمسية يوم الأحد والله شي يقهر!,payment_portal,2025-07-19 11:05:53,فوترة,سلبي
C134064,مرحباً، كيف أتتبع الشحنة رقم #18687؟,delivery_app,2025-07-19 16:12:37,توصيل,محايد
C788395,المبلغ 49 انسحب مني 250 مرتين على نفس الطلب,payment_portal,2025-07-20 00:57:05,فوترة,سلبي
C946864,السلام عليكم، هل يمكن تغيير عنوان التوصيل للطلب #60193؟ هذه المرة الرابعة التي يحدث فيها ذلك.,delivery_app,2025-07-20 03:41:58,توصيل,محايد
C255401,رقم الطلب #92513 الطلب وصل ناقص غرض https://example.com/orders/15468,delivery_app,2025-07-20 10:29:49,توصيل,سلبي
C251261,هذه المرة الثالثة التي يحدث فيها ذلك. هل يمكن تغيير عنوان التوصيل للطلب #70434؟,delivery_app,2025-07-20 12:12:17,توصيل,محايد
C184226,يا جماعة المبلغ 250 ريال رقم الطلب #72445 ودي تضيفون خيار الدفع عند الاستلام,web_form,2025-07-20 15:44:22,أخرى,سلبي
C424345,يا جماعة طلبيتي #55555 متأخرة 8 أيام ولسا ما وصلت، رقم الطلب #42016 والله شي بيقهر!,delivery_app,2025-07-20 16:00:28,توصيل,سلبي
C446255,يا جماعة طلبيتي #55555 متأخرة 8 أيام ولسا ما وصلت، رقم الطلب #42016 والله شي بيقهر!,delivery_app,2025-07-20 16:00:28,توصيل,سلبي
C286704,المبلغ الإجمالي 320 ريال. رقم الطلب #92963. الخدمة سيئة جداً ولن أتعامل معكم مرة أخرى هذا غير مقبول إطلاقاً!,delivery_app,2025-07-20 18:30:48,توصيل,سلبي
C411638,ما هي ساعات عمل خدمة العملاء؟ هذه المرة الخامسة التي يحدث فيها ذلك. تواصلت معكم يوم الثلاثاء بخصوص قهوة.,call_center,2025-07-20 22:39:54,خدمة_عملاء,محايد
C107890,هلا للحين المشكلة ما انحلت والله شي يقهر!,payment_portal,2025-07-21 00:05:15,فوترة,سلبي
C464822,مرحباً، هل يوجد رقم مباشر للتواصل مع مشرف؟ تواصلت معكم يوم الأحد بخصوص خلاط.,call_center,2025-07-21 01:04:34,خدمة_عملاء,محايد
C261438,جددولي الاشتراك بدون ما اطلب وانسحب المبلغ، رقم الطلب #30408 طالب شاحن يوم الأحد بدي حل بسرعة,payment_portal,2025-07-21 05:46:56,فوترة,سلبي
C499752,هذه المرة الخامسة التي يحدث فيها ذلك. وصلني الطلب ناقصاً ومنتج واحد مفقود سأضطر لإلغاء الاشتراك إن لم تُحل المشكلة.,delivery_app,2025-07-21 11:14:13,توصيل,سلبي
C904752,رقم الطلب #93236 طلبي #47496 متأخر 8 أيام وللحين ما وصل,delivery_app,2025-07-21 11:24:37,توصيل,سلبي
C431370,رقم الطلّب #89551 طلبت ثلاَجة يوم الاثنين الطّلب وصل ناقّص غرض,delivery_app,2025-07-21 17:52:31,توصيل,سلبي
C431729,هل يمكن تغيير عنوان التوصيل للطلب #57364؟,delivery_app,2025-07-21 19:17:07,توصيل,محايد
C334328,لو سمحت الحاجة وصلت مكسورة، الحساب كله 250 جنيه دي المرة الرابعة يحصل كده,delivery_app,2025-07-21 21:55:27,توصيل,سلبي
C887861,لو  سمحت الحاجة وصلت مكسورة، الحساب كله 250 جنيه دي المرة الرابعة يحصل كده,delivery_app,2025-07-21 23:14:27,توصيل,سلبي
C751516,المبلغ 49 طلبيتي #37471 متأخرة 11 أيام ولسا ما وصلت,delivery_app,2025-07-22 06:30:49,توصيل,سلبي
C972295,بدي احكي مع حدا مسؤول، طالب لابتوب يوم الأحد والله شي بيقهر!,mobile_app,2025-07-22 09:39:11,تقني,سلبي
C265808,شكراً على سرعة الرد والتعامل الراقي، رقم الطلب #67460. طلبت كرسي مكتب يوم الجمعة.,call_center,2025-07-22 10:47:55,خدمة_عملاء,إيجابي
C346506,حكيتكن يوم الخميس عن ألعاب أطفال تجربة ما بتنعاد ما رح اتعامل معكن بعد اليوم,payment_portal,2025-07-22 18:00:38,فوترة,سلبي
C851567,تواصلت معكم يوم السبت بخصوص جوال. تم خصم مبلغ 49 ريال من حسابي مرتين لنفس الطلب,mobile_app,2025-07-23 04:05:53,تقني,سلبي
C442985,لو سمحتم، كيف أتتبع الشحنة رقم #85178؟ طلبت شاشة يوم الأحد.,delivery_app,2025-07-23 04:12:36,توصيل,محايد
C945680,مرحباً، هل يمكن الحصول على فاتورة ضريبية للطلب #49354؟ المبلغ الإجمالي 199 ريال. طلبت قهوة يوم السبت.,payment_portal,2025-07-23 04:47:57,فوترة,محايد
C368864,مرحباً، هل يمكن الحصول على فاتورة ضريبية للطلب #49354؟ المبلغ الإجمالي 199 ريال. طلبت قهوة يوم السبت.,payment_portal,2025-07-23 04:47:57,فوترة,محايد
C381323,يِا جَماعة بعت رسايل كتيرُ ومّحدش بّيرِد,call_center,2025-07-23 07:41:45,خدمة_عملاء,سلبي
C336803,يا جماعة المبلغ 99 ريال هذي المرة الرابعة يصير كذا التطبيق يطلعني برا كل ما أفتح الطلبات ما عاد أتعامل معكم,mobile_app,2025-07-23 07:55:54,تقني,سلبي
C747872,يا جماعة انخصم مني 99 ريال مرتين على نفس الطلب، طلبت حقيبة يوم الأحد,payment_portal,2025-07-23 19:56:07,فوترة,سلبي
C445751,طالب عَطر يْوّم الخميس جددوِلي الاشترْاَك بُدون ما اطلب وانسحب اّلمبلُغّ بدي حل بِسّرعة,payment_portal,2025-07-23 20:10:30,فوترة,سلبي
C641326,لم يتم حل المشكلة حتى الآن، رقم الطلب #64212. تواصلت معكم يوم الثلاثاء بخصوص شاشة. هذا غير مقبول إطلاقاً!,call_center,2025-07-23 23:39:00,خدمة_عملاء,سلبي
C913982,ضليت ناطر ع التلفون ساعة وما حدا رد، طالب شاشة يوم الخميس,call_center,2025-07-24 04:07:20,خدمة_عملاء,سلبي
C214986,الفاتورة واضحة ومفصلة، عمل ممتاز، رقم الطلب #78912.,payment_portal,2025-07-24 05:25:06,فوترة,إيجابي
C888344,لو سمحتم، تواصلت معكم يوم الأحد بخصوص كتب. رقم الطلب #73863. أــرسلت عدة رسائل ولم أتلقَّ أي رد,call_center,2025-07-24 11:31:57,خدمة_عملاء,سلبي
C310755,أريد التحدث مع مسؤول بخصوص طلبي أرجو الحل بأسرع وقت.,delivery_app,2025-07-24 14:35:24,تقني,سلبي
C470597,يا جماعة المبلغ 250 ريال ما أقدر أسجل دخول والباسوورد صحيح,mobile_app,2025-07-24 14:45:48,تقني,سلبي
C240916,مرحباً، كود الخصم لم يُطبَّق على الفاتورة رغم أنه ساري المفعول، هذه المرة الثالثة التي يحدث فيها ذلك. طلبت كتب يوم السبت. سأضطر لإلغاء الاشتراك إن لم تُحل المشكلة.,payment_portal,2025-07-24 16:40:04,فوترة,سلبي
C357682,التطبيق يطلعني برا كل ما أفتح الطلبات، المبلغ 99 ريال هذي المرة الثالثة يصير كذا,mobile_app,2025-07-25 03:34:22,تقني,سلبي
C903154,تأخر وصول الطلب رقم #86811 أكثر من 4 أيام عن الموعد المحدد، تواصلت معكم يوم الأربعاء بخصوص عطر.,delivery_app,2025-07-25 04:04:14,توصيل,سلبي
C848675,السلام عليكم كود التحقق ما يوصلني، رقم الطلب #28182 ابي حل بسرعة,delivery_app,2025-07-25 21:14:24,توصيل,سلبي
C773915,لو سمحتم، ما هي ساعات عمل خدمة العملاء؟ رقم الطلب #70037.,call_center,2025-07-26 07:48:39,خدمة_عملاء,محايد
C827579,لو سمحت الفاتورة المرة دي غالية جداً ومش فاهم ليه، الحساب كله 499 جنيه دي المرة الثالثة يحصل كده,payment_portal,2025-07-26 10:51:57,فوترة,سلبي
C435978,الفاتورة المرة دي غالية جداً ومش فاهم ليه، دي المرة الخامسة يــــحصل كده بجد حاجة تضايق!,payment_portal,2025-07-26 11:09:20,فوترة,سلبي
C630645,المبلغ 320 حكيتكن يوم السبت عن ساعة ذكية بعتتلكن كذا رسالة وما حدا رد,call_center,2025-07-26 17:40:41,خدمة_عملاء,سلبي
C957943,جددوا لي الاشتراك بدون ما أوافق وسحبوا 150 ريال، هذي المرة الثانية يصير كذا المبلغ 750 ريال,payment_portal,2025-07-27 02:19:20,فوترة,سلبي
C469531,تم استرجاع المبلغ بسرعة، شكراً لكم,payment_portal,2025-07-27 04:15:43,فوترة,إيجابي
C511824,جددولي الاشتراك بدون ما اطلب وانسحب المبلغ، طالب حذاء رياضي يوم السبت حكيتكن يوم الاثنين عن سماعات بدي حل بسرعة,call_center,2025-07-27 11:09:12,خدمة_عملاء,سلبي
C778549,المندوب ما اتصل ورجع الطلب، كلمتكم يوم السبت عن حقيبة ابي حل بسرعة,delivery_app,2025-07-27 14:58:48,توصيل,سلبي
C596113,لو سمحتم، هل تتوفر خدمة التوصيل في نفس اليوم؟ تواصلت معكم يوم الأربعاء بخصوص ثلاجة. رقمي 0574449081,delivery_app,2025-07-27 16:38:04,توصيل,محايد
C758882,هلا المبلغ 499 ريال الغرض وصلني مكسور,delivery_app,2025-07-27 22:14:33,توصيل,سلبي
C837959,لو سمحتم، طلبت ثلاجة يوم الثلاثاء. رقم الطلب #17955. ما هي ساعات عمل خدمة العملاء؟,call_center,2025-07-28 10:58:35,خدمة_عملاء,محايد
C660468,يا جماعة المندوب ما اتصل ورجع الطلب، المبلغ 99 ريال كلمتكم يوم الجمعة عن حذاء رياضي,delivery_app,2025-07-29 01:56:16,توصيل,سلبي
C951904,مرحبا لسا المشكلة متل ما هي، هي المرة الثالثة بتصير هيك حكيتكن يوم الأربعاء عن شاحن بدي حل بسرعة,payment_portal,2025-07-29 01:59:21,فوترة,سلبي
C573958,المندوب ما اتصل فيني ورجّع الطلبية، طالب شاحن يوم الأربعاء هي المرة الخامسة بتصير هيك,delivery_app,2025-07-29 10:10:37,توصيل,سلبي
C596688,كلمتكم يوم الثلاثاء عن ساعة ذكية الخدمة وحشة جداً عايز حل بسرعة,call_center,2025-07-29 17:24:21,خدمة_عملاء,سلبي
C982245,الموظف كان أسلوبه وحش وقفل السكة في وشي، طالب ألعاب أطفال يوم الثلاثاء بجد حاجة تضايق!,call_center,2025-07-29 18:08:10,خدمة_عملاء,سلبي
C108025,تواصلت معكم يوم الثلاثاء بخصوص شاشة. هل يمكن الحصول على فاتورة ضريبية للطلب #98770؟,payment_portal,2025-07-30 00:34:29,فوترة,محايد
C636501,مرحبا حكيتكن يوم الثلاثاء عن حقيبة الفاتورة هالمرة كتير غالية وما حدا شرحلي ليش,payment_portal,2025-07-30 02:17:25,فوترة,سلبي
C868069,مرحبا حكيتكن يوم الثلاثاء عن حقيبة الفاتورة هالمرة كتير غالية وما حدا شرحلي ليش,payment_portal,2025-07-30 02:17:25,فوترة,سلبي
C622625,طلبت ساعة ذكية يوم الأربعاء. كيف أغيّر طريقة الدفع المسجلة في حسابي؟,payment_portal,2025-07-30 02:26:07,فوترة,محايد
C490657,تواصلت معكم يوم الجمعة بخصوص طابعة. طلبت كتب يوم الجمعة. أرسلت عدة رسائل ولم أتلقَّ أي رد,call_center,2025-07-30 03:37:02,خدمة_عملاء,سلبي
C527073,المبلغ 750 المندوب ما اتصل فيني ورجّع الطلبية، وأيضاً رمز التحقق ما عم يوصلني رقمي 0592750396,delivery_app,2025-07-30 05:43:06,توصيل,سلبي
C932136,مش عارف أعمل لوجين والباسورد صح، دي المرة الثالثة يحصل كده,mobile_app,2025-07-30 06:10:22,تقني,سلبي
C684926,تواصلت معكم يوم الأربعاء بخصوص عطر. هذه المرة الثالثة التي يحدث فيها ذلك. متى يتم إصدار الفاتورة الشهرية؟,payment_portal,2025-07-30 06:22:45,فوترة,محايد
C724888,😡😡😡,payment_portal,2025-07-30 08:07:57,فوترة,سلبي
C740201,لو سمحتو ما عم يزبط معي سجل دخول مع إنو كلمة السر صح، حكيتكن يوم الجمعة عن عطر طالب شاحن يوم الخميس,mobile_app,2025-07-30 11:22:39,تقني,سلبي
C602626,تواصلت معكِم يوم الجمعة بخَصوص شاحنَ. هذهَ المرة الرابُعة التي يحدّث فيها ذلكّ. تجربتي معكم كانت مخيبة للآماّل,payment_portal,2025-07-30 12:13:49,فوترة,سلبي
C869641,لو سمحتم، هل تتوفر خدمة اـــلتوصيل في نفس اليوم؟,delivery_app,2025-07-30 16:05:20,توصيل,محايد
C643764,هل يمكن الحصول على فاتورة ضريبية للطلب #11019؟ رقم الطلب #20414.,payment_portal,2025-07-30 18:37:00,فوترة,محايد
C935857,ازيكم طالب شاشة يوم الأحد الحساب كله 499 جنيه الحاجة وصلت مكسورة مش هتعامل معاكم تاني,delivery_app,2025-07-31 00:06:47,توصيل,سلبي
C484761,رقم الطلب #85809 المبلغ 250 ريال ما أقدر أسجل دخول والباسوورد صحيح ما عاد أتعامل معكم,mobile_app,2025-07-31 02:43:31,تقني,سلبي
C696312,مرحباً، رقم الطلب #79516. المبلغ الإجمالي 199 ريال. كل موظف يعطيني معلومة مختلفة عن الآخر أرجو الحل بأسرع وقت.,call_center,2025-07-31 05:38:31,خدمة_عملاء,سلبي
C834373,طلبت عطر يوم السبت للحين المشكلة ما انحلت,call_center,2025-07-31 08:53:06,خدمة_عملاء,سلبي
C919915,يا جماعة كلمتكم يوم الثلاثاء عن سماعات هذي المرة الثانية يصير كذا انخصم مني 99 ريال مرتين على نفس الطلب,payment_portal,2025-07-31 13:00:15,فوترة,سلبي
C357554,مرحباً، هل تتوفر خدمة التوصيل في نفس اليوم؟ تواصلت معكم يوم الاثنين بخصوص طابعة.,delivery_app,2025-07-31 14:26:26,توصيل,محايد
C469798,لو سمحتو انسحب مني 99 مرتين على نفس الطلب، طالب حقيبة يوم الاثنين,payment_portal,2025-07-31 20:52:13,فوترة,سلبي
C869653,يا جماعة الفاتورة هالمرة كتير غالية وما حدا شرحلي ليش بدي حل بسرعة,payment_portal,2025-08-01 02:03:19,فوترة,سلبي
C704050,هذه المرة الثالثة التي يحدث فيها ذلك. الموظفة كانت متعاونة جداً وحلّت مشكلتي,call_center,2025-08-01 20:41:33,خدمة_عملاء,إيجابي
C151393,السلام عليكم، هل يدعم التطبيق الأجهزة القديمة؟ المبلغ الإجمالي 199 ريال. طلبت شاشة يوم الأحد.,mobile_app,2025-08-02 07:30:49,تقني,محايد
C986448,حكيتكن يَوم اَلاثنيْن عن كتُب لسا المشكلِة متل مْا هّي بديّ حل بسرعِة,web_form,2025-08-02 07:49:20,توصيل,سلبي
C568858,طلبت مكنسة كهربائية يوم الجمعة. المبلغ الإجمالي 199 ريال. المندوب لم يتصل بي وأعاد الشحنة، وكمان لا أستطيع تسجيل الدخول إلى حسابي رغم إدخال كلمة المرور الصحيحة سأضطر لإلغاء الاشتراك إن لم تُحل المشكلة.,delivery_app,2025-08-02 14:14:55,توصيل,سلبي
C185978,كيف أقّدّم شكوىِ رُسمية؟,call_center,2025-08-03 00:27:17,خدمة_عملاء,محايد
C258252,ودي تضيفــــون خيار الدفع عند الاستلام، هذي المرة الثانية يصير كذا والله شي يقهر!,web_form,2025-08-03 03:23:41,أخرى,سلبي
C411406,مرحباً، شكراً على سرعة الرد والتعامل الراقي,call_center,2025-08-03 05:11:24,خدمة_عملاء,إيجابي
C286476,الطلب وصل ناقص غرض، رقم الطلب #27322 والله شي يقهر!,delivery_app,2025-08-03 06:36:09,توصيل,سلبي
C845555,كيف أغيّر طريقة الدفع المسجلة في حسابي؟ طلبت كرسي مكتب يوم السبت.,payment_portal,2025-08-03 11:33:01,فوترة,محايد
C810016,كيْفِ أغيّر طريقة الدفع المسجلة في حِساُبُي؟ طلِبتّ كرسي مكّتبْ يوْم الُسبت.,payment_portal,2025-08-03 11:56:01,فوترة,محايد
C133725,رقم الأوردر #36253 فضلت مستني على التليفون ساعة ومحدش رد عايز حل بسرعة,call_center,2025-08-03 22:40:45,خدمة_عملاء,سلبي
C389488,كيف أقدّم شكوى رسمية؟ تواصلت معكم يوم الأحد بخصوص عطر. هذه المرة الرابعة التي يحدث فيها ذلك.,call_center,2025-08-04 01:01:07,خدمة_عملاء,محايد
C214208,طَلبيتَيِ #40501 متأخرة 13 أّيام ولسا ما وُصلت، المبُلغّ 199 حْكيتكنّ يوم اَلأحد عن ساعة ذكّية,delivery_app,2025-08-04 02:53:24,توصيل,سلبي
C803097,السلام عليكم الموظف كان أسلوبه مو زين وسكّر بوجهي، المبلغ 250 ريال,call_center,2025-08-04 21:28:19,خدمة_عملاء,سلبي
C262309,لو سمحتو الطلبية وصلت ناقصة بدي حل بسرعة,delivery_app,2025-08-04 22:39:00,توصيل,سلبي
C705692,المبلغ الإجمالي 320 ريال. هل يوجد رقم مباشر للتواصل مع مشرف؟,call_center,2025-08-05 02:53:53,خدمة_عملاء,محايد
C565634,الَغرض وّصلَ مكسور، رقمُ الطلب #85604 والله شي بيقهّر!,delivery_app,2025-08-05 10:05:27,توصيل,سلبي
C394757,طلبيتي #69097 متأخرة 7 أيام ولسا ما وصلت ما رح اتعامل معكن بعد اليوم,delivery_app,2025-08-05 10:19:47,توصيل,سلبي
C583577,هذه المرة الرابعة التي يحدث فيها ذلك. هل يمكن الحصول على فاتورة ضريبية للطلب #28924؟,payment_portal,2025-08-05 12:43:31,فوترة,محايد
C492120,الموظف كانِ أسلوبه مو زين وسكّرَ بوجهي، هِذي المرة الثانية يصيُر كذا واّللهَ شي يقهر!,call_center,2025-08-05 13:35:26,خدمة_عملاء,سلبي
C542254,يا جماعة عندي مشكلة من امبارح ومحدش حلها، دي المرة الثانية يحصل كده بجد حاجة تضايق!,delivery_app,2025-08-06 00:03:26,توصيل,سلبي
C151139,انخصم مني 750 ريال مرتين على نفس الطلب، هذي المرة الخامسة يصير كذا ابي حل بسرعة,payment_portal,2025-08-06 01:42:04,فوترة,سلبي
C599488,يا جماعة المندوب ما اتصل ورجع الطلب، كلمتكم يوم الخميس عن قهوة رقمي 0566598391,delivery_app,2025-08-06 01:57:10,توصيل,سلبي
C102842,يا جماعة رقم الطلب #51638 طالب حذاء رياضي يوم الاثنين بدي احكي مع حدا مسؤول,mobile_app,2025-08-06 02:50:01,تقني,سلبي
C255406,المبلغ الإجمالي 250 ريال. التطبيق يتوقف عن العمل كلما حاولت فتح صفحة الطلبات سأضطر لإلغاء الاشتراك إن لم تُحل المشكلة.,mobile_app,2025-08-06 06:30:35,تقني,سلبي
C820751,رقم الطلب #12965 الطلب وصل ناقص غرض ابي حل بسرعة,web_form,2025-08-06 07:30:16,أخرى,سلبي
C320077,هل تتوفر خدمة التوصيل في نفس اليوم؟ هذه المرة الخامسة التي يحدث فيها ذلك. رقم الطلب #45949.,delivery_app,2025-08-06 09:35:22,توصيل,محايد
C914824,من ساعة التحـــديث الجديد والأبلكيشن واقع، دي المرة الثانية يحصل كده,mobile_app,2025-08-06 10:42:21,تقني,سلبي
C759570,انتظرت ساعة على الخط ومحد رد، المبلغ 499 ريال,call_center,2025-08-06 18:29:42,خدمة_عملاء,سلبي
C313413,ما أقدر أسجل دخول والباسوورد صحيح، وأيضاً طلبي #34039 متأخر 4 أيام وللحين ما وصل,payment_portal,2025-08-07 02:35:49,فوترة,سلبي
C323515,يا جماعة جددوا لي الاشتراك بدون ما أوافق وسحبوا 499 ريال، رقم الطلب #48137 ابي حل بسرعة,payment_portal,2025-08-07 15:22:16,فوترة,سلبي
C975450,ازيكم رقم الأوردر #69321 الأبلكيشن بيقفل لوحده كل شوية,mobile_app,2025-08-07 20:58:38,تقني,سلبي
C470271,هذه المرة الخامسة التي يحدث فيها ذلك. هل يمكن الحصول على فاتورة ضريبية للطلب #58183؟,payment_portal,2025-08-07 21:04:32,فوترة,محايد
C697294,كلمتكم يْومَ الجمعة عن لابتوب الكوبون ماَاشتغلش واَلفلوس اّتسحبت كاملة,mobile_app,2025-08-08 00:31:06,فوترة,سلبي
C508765,المبلغ 49 ريال انخصم مني 499 ريال مرتين على نفس الطلب,payment_portal,2025-08-08 01:51:40,فوترة,سلبي
C382243,هل يمكن الحصول على فاتورة ضريبية للطلب #69562؟ هذه المرة الخامسة التي يحدث فيها ذلك. المبلغ الإجمالي 150 ريال.,payment_portal,2025-08-08 02:11:16,فوترة,محايد
C456600,كيف أغيّر طريقة الدفع المسجلة في حسابي؟ تواصلت معكم يوم الأربعاء بخصوص خلاط. طلبت جوال يوم الثلاثاء.,payment_portal,2025-08-08 02:29:37,فوترة,محايد
C512861,رقم الطلب #50254. تواصلت معكم يوم الاثنين بخصوص شاحن. لم يتم حل المشكلة حتى الآن سأضطر لإلغاء الاشتراك إن لم تُحل المشكلة.,mobile_app,2025-08-08 05:06:44,تقني,سلبي
C178195,يا جماعة التطبيق عم يسكّر لحالو كل شوي ما رح اتعامل معكن بعد اليوم,mobile_app,2025-08-08 06:16:43,تقني,سلبي
C255689,لو سمَحتم، رَقم الطلب #30942. لدي مشكلة منذ أمسّ ولَمَ يحلها أِحد,payment_portal,2025-08-08 07:38:34,فوترة,سلبي
C333404,يا جماعة عندي مشكلة من أمس ومحد حلها، هذي المرة الرابعة يصير كذا,mobile_app,2025-08-08 11:36:01,تقني,سلبي
C772523,يا جماعة عندي مشكلة من أمس ومحد حلها، هذي المرة الرابعة يصير كذا,mobile_app,2025-08-08 11:36:01,تقني,سلبي
C982656,طلبيتي #77526 متأخرة 5 أيام ولسا ما وصلت، حكيتكن يوم الأربعاء عن حقيبة,delivery_app,2025-08-08 12:57:56,توصيل,سلبي
C708321,المندوب ماكلمنيش ورجّع الشحنة، الحساب كله 750 جنيه طالب حقيبة يوم الجمعة بجد حاجة تضايق!,delivery_app,2025-08-08 19:30:24,توصيل,سلبي
C219527,مرحباً، تواصلت معكم يوم السبت بخصوص طابعة. هذه المرة الخامسة التي يحدث فيها ذلك. كيف أغيّر طريقة الدفع المسجلة في حسابي؟,payment_portal,2025-08-08 21:17:29,فوترة,محايد
C515597,عندي مشكلة من أمس ومحد حلها ابي حل بســــرعة,payment_portal,2025-08-08 21:22:53,فوترة,سلبي
C446550,مرحبا المْندوّب ما اتصِل فيني ورجّع اَلطّلبيْة، حكَيتكن يوم الأحد عن كتب,delivery_app,2025-08-09 00:25:30,توصيل,سلبي
C195209, مرحبا المْندوّب ما اتصِل فيني ورجّع اَلطّلبيْة، حكَيتكن يوم الأحد عن كتب ,delivery_app,2025-08-09 01:09:30,توصيل,سلبي
C778863,السلام عليكم، هذه المرة الرابعة التي يحدث فيها ذلك. كيف أتتبع الشحنة رقم #70053؟,delivery_app,2025-08-09 09:27:44,توصيل,محايد
C342984,كيف أفعّلّ التحقق بخطوّتين؟ الُمبلغَ الإجمالي 99 رَياُل.,mobile_app,2025-08-09 16:17:18,تقني,محايد
C247649,شكراً لفريق الدعم الفني على حل مشكلة تسجيل الدخول، هذه المرة الرابعة التي يحدث فيها ذلك.,mobile_app,2025-08-09 16:57:51,تقني,إيجابي
C151002,مرحبا الغرض وصل مكسور، رقم الطلب #24120 ما رح اتعامل معكن بعد اليوم,delivery_app,2025-08-09 19:42:34,توصيل,سلبي
C616997,مرحبا الغرض وصل مكسور، رقم الطلب #24120 ما رح اتعامل معكن بعد اليوم,delivery_app,2025-08-09 19:42:34,توصيل,سلبي
C887361,هل يمكن الحصول على فاتورة ضريبية للطلب #70144؟,payment_portal,2025-08-10 05:38:43,فوترة,محايد
C186169,يا جماعة كلمتكم يوم الأحد عن جوال رقم الطلب #62967 الفاتورة هالشهر واجد غالية وما أدري ليش، وأيضاً راسلتكم أكثر من مرة ومحد رد علي,payment_portal,2025-08-10 11:41:06,فوترة,سلبي
C558553,يا جماعة كلمتكم يوم الأحد عن جوال رقم الطلب #62967 الفاتورة هالشهر واجد غالية وما أدري ليش، وأيضاً راسلتكم أكثر من مرة ومحد رد علي,payment_portal,2025-08-10 11:41:06,فوترة,سلبي
C571276,لوْ سْمُحتو طالّب كتب يوم السبت الُخدمة كــــتير سيئة,delivery_app,2025-08-10 14:26:13,توصيل,سلبي
C686699,لوْ سْمُحتو طالّب كتب يوم السبت الُخدمة كــــتير سيئة,delivery_app,2025-08-10 14:26:13,توصيل,سلبي
C588792,السلام عليكم، رقم الطلب #51742. كيف أغيّر رقم الجوال المرتبط بالحساب؟,mobile_app,2025-08-10 15:43:58,تقني,محايد
C935435,لوْ سُْمُحْتو طاِلّب كتب يْوم السبت الُّخِدمّة كــــتُير سيئة,delivery_app,2025-08-10 17:03:13,توصيل,سلبي
C475038,لوّ سمحتم، تواصلت معكم يُوم اَلِسبت بِخصوص طاِبعةُ. اســُـتلمتِ المنتجِ مكسوْراً والّتغليف سيئ,delivery_app,2025-08-10 22:45:05,توصيل,سلبي
C381209,مرحبا ضليت ناطر ع التلفون ساعة وما حدا رد,call_center,2025-08-11 07:38:32,خدمة_عملاء,سلبي
C918947,رقم الأوردر #32483 عندي مشكلة من امبارح ومحدش حلها بجد حاجة تضايق!,payment_portal,2025-08-11 07:38:49,فوترة,سلبي
C645672,المبلغ الإجمالي 99 ريال. هل يدعم التطبيق الأجهزة القديمة؟,mobile_app,2025-08-11 08:35:51,تقني,محايد
C936698,تم اــــسترجاع المبلغ بسرعة، شكراً لكم,payment_portal,2025-08-11 13:34:48,فوترة,إيجابي
C192178, تم اــــسترجاع المبلغ بسرعة، شكراً لكم ,payment_portal,2025-08-11 14:52:48,فوترة,إيجابي
C891804,طلبي #22735 متأخر 5 أيام وللحين ما وصل، رقم الطلب #16911 هذي المرة الخامسة يصير كذا,delivery_app,2025-08-11 15:50:00,توصيل,سلبي
C985141,يا جماعة الموظف كان أسلوبه مو زين وسكّر بوجهي، رقم الطلب #95150 المبلغ 250 ريال ابي حل بسرعة,call_center,2025-08-11 16:20:54,خدمة_عملاء,سلبي
C101674,لو سمحت الحساب كله 150 جنيه طالب حذاء رياضي يوم الجمعة الفاتورة المرة دي غالية جداً ومش فاهم ليه,payment_portal,2025-08-11 16:23:02,فوترة,سلبي
C387267,هل يوجد رقم مباشر للتواصل مع مشرف؟ طلبت كتب يوم الاثنين.,call_center,2025-08-11 16:34:00,خدمة_عملاء,محايد
C382142,التطبيق عم يسكّر لحالو كل شوي، المبلغ 49 رقم الطلب #88037,mobile_app,2025-08-11 21:36:32,تقني,سلبي
C941528,يا جماعة راسلتكم أكثر من مرة ومحد رد علي، هذي المرة الثانية يصير كذا كلمتكم يوم الأربعاء عن شاحن ما عاد أتعامل معكم,mobile_app,2025-08-12 01:05:09,تقني,سلبي
C143556,لو سمحتو عندي مشكلة من مبارح وما حدا حلّها، حكيتكن يوم الثلاثاء عن ثلاجة المبلغ 99,call_center,2025-08-12 01:17:38,خدمة_عملاء,سلبي
C998569,لو سمحتو عندي مشكلة من مبارح وما حدا حلّها، حكيتكن يوم الثلاثاء عن ثلاجة المبلغ 99,call_center,2025-08-12 01:17:38,خدمة_عملاء,سلبي
C936330,لو سمحتم، طلبت استرجاع المبلغ منذ 7 أيام ولم يصلني شيء حتى الآن، تواصلت معكم يوم الأحد بــــخصوص طابعة. رقمي 0552114351,payment_portal,2025-08-12 01:36:56,فوترة,سلبي
C454228, ,delivery_app,2025-08-12 05:02:25,توصيل,سلبي
C971162,لو سمحتم، طلبت حذاء رـياضي يوم الثلاثاء. كيف أغيّر رقم الجوال المرتبط بالحساب؟,mobile_app,2025-08-12 05:09:42,تقني,محايد
C187863,هذه المرة الثانية التي يحدث فيها ذلك. المبلغ الإجمالي 150 ريال. ما هي ساعات عمل خــــدمة العملاء؟,call_center,2025-08-12 05:23:58,خدمة_عملاء,محايد
C228137,مش عارف أعمل لوجين والباسورد صح، طالب كرسي مكتب يوم الخميس دي المرة الخامسة يحصل كده,mobile_app,2025-08-12 05:55:04,تقني,سلبي
C384421,هذَه المرة الراـُبّعةّ التي يحدثُ فيهَا ذلّك. الفاتورة واضحة ومفصلة، عِمل ممتاز,payment_portal,2025-08-12 10:03:05,فوترة,إيجابي
C587354,المبلغ 750 الطلبية وصلت ناقصة ما رح اتعامل معكن بعد اليوم,delivery_app,2025-08-12 10:33:29,توصيل,سلبي
C766129,الموظف كان أسلوبو مش منيح وسكّر الخط، طالب خلاط يوم الأربعاء,call_center,2025-08-12 14:18:56,خدمة_عملاء,سلبي
C663906,ازيكم الموظف كان أسلوبه وحش وقفل السكة في وشي، كلمتكم يوم الجمعة عن حقيبة,call_center,2025-08-12 16:34:22,خدمة_عملاء,سلبي
C334453,طلبت حذاء رياضي يوم السبت. هذه المرة الخامسة التي يحدث فيها ذلك. الفاتورة واضحة ومفصلة، عمل ممتاز,payment_portal,2025-08-12 22:30:11,فوترة,إيجابي
C222185,لو سمُحت الحَاجْة وُصلتّ مِكسّورُة، رقم الأوردر #18415 طْالب حذِاِء رياضي يوم الأربعاء عايُز حل بسرعة,payment_portal,2025-08-13 00:47:30,فوترة,سلبي
C595699,لْو سمحْتو جدْدولي الاشتراك بدون ما اطْلب وانسُحب الَمبلغ بدي حّل بْسرعُة,payment_portal,2025-08-13 01:23:27,فوترة,سلبي
C677091,السلام عليكم، كيف أقدّم شكوى رسمية؟ تواصلت معكم يوم الثلاثاء بخصوص شاشة.,call_center,2025-08-13 02:16:18,خدمة_عملاء,محايد
C380133,لو سمحتو الخدمة كتير سيئة، طالب طابعة يوم الأحد والله شي بيقهر!,payment_portal,2025-08-13 04:04:06,فوترة,سلبي
C384099,الموقع بطيء جداً وتظهر رسالة خطأ عند الدفع، المبلغ الإجمالي 250 ريال.,mobile_app,2025-08-13 04:30:37,تقني,سلبي
C830153,لو سمحتو الطلبية وصلت ناقصة، رقم الطلب #42850,delivery_app,2025-08-13 08:03:22,توصيل,سلبي
C711472,شكراً لفريق الدعم الفني على حل مشكلة تسجيل الدخول، المبلغ الإجمالي 250 ريال. طلبت ألعاب أطفال يوم الجمعة. https://example.com/orders/76775,mobile_app,2025-08-13 09:34:55,تقني,إيجابي
C332860,المبلغ 99 ما عم يزبط معي سجل دخول مع إنو كلمة السر صح,payment_portal,2025-08-13 09:40:38,تقني,سلبي
C247832,صرلي 9 أيام ناطر يرجعولي المصاري وما في شي، رقم الطلب #44018 هي المرة الخامسة بتصير هيك والله شي بيقهر!,payment_portal,2025-08-13 14:27:07,فوترة,سلبي
C123250,يا جماعة الفاتورة هالشهر واجد غالية وما أدري ليش، رقم الطلب #85889 طلبت نظارة شمسية يوم السبت,payment_portal,2025-08-13 14:47:37,فوترة,سلبي
C457887,طلبي #70784 متأخر 11 أيام وللحين ما وصل، رقم الطلب #72750 كلمتكم يوم الأربعاء عن حذاء رياضي والله شي يقهر!,delivery_app,2025-08-13 15:02:04,توصيل,سلبي
C874106,السلام عليكم، تواصلت معكم يوم الثلاثاء بخصوص شاحن. فكرة برنامج النقاط ممتازة,web_form,2025-08-13 16:52:06,أخرى,إيجابي
C774664,طالب كتب يوم الخميس عندي مشكلة من مبارح وما حدا حلّها,mobile_app,2025-08-13 19:17:16,تقني,سلبي
C980984,يا جماعة عندي مشكلة من أمس ومحد حلها، طلبت ساعة ذكية يوم السبت,delivery_app,2025-08-13 19:44:37,توصيل,سلبي
C629447,يا جماعة عندي مشكلة من أمس ومحد حلها، طلبت ساعة ذكية يوم السبت,delivery_app,2025-08-13 19:44:37,توصيل,سلبي
C619937,السلام عليكم الفاتورة هالشهر واجد غالية وما أدري ليش، هذي المرة الخامسة يصير كذا المبلغ 750 ريال,payment_portal,2025-08-14 01:18:56,فوترة,سلبي
C387005,لو سمحتم، هذه المرة الثالثة التي يحدث فيها ذلك. طلبت جوال يوم الخميس. كيف أغيّر طريقة الدفع المسجلة في حسابي؟ رقمي 0556194456,payment_portal,2025-08-14 01:30:34,فوترة,محايد
C440631,ضَليت ناطر ع اُلُتلْفون ساعة وما حدا رد، رقم الطلب #81152 طالب قْهوة يوم الاثنيِن وَالله شي بيّقهر!,call_center,2025-08-14 01:47:45,خدمة_عملاء,سلبي
C243070,ضَليت ناطر ع اُلُتلْفون ساعة وما حدا رد، رقم الطلب #81152 طالب قْهوة يوم الاثنيِن وَالله شي بيّقهر!,call_center,2025-08-14 01:47:45,خدمة_عملاء,سلبي
C890448,ضَليت ناطر ع اُلُتلْفون ساعة وما حدا رد، رقم الطلب #81152 طالب قْهوة يوم الاثنيِن وَالله شي بيّقهر..,call_center,2025-08-14 01:54:45,خدمة_عملاء,سلبي
C340321,هلا الطلب وصل نــاقص غرض ابي حل بسرعة,delivery_app,2025-08-14 03:16:43,توصيل,سلبي
C176906,هلا المبلغ 320 ريال الغرض وصلني مكسور,mobile_app,2025-08-14 03:50:25,تقني,سلبي
C447788,مرحبا المندوب ما اتصل فيني ورجّع الطلبية، حكيتكن يوم الأربعاء عن جوال المبلغ 49,delivery_app,2025-08-14 06:35:14,توصيل,سلبي
C351900,هل يمكن الحصول على فاتورة ضريبية للطلب #31179؟ تواصلت معكم يوم الثلاثاء بخصوص حقيبة.,payment_portal,2025-08-14 06:50:32,فوترة,محايد
C425063,لو سمحتم، كيف أغيّر طريقة الدفع المسجلة في حسابي؟ تواصلت معكم يوم السبت بخصوص ساعة ذكية.,payment_portal,2025-08-14 11:08:42,فوترة,محايد
C603843,يا جماعة الحاجة وصلت مكسورة https://example.com/orders/67989,delivery_app,2025-08-14 11:39:08,توصيل,سلبي
C562707,يا جماعة رقم الأوردر #11313 مكتوب إن الأوردر اتسلم وأنا ماستلمتش حاجة,delivery_app,2025-08-14 16:46:14,توصيل,سلبي
C117344,من ساعة التحديث اِلجدّيد واْلَأبلكَيشن واقُع,mobile_app,2025-08-14 17:32:45,تقني,سلبي
C610001,صرلي 9 أيام ناطر يرجعولي المصاري وما في شي، رقم الطلب #43053,payment_portal,2025-08-14 19:03:58,فوترة,سلبي
C922005,مرحباً، المندوب كان محترماً ودقيقاً في الموعد,delivery_app,2025-08-14 21:44:04,توصيل,إيجابي
C174102,لو سمحتم، هل يدعم التطبيق الأجهزة القديمة؟ رقم الطلب #16681. المبلغ الإجمالي 49 ريال.,mobile_app,2025-08-14 22:57:05,تقني,محايد
C554734,لو سمحتو صرلي 12 أيام ناطر يرجعولي المصاري وما في شي، المبلغ 199 هي المـرة الثانية بتصير هيك والله شي بيقهر!,payment_portal,2025-08-15 02:45:02,فوترة,سلبي
C609938,تواصلت معكم يوم الجمعة بخصوص ساعة ذكية. كيف أغيّر رقم الجوال المرتبط بالحساب؟,mobile_app,2025-08-15 08:50:46,تقني,محايد
C711098,طلبت عّطُرِ يوم السبتُ. متى يْتم إُصدار اِلفاتّورة الشهرُية؟,payment_portal,2025-08-15 12:34:29,فوترة,محايد
C899774,التحُديثِ اَلجديد ممتاْز واْلِتطبيق صار أسُرع، هذه الَمرة الرابعة التي يحدث فيها ذلك.,mobile_app,2025-08-15 23:22:05,تقني,إيجابي
C815553,ازيكم كلمتكم يوم الأربعاء عن ثلاجة الحساب كله 99 جنيه مش عارف أعمل لوجين والباسورد صح,web_form,2025-08-16 03:54:55,أخرى,سلبي
C800052,هذي المرة الثانية يصير كذا طلبت طابعة يوم الأربعاء جددوا لي الاشتراك بدون ما أوافق وسحبـــوا 99 ريال,payment_portal,2025-08-16 08:39:17,فوترة,سلبي
C266513,   ,call_center,2025-08-16 10:31:53,خدمة_عملاء,سلبي
C217530,   ,call_center,2025-08-16 10:31:53,خدمة_عملاء,سلبي
C470835,يا جماعة طالب خلاط يوم الجمعة انسحب مني 250 مرتين على نفس الطلب والله شي بيقهر!,payment_portal,2025-08-16 11:59:16,فوترة,سلبي
C916080,مرحباً، هل يمكن تغيير عنوان التوصيل للطلب #33969؟,delivery_app,2025-08-16 12:45:29,توصيل,محايد
C341113,لِو سَمحتم، تم خصم مبلغ 320 ريال من حْسابي مرتيِن لنفِس الطلب، اْلمبلغ الَإُجمُالَي 99 رُيال. أرجو الحل بأسرع وقت.,payment_portal,2025-08-16 17:24:10,فوترة,سلبي
C905325,السلام عليكم، طلبت شاحن يوم الثلاثاء. الفاتورة الأخيرة أعلى بكثير من المعتاد دون أي توضيح سأضطر لإلغاء الاشتراك إن لم تُحل المشكلة.,payment_portal,2025-08-16 19:39:42,فوترة,سلبي
C436742,لو سمحتو هي المرة الخامسة بتصير هيك انسحب مني 320 مرتين على نفس الطلب,mobile_app,2025-08-16 22:00:56,تقني,سلبي
C194311,شكراً علىْ سرعة اَلرد والتعاِمل الراّقيِ، المبلغ الإجمالي 499 ريال.,call_center,2025-08-16 23:06:30,خدمة_عملاء,إيجابي
C478145,المبلغ الإجمالي 49 ريال. رمز التحقق لا يصل إلى هاتفي,mobile_app,2025-08-17 02:45:19,تقني,سلبي
C325608,السلام عليكم، تواصلت معكم يوم الأربعاء بخصوص مكنسة كهربائية. طلبت نظارة شمسية يوم الأحد. الفاتورة الأخيرة أعلى بكثير من المعتاد دون أي توضيح,payment_portal,2025-08-17 06:35:17,فوترة,سلبي
C875620,الفاتورة واضحة ومفصلة، عمل ممتاز، المبلغ الإجمــالي 49 ريال. طلبت قهوة يوم الجمعة.,payment_portal,2025-08-17 18:18:40,فوترة,إيجابي
C997824,تجربة زفت بصراحة، كلمتكم يوم الخميس عن عطر,delivery_app,2025-08-17 23:21:05,توصيل,سلبي
C422531,السلام عليكم، وصل الطلب قبل الموعد والتغليف ممتاز، تواصلت معكم يوم الأربعاء بخصوص جوال.,delivery_app,2025-08-17 23:52:45,توصيل,إيجابي
C286030,مرْحباْ طالب شاشة يوم الجمعةَ انسحب مني 750 مرتين علىَ نفس اُلطلب والله شي بيقهّرَ!,payment_portal,2025-08-18 04:09:11,فوترة,سلبي
C890892,يا جماعة طالب جوال يوم الأحد تجربة ما بتنعاد,mobile_app,2025-08-18 13:20:21,تقني,سلبي
C349397,السلام عليكم، انتظرت على الخط أكثر من ساعة دون أن يرد أحد، تواصلت معكم يوم الاثنين بخصوص ثلاجة. هذا غير مقبول إطلاقاً!,call_center,2025-08-18 13:56:14,خدمة_عملاء,سلبي
C719453,لو سمحت رقم الأوردر #52897 الأوردر #76101 متأخر 7 أيام ولسه ماوصلش,delivery_app,2025-08-18 15:18:24,توصيل,سلبي
C594987,لو سمحتم، المندوب كان محترماً ودقيقاً في الموعد، توــــاصلت معكم يوم الجمعة بخصوص سماعات.,delivery_app,2025-08-19 01:41:50,توصيل,إيجابي
C922427,لو سمحتم، المندوب كان محترماً ودقيقاً في الموعد، توــــاصلت معكم يوم الجمعة بخصوص سماعات.,delivery_app,2025-08-19 01:41:50,توصيل,إيجابي
C265615,ازيكم رقم الأوردر #24433 طالب ساعة ذكية يوم الثلاثاء عايز أكلم حد مسؤول,payment_portal,2025-08-19 04:58:02,فوترة,سلبي
C450837,دي المرة الرابعة يحصل كده رقم الأوردر #44351 الأوردر #76452 متأخر 13 أيام ولسه ماوصلش,delivery_app,2025-08-19 09:07:31,توصيل,سلبي
C320177,يا جماِعة الأوّردِر #29618 متأخر 13 أياِم ولسه ماوصلَش، دي المِرة الثالّثة يحُصلُ كده مش هتعامل معاكم تاني,delivery_app,2025-08-19 09:39:40,توصيل,سلبي
C683328,يا جماِعة الأوّردِر #29618 متأخر 13 أياِم ولسه ماوصلَش، دي المِرة الثالّثة يحُصلُ كده مش هتعامل معاكم تاني,delivery_app,2025-08-19 09:39:40,توصيل,سلبي
C936714,انتظرت على الخط أكثر من ساعة دون أن يرد أحد، رقم الطلب #73568. هذه المرة الرابعة التي يحدث فيـــها ذلك.,call_center,2025-08-19 14:09:21,خدمة_عملاء,سلبي
C475084,لو سمحتو الفاتورة هاــلمرة كتير غالية وما حدا شرحلي ليش,payment_portal,2025-08-19 17:09:41,فوترة,سلبي
C457038,وصل الطلب قبل الموعد والتــغليف ممتاز، هذه المرة الثالثة التي يحدث فيها ذلك. رقم الطلب #93865.,delivery_app,2025-08-19 20:27:14,توصيل,إيجابي
C906364,انخصم مني 250 ريال مرتين على نفس الطلب، رقم الطلب #22349,payment_portal,2025-08-20 04:01:33,فوترة,سلبي
C736342,يا جماعة طلبت كرسي مكتب يوم الجمعة انخصم مني 99 ريال مرتين على نفس الطلب,payment_portal,2025-08-20 07:03:44,فوترة,سلبي
C261689,هذي المرة الثانية يصير كذا انتظرت ساعة على الخط ومحد رد والله شي يقهر!,call_center,2025-08-20 10:28:34,خدمة_عملاء,سلبي
C628733,الطلبية وصلت ناقصة,delivery_app,2025-08-20 15:58:57,توصيل,سلبي
C523833,السلام عليكم من 11 أيام طالب استرجاع فلوسي وللحين ما وصلت، رقم الطلب #40356,delivery_app,2025-08-20 16:05:16,توصيل,سلبي
C702880,السلام عليكم من 11 أيام طالب استرجاع فلوسي وللحين ما وصلت، رقم الطلب #40356,delivery_app,2025-08-20 16:05:16,توصيل,سلبي
C738378,كلمتكم يوم الأحد عن ساعة ذكية الفاتورة المرة دي غالية جداً ومش فاهم ليه مش هتعامل معاكم تاني,payment_portal,2025-08-20 18:51:10,فوترة,سلبي
C248139,طالب ثلاجة يوم الاثنين هي المرة الثالثة بتصير هيك بعتتلكن كذا رسالة وما حدا رد، وفوق هذا التطبيق عم يسكّر لحالو كل شوي والله شي بيقهر!,call_center,2025-08-20 21:55:23,خدمة_عملاء,سلبي
C169607,يا جماعة التطبيق يطلعني برا كل ما أفتح الطلبات، المبلغ 250 ريال والله شي يقهر!,mobile_app,2025-08-21 04:17:07,تقني,سلبي
C307432,لو سمحتو حكيتكن يوم الأربعاء عن كتب بدي احكي مع حدا مسؤول,mobile_app,2025-08-21 14:54:06,تقني,سلبي
C460899,انسحب مني 499 مرتين على نفس الطلب والله شي بيقهر!,payment_portal,2025-08-21 17:19:41,فوترة,سلبي
C974119,تجربة ما بتنعاد، المبلغ 499 طالب شاشة يوم الأحد,call_center,2025-08-21 22:34:15,خدمة_عملاء,سلبي
C205827,لو سمحتم، موظف خدمة العملاء كان غير متعاون وأغلق المكالمة، تواصلت معكم يوم الخميس بخصوص شاشة.,call_center,2025-08-22 01:59:54,خدمة_عملاء,سلبي
C804625,مرحبا المبلغ 250 الغرض وصل مكسور,delivery_app,2025-08-22 07:10:34,توصيل,سلبي
C444837,المندوب ماكلمنيش ورجّع الشحنة، دي المرة الثالثة يحصل كده عايز حل بسرعة,delivery_app,2025-08-22 15:30:54,توصيل,سلبي
C969725,لسا المشكلة متل ما هي، حكيتكن يوم الأربعاء عن ثلاجة,call_center,2025-08-22 19:19:38,خدمة_عملاء,سلبي
C684450,الموظف كان أسلوبه مو زين وسكّر بوجهي، هذي المرة الثانية يصير كذا رقم الطلب #55474 ابي حل بسرعة,call_center,2025-08-22 21:56:26,خدمة_عملاء,سلبي
C482616,لو سمحتم، الموظفة كانت متعاونة جداً وحلّت مشكلتي، المبلغ الإجمالي 99 ريال. طلبت ساعة ذكية يوم الاثنين.,call_center,2025-08-22 22:38:39,خدمة_عملاء,إيجابي
C308588,يا جماعة رمز التحقق ما عم يوصلني، المبلغ 499 حكيتكن يوم الجمعة عن ألعاب أطـــفال https://example.com/orders/28894,mobile_app,2025-08-22 23:30:36,تقني,سلبي
C742271,بعد التحديث الأخير لم يعد التطبيق يعمل على هاتفي، رقم الطلب #60242. سأضطر لإلغاء الاشتراك إن لم تُحل المشكلة.,mobile_app,2025-08-23 03:19:49,تقني,سلبي
C741118,ازيكم دي المرة الثالثة يحصل كده الفاتورة المرة دي غالية جداً ومش فاهم ليه مش هتعامل معاكم تاني,payment_portal,2025-08-23 07:11:34,فوترة,سلبي
C825509,مرحباً، المندوَب كان محترماً ودقيقْاً في الموعّد، رقم الطلب #51508.,delivery_app,2025-08-23 08:23:57,توصيل,إيجابي
C975914,هلا راسلتكم أكثر من مرة ومحد رد علي ابي حل بسرعة,call_center,2025-08-23 16:00:47,خدمة_عملاء,سلبي
C996528,يا جماعة رقم الطلب #38740 هي المرة الرابعة بتصير هيك ضليت ناطر ع التلفون ساعة وما حدا رد,twitter,2025-08-24 01:10:00,خدمة_عملاء,سلبي
C628786,رقم الطلب #99876. كيف أفعّل التحقق بخطوتين؟,mobile_app,2025-08-24 01:25:23,تقني,محايد
C988247,لو سمحتم، تم خصم مبلغ 499 ريال من حسابي مرتين لنفس الطلب، المبلغ الإجمالي 49 ريال.,payment_portal,2025-08-24 05:22:00,فوترة,سلبي
C981134,من ساعة التحديث الجديد والأبلكيشن واقع، الحساب كله 499 جنيه,mobile_app,2025-08-24 06:39:38,تقني,سلبي
C679866,من ساعة التحديث الجديد والأبلكيشن واقع، الحساب كله 499 جنيه,mobile_app,2025-08-24 06:39:38,تقني,سلبي
C834785,ازيكم طالب ألعاب أطفال يوم الأحد كود التفعيل مش بيوصل خالص,mobile_app,2025-08-24 09:51:56,تقني,سلبي
C462717,السلام عليكم طلبي #80801 متأخر 10 أيام وللحين ما وصل، المبلغ 320 ريال رقم الطلب #27229,delivery_app,2025-08-24 17:26:45,توصيل,سلبي
C376875,هل يمكن الحصول على فاتورة ضريبية للطلب #64464؟,payment_portal,2025-08-24 19:35:58,فوترة,محايد
C424364,رمز التحقق ما عم يوصلني رقـمي 0584370382,mobile_app,2025-08-24 21:16:31,تقني,سلبي
C504430,مرحباً، المبلغ الإجمالي 250 ريال. كيف أقدّم شكوى رسمية؟,call_center,2025-08-24 22:55:04,خدمة_عملاء,محايد
C919825,يا جماعة تجـربة ما تنعاد، رقم الطلب #27118 ما عاد أتعامل معكم,delivery_app,2025-08-24 23:03:14,توصيل,سلبي
C668822,مرحباً، كود الخصم لم يُطبَّق على الفاتورة رغم أنه ساري المفعول أرجو الحل بأسرع وقت.,payment_portal,2025-08-24 23:14:01,فوترة,سلبي
C650659,لو سمحتم، التحديث الجديد ممتــــاز والتطبيق صار أسرع,mobile_app,2025-08-25 00:20:37,تقني,إيجابي
C865793,يا جماعة الموظف كان أسلوبه مو زين وسكّر بوجهي ابي حل بسرعة,call_center,2025-08-25 02:28:03,خدمة_عملاء,سلبي
C584040,يا جماعة الموظف كان أسلوبه مو زين وسكّر بوجهي ابي حل بسرعة,call_center,2025-08-25 02:28:03,خدمة_عملاء,سلبي
C465188,مرحبا الموظف كان أسلوبو مش منيح وسكّر الخط، حكيتكن يوم الجمعة عن نظارة شمسية رقم الطلب #40232,call_center,2025-08-25 05:01:30,خدمة_عملاء,سلبي
C505205,تواصلت معكم يوم الأربعاء بخصوص جوال. كيف أغيّر طريقة الدفع المسجلة في حسابي؟,payment_portal,2025-08-25 06:32:34,فوترة,محايد
C235400,اــــلمندوب كان محترماً ودقيقاً في الموعد https://example.com/orders/41538,delivery_app,2025-08-25 08:15:34,توصيل,إيجابي
C592878,المندوب ما اتصل فيني ورجّع الطلبية، حكيتكن يوم الجمعة عن ألعاب أطفال,delivery_app,2025-08-25 08:21:05,توصيل,سلبي
C375878,لو سمحت الأبلكيشن بيقفل لوحده كل شوية، كـــلمتكم يوم الاثنين عن طابعة,mobile_app,2025-08-25 09:56:19,تقني,سلبي
C451728,يا جماعة كلمتكم يوم السبت عن نظارة شمسية طلبت شاحن يوم الثلاثاء عندي مشكلة من أمس ومحد حلها,delivery_app,2025-08-25 12:17:28,توصيل,سلبي
C608508,أريد التحدث مع مسؤول بخصوص طلبي، رقم الطلب #62797. تواصلت معكم يوم الأربعاء بخصوص حذاء رياضي. سأضطر لإلغاء الاشتراك إن لم تُحل المشكلة.,payment_portal,2025-08-25 15:13:57,فوترة,سلبي
C334416,مش عارف أعمل لوجين والباسورد صح، الحساب كله 320 جنيه,mobile_app,2025-08-25 15:33:39,تقني,سلبي
C632827,الكوبون مااشتغلش والفلوس اتسحبت كاملة، رقم الأوردر #17454 عايز حل بسرعة,payment_portal,2025-08-25 19:01:34,فوترة,سلبي
C486091,بقالي 3 أيام مستني فلوسي ترجع ومفيش حاجة، دي المرة الثالثة يحصل كده,payment_portal,2025-08-25 20:33:25,فوترة,سلبي
C948822,لُوْ سمحَتم، رقم اّلطلب #62030. المبلغ الإجماِلي 320 رّيال. الفاتورة الأّخيرة أعلى بكَثُيِر من المعتادِ دون أي توضيحَ,payment_portal,2025-08-26 12:48:26,فوترة,سلبي
C314534,انخصم مني 150 ريال مرتين على نفس الطلب، هذي المرة الخامسة يصير كذا,payment_portal,2025-08-26 15:12:13,فوترة,سلبي
C125803,يا جماعة تجربةّ ماّ بتنعِاد، هي المرة اِلّرابعة بَتصير هيك,call_center,2025-08-26 16:06:19,خدمة_عملاء,سلبي
C637746,مرحباً، رقم الطلب #42189. تواصلت معكم يوم الخميس بخصوص سماعات. المندوب كان محترماً ودقيقاً في الموعد,delivery_app,2025-08-26 17:04:24,توصيل,إيجابي
C753238,يا جماعة ضليت ناطر ع التلفون ساعة وما حدا رد، رقم الطلب #19748 حكيتكن يوم الثلاثاء عن جوال والله شي بيقهر!,call_center,2025-08-26 18:48:21,خدمة_عملاء,سلبي
C857692,السلام عليكم، طلبت ألعاب أطفال يوم الخميس. تواصلت معكم يوم السبت بخصوص حذاء رياضي. وصل الطلب قبل الموعد والتغليف ممتاز,delivery_app,2025-08-26 19:27:32,توصيل,إيجابي
C551351,السلام عليكم، طلبت ألعاب أطفال يوم الخميس. تواصلت معكم يوم السبت بخصوص حذاء رياضي. وصل الطلب قبل الموعد والتغليف ممتاز,delivery_app,2025-08-26 19:27:32,توصيل,إيجابي
C960049,لسه المشكلة زي ما هي,mobile_app,2025-08-26 21:43:06,تقني,سلبي
C187422,الحاجة وصلت مكسورة، طالب ألعاب أطفال يوم السبت,delivery_app,2025-08-26 22:56:38,توصيل,سلبي
C543526,تأخر وصول الطلب رقم #66557 أكثر من 10 أيام عن الموعد المحدد، المبلغ الإجمالي 320 ريال. هذا غير مقبول إطلاقاً!,delivery_app,2025-08-27 00:02:58,توصيل,سلبي
C762912,الســـلام عليكم، كيف أغيّر طريقة الدفع المسجلة في حسابي؟,payment_portal,2025-08-27 04:45:15,فوترة,محايد
C546070,مرحباً، متى يتم إصدار الفاتورة الشهرية؟ المبلغ الإجمالي 499 ريال.,payment_portal,2025-08-27 06:23:46,فوترة,محايد
C228647,مرحباً، متى يتم إصدار الفاتورة الشهرية؟ المبلغ الإجمالي 499 ريال.,payment_portal,2025-08-27 06:23:46,فوترة,محايد
C220456,لو سمحتم، طلبت حقيبة يوم الأحد. أرسلت عدة رسائل ولم أتلقَّ أي رد سأضطر لإلغاء الاشتراك إن لم تُحل المشكلة.,call_center,2025-08-27 09:20:22,خدمة_عملاء,سلبي
C365105,المبلغ 199 ما عم يزبط معي سجل دخول مع إنو كلـمة السر صح، وكمان ضليت ناطر ع التلفون ساعة وما حدا رد ما رح اتعامل معكن بعد اليوم,mobile_app,2025-08-27 09:50:04,تقني,سلبي
C373699,مرحباً، هل يمكن تغيير عنوان التوصيل للطلب #83666؟,delivery_app,2025-08-27 09:58:55,توصيل,محايد
C756035,أحتاج مساعدة عاجلة من فضلكم,payment_portal,2025-08-27 10:15:53,فوترة,سلبي
C709761,انسحب مني 750 مرتين على نفس الطلب، طالب لابتوب يوم الثلاثاء رقم الطلب #36238 ما رح اتعامل معكن بعد اليوم,payment_portal,2025-08-28 02:07:59,فوترة,سلبي
C218765,مرحبا المندوب ما اتصل فيني ورجّع الطلبية، المبلغ 499 بدي حل بسرعة,delivery_app,2025-08-28 06:52:29,توصيل,سلبي
C242458,تواصلت معكم يوم الأربعاء بخصوص شاشة. تأخر وصول الطلب رقم #30078 أكثر من 6 أيام عن الموعد المحدد أرجو الحل بأسرع وقت.,delivery_app,2025-08-28 07:45:29,توصيل,سلبي
C540173,لو سمحت كلمتكم يوم الاثنين عن مكنسة كهربائية الأوردر #56954 متأخر 11 أيام ولسه ماوصلش رقمي 0519737536,delivery_app,2025-08-28 09:12:54,توصيل,سلبي
C199490,لسا المشكلة متل ما هي، المبلغ 150 والــــله شي بيقهر!,payment_portal,2025-08-28 10:27:52,فوترة,سلبي
C381471,وصل الطلب قبل الموعد والتغليف ممتاز,delivery_app,2025-08-28 10:37:43,توصيل,إيجابي
C372587,تواصلت معكم يوم السبت بخصوص ساعة ذكية. وصل الطلب قبل الموعد والتغليف ممتاز,delivery_app,2025-08-28 10:39:47,توصيل,إيجابي
C448234,لو سمحت كلمتكم يوم الاثنين عن مكنسة كهربائية الأوردر #56954 متأخر 11 أيام ولسه ماوصلش رقمي 0519737536؟,delivery_app,2025-08-28 11:01:54,توصيل,سلبي
C779720,المندوب ما اتصل ورجع الطلب، كلمتكم يوم الجمعة عن ساعة ذكية,delivery_app,2025-08-28 15:03:33,توصيل,سلبي
C550182,el fatora ghalia awi el marra di order #26662,payment_portal,2025-08-28 16:05:37,فوترة,سلبي
C227593,المبلغ الإجمالي 250 ريال. الفاتورة واضحة ومفصلة، عمل ممتاز,payment_portal,2025-08-28 16:31:02,فوترة,إيجابي
C404433,المندوب ما اتصل ورجع الطلب، كلمتكم يوم الأحد عن سماعات,delivery_app,2025-08-28 19:11:27,توصيل,سلبي
C729995,لو سمحِتم، المبلغ اِلإجمالَي 99 ريالِ. رقم الطلب #26538. كيف أفعّّل التحقق بخطوتين؟,mobile_app,2025-08-28 20:12:52,تقني,محايد
C769184,لو سمحِتم، المبلغ اِلإجمالَي 99 ريالِ. رقم الطلب #26538. كيف أفعّّل التحقق بخطوتين؟,mobile_app,2025-08-28 20:12:52,تقني,محايد
C511654,دي المرة الخامسة يـحصل كده الكوبون مااشتغلش والفلوس اتسحبت كاملة,payment_portal,2025-08-29 00:00:11,فوترة,سلبي
C546105,لو سمحت كلمتكم يوم الاثنين عن حذاء رياضي طالب جوال يوم السبت من ساعة التحديث الجديد والأبلكيشن واقع عايز حل بسرعة,mobile_app,2025-08-29 03:09:27,تقني,سلبي
C446940,جددوا لي الاشتراك بدون ما أوافق وسحبوا 250 ريال، كلمتكم يوم السبت عن نظارة شمسية ما عاد أتعامل معكم,payment_portal,2025-08-29 04:56:34,فوترة,سلبي
C507040,مكتوب إن الأوردر اتسلم وأنا ماستلمتش حاجة، دي المرة الثالثة يحصل كده كلمتكم يوم الخميس عن ساعة ذكية,delivery_app,2025-08-29 08:05:48,توصيل,سلبي
C122521,لو سمحت اتخصم مني 499 جنيه مرتين على نفس الأوردر، الحساب كله 49 جنيه,payment_portal,2025-08-29 10:53:39,فوترة,سلبي
C184591,المندوب ماكلمنيش ورجّع الشحنة، وفوق هذا الكوبون مااشتغلش والفلوس اتسحبت كاملة، الحساب كله 250 جنيه,delivery_app,2025-08-29 11:50:51,توصيل,سلبي
C140286,هلا ما أقدر أسجل دخول والباسوورد صحيح، المبلغ 320 ريال هذي المرة الثانية يصير كذا,mobile_app,2025-08-29 15:10:25,تقني,سلبي
C637378,مرحباً، المبلغ الإجمالي 750 ريال. الموقع بطيء جداً وتظهر رسالة خطأ عند الدفع أرجو الحل بأسرع وقت.,mobile_app,2025-08-29 15:48:34,تقني,سلبي
C588613,هذي المرة الثانية يصير كذا بعد التحديث الجديد التطبيق خربان، وأيضاً من 10 أيام طالب استرجاع فلوسي وللحين ما وصلت,mobile_app,2025-08-29 16:26:39,تقني,سلبي
C304947,مرحباً، الفاتورة الأخيرة أعلى بكثير من المعتاد دون أي توضيح,mobile_app,2025-08-30 02:11:31,تقني,سلبي
C871019,مرحبا جددولي الاشتراك بدون ما اطلب وانسحب المبلغ بدي حل بسرعة,payment_portal,2025-08-30 04:23:57,فوترة,سلبي
C576882,رقم الأوردر #15240 تجربة زفت بصراحة,payment_portal,2025-08-30 05:06:57,فوترة,سلبي
C475939,كيف أفعّل التحقق بخطوتين؟ رقم الطلب #56878.,mobile_app,2025-08-30 07:19:22,تقني,محايد
C954457,يا جماعة طالب نظـارة شمسية يوم الأحد انسحب مني 750 مرتين على نفس الطلب,payment_portal,2025-08-30 09:06:13,فوترة,سلبي
C366148,لو سمحت الحاجة وصلت مكسورة، كلمتكم يوم الأربعاء عن ثلاجة,delivery_app,2025-08-30 12:47:30,توصيل,سلبي
C147437,ضليت ناطر ع التلفون ساعة وما حدا رد، رقم الطلب #51962,call_center,2025-08-30 12:52:53,خدمة_عملاء,سلبي
C873657,كود التفعيل مش بيوصل خالص، كلمتكم يوم الخميس عن مكنسة كهربائية,mobile_app,2025-08-30 15:16:41,تقني,سلبي
C190386,التّحديث الجديد ممتاز والتطِبيق صِارُ أسرع,mobile_app,2025-08-30 15:39:10,تقني,إيجابي
C592555,يا جماعة كلمتكم يوم الجمعة عن شاشة طالب لابتوب يوم الأربعاء تجربة زفت بصراحة عايز حل بسرعة,payment_portal,2025-08-30 17:33:39,فوترة,سلبي
C363679,الطلب وصل ناقص غرض، هذي المرة الخامسة يصير كذا ما عاد أتعامل معكم,delivery_app,2025-08-30 23:36:58,توصيل,سلبي
C500744,يا جماعة رقم الأوردر #62163 كود التفعـــيل مش بيوصل خالص,mobile_app,2025-08-31 01:37:03,تقني,سلبي
C671724,السلام عليكم، هل تتوفر خدمة التوصيل في نفس اليوم؟ هذه المرة الثانية التي يحدث فيها ذلك. المبلغ الإجمالي 199 ريال.,delivery_app,2025-08-31 03:08:35,توصيل,محايد
C640591,يا جماعة التطبيق عم يسكّر لحالو كل شوي، حكيتكن يوم الأحد عن جوال,mobile_app,2025-08-31 06:29:41,تقني,سلبي
C126181,لو سمحت الموظف كان أسلوبه وحش وقفل السكة في وشي بجد حاجة تضايق!,call_center,2025-08-31 14:08:35,خدمة_عملاء,سلبي
C337548,هل تتوـــفر خدمة التوصيل في نفس اليوم؟,delivery_app,2025-08-31 16:00:25,توصيل,محايد
C783274,السلام عليكم هذي المرة الرابعة يصير كذا رقم الطلب #34841 طلبي #44739 متأخر 6 أيام وللحين ما وصل والله شي يقهر!,delivery_app,2025-08-31 19:51:46,توصيل,سلبي
C981891,بقالي 12 أيام مستني فلوسي ترجع ومفيش حاجة، دي المرة الثالثة يحصل كده مش هتعامل معاكم تاني,call_center,2025-08-31 21:40:55,خدمة_عملاء,سلبي
C890378,الموظفة كانت متعاونة جداً وحلّت مشكلتي، تواصلت معكم يوم الأربعاء بخصوص طابعة.,call_center,2025-08-31 21:53:13,خدمة_عملاء,إيجابي
C822865,طالب نظارة شمسية يوم الأربعاء بدي اــــحكي مع حدا مسؤول,payment_portal,2025-08-31 22:13:53,فوترة,سلبي
C227549,يا جماعة عندي مشكلة من مبارح وما حدا حلّها، طالب حذاء رياضي يوم الجمعة بدي حل بسرعة,payment_portal,2025-08-31 22:49:56,فوترة,سلبي
C303869,اُلسلام عليكم انتظرت ســــاعة على اَلخطّ وُمحُد رد، وكْمان التطبيق يّطلعني برا كل مْا أفتحَ الطلبات، كلمتكم يوم السبت عّنّ قهوة واُلله شي يقهر! رقميَ 0563832453,call_center,2025-09-01 11:19:53,خدمة_عملاء,سلبي
C656738,السلام عليكم عندي مشكلة من أمس ومحد حلها، طلبت كتب يوم السبت كلمتكم يوم الثلاثاء عن كتب,mobile_app,2025-09-01 13:14:51,تقني,سلبي
C542253,يا جماعة من ساعة التحديث الجديد والأبلكيشن واقع,mobile_app,2025-09-01 13:29:22,تقني,سلبي
C843716,مرحبا طالب سماعات يوم الجمعة من بعد التحديث الجديد التطبيق ما عم يشتغل، وأيضاً بعتتلكن كذا رسالة وما حدا رد بدي حل بسرعة,mobile_app,2025-09-01 13:29:55,تقني,سلبي
C742797,مكتوب إن الأوردر اتسلم وأنا ماستلمتش حاجة، الحساب كله 199 جنيه دي المرة الرابعة يحصل كده مش هتعامل معاكم تاني,delivery_app,2025-09-01 14:08:38,توصيل,سلبي
C413405,الموظف كان أسلوبو مش منيح وسكّر الخط، طالب ألعاب أطفال يوم الخميس رقم الطلب #96328 والله شي بيقهر!,call_center,2025-09-01 14:38:43,خدمة_عملاء,سلبي
C339374,الموظف كان أسلوبو مش منيح وسكّر الخط، طالب ألعاب أطفال يوم الخميس رقم الطلب #96328 والله شي بيقهر!,call_center,2025-09-01 14:38:43,خدمة_عملاء,سلبي
C253169,مرحبا المبلغ 150 صرلي 6 أيام نـــاطر يرجعولي المصاري وما في شي,payment_portal,2025-09-01 17:23:05,فوترة,سلبي
C348859,لو سمحت كلمتكم يوم الاثنين عن كتب المندوب ماكلمنيش ورجّع الشحنة، وكمان الفاتورة المرة دي غالية جداً ومش فاهم ليه بجد حاجة تضايق!,delivery_app,2025-09-01 22:46:04,توصيل,سلبي
C581010,كود الخصم لم يُطبَّق على الفاتورة رغم أنه ساري المفعول، طلبت نظارة شمسية يوم الخميس. رقم الطلب #39732.,payment_portal,2025-09-02 00:30:55,فوترة,سلبي
C549821,هي المرة الثانية بتصير هيك تجربة ما بتنعاد https://example.com/orders/64252,delivery_app,2025-09-02 01:37:43,توصيل,سلبي
C931698,كيف أقدّم شكوى رسمية؟ طلبت قهوة يوم الجمعة.,call_center,2025-09-02 08:49:11,خدمة_عملاء,محايد
C547260,السلام عليكم كلمتكم يوم الأربعاء عن قهوة المبلغ 250 ريال عندي مشكلة من أمس ومحد حلها والله شي يقهر!,call_center,2025-09-02 12:26:27,خدمة_عملاء,سلبي
C566652,كود التفعيل مش بيوصل خالص، رقم الأوردر #98390 طالب جوال يوم السبت عايز حل بسرعة,mobile_app,2025-09-02 16:11:37,تقني,سلبي
C850249,طالب كتب يوم الاثنين اتخصم مني 750 جنيه مرتين على نفس الأوردر,payment_portal,2025-09-02 16:26:35,فوترة,سلبي
C447860,طالب كتب يوم الاثنين اتخصم مني 750 جنيه مرتين على نفس الأوردر,payment_portal,2025-09-02 16:26:35,فوترة,سلبي
C732872,لو سمحتم، رقم اـــلطلب #14792. تم خصم مبلغ 99 ريال من حسابي مرتين لنفس الطلب,payment_portal,2025-09-02 16:30:31,فوترة,سلبي
C959778,مرحبا لسا المشكلة متل ما هي، حكيتكن يوم الاثنين عن نظارة شمسية,delivery_app,2025-09-02 22:07:11,توصيل,سلبي
C150165,مرحباً، هل يدعم التطبــيق الأجهزة القديمة؟,mobile_app,2025-09-03 03:32:43,تقني,محايد
C842816,السلام عليكم كلمتكم يوم الثلاثاء عن جوال الطلب وصل ناقص غرض ما عاد أتعامل معكم,web_form,2025-09-03 18:34:39,أخرى,سلبي
C576648,كلمتكم يوم الأحد عن ساعة ذكية الموظف كان أسلوبه وحش وقفل السكة في وشي,call_center,2025-09-03 21:31:31,خدمة_عملاء,سلبي
C324906,ما هي ساعات عمل خدمة العملاء؟ المبلغ الإجمالي 750 ريال. رقم الطلب #39635.,call_center,2025-09-03 22:42:06,خدمة_عملاء,محايد
C958097,رقم الأوردر #48577 كلمتكم يوم الأحد عن مكنسة كهرباـئية مش عارف أعمل لوجين والباسورد صح مش هتعامل معاكم تاني,mobile_app,2025-09-04 09:15:42,تقني,سلبي
C610731,يا جماعة عندي مشكلة من امبارح ومحدش حلها، دي المرة الخامسة يحصل كده الحساب كله 250 جنيه بجد حاجة تضايق!,mobile_app,2025-09-04 11:10:10,تقني,سلبي
C660163,لو سمحتم، رمز التحقق لا يصل إلى هاتفي، تواصلت معكم يوم السبت بخصوص ساعة ذكية. طلبت لابتوب يوم الثلاثاء. هذا غير مقبول إطلاقاً!,mobile_app,2025-09-04 18:19:15,تقني,سلبي
C870755,يا جماعة رقم الطلب #34382 ودي تضيفون خيار الدفع عند الاستلام,web_form,2025-09-04 19:04:49,أخرى,سلبي
C850298,هل يدعم التطبيق الأجهزة القديمة؟ تواصلت معكم يوم الأحد بخصوص خلاط.,mobile_app,2025-09-04 21:06:47,تقني,محايد
C410552,تم تجديد الاشتراك تلقائياً دون موافقتي وخصم 250 ريال، طلبت ثلاجة يوم السبت. رقم الطلب #12997.,payment_portal,2025-09-04 21:14:41,فوترة,سلبي
C313459,ازــيكم دي المرة الرابعة يحصل كده الحاجة وصلت مكسورة,delivery_app,2025-09-05 05:15:40,توصيل,سلبي
C329870,ازــيكم دَيْ المرِة الرابعة يحْصَل كده الحاجة وّصلتّ مَكْسورُةّ,delivery_app,2025-09-05 07:31:40,توصيل,سلبي
C874409,الخدمة وحشة جداً عايز حل بسرعة,web_form,2025-09-05 15:13:25,أخرى,سلبي
C970266,السلام عليكم، طلبت سماعات يوم الأربعاء. ما هي ساعات عمل خدمة العملاء؟,call_center,2025-09-05 16:59:08,خدمة_عملاء,محايد
C990264,من ساعة التحديث الجديد والأبلكيشن واقع، رقم الأوردر #21611 الحساب كله 99 جنيه مش هتعامل معاكم تاني,mobile_app,2025-09-05 20:09:18,تقني,سلبي
C904464,كيف أتتبع الشحنة رقم #86502؟ رقم الطلب #42166. طلبت ألعاب أطفال يوم السبت.,delivery_app,2025-09-06 04:01:47,توصيل,محايد
C860201,السلام عليكم، أرسلت عدة رسائل ولم أتلقَّ أي رد، وأيضاً لا أستطيع تسجيل الدخول إلى حسابي رغم إدخال كلمة المرور الصحيحة، تواصلت معكم يوم السبت بخصوص شاحن.,call_center,2025-09-06 14:04:24,خدمة_عملاء,سلبي
C298981,السلام عليكم، طلبت جوال يوم الثلاثاء. كيف أتتبع الشحنة رقم #32581؟,delivery_app,2025-09-07 02:13:23,توصيل,محايد
C577357,مش عارف أعمل لوجين والباسورد صح، دي المرة الرابعة يحصل كده مش هتعامل معاكم تاني,mobile_app,2025-09-07 07:54:09,تقني,سلبي
C207060,السلام عليكم، الفاتورة واضحة ومفصلة، عمل ممتاز,payment_portal,2025-09-07 10:57:26,فوترة,إيجابي
C976169,هل يمكن الحصول على فاتورة ضريبية للطلب #29730؟ طلبت نظارة شمسية يوم الجمعة. رقم الطلب #91785.,payment_portal,2025-09-07 13:52:01,فوترة,محايد
C176970,بعد التحديث الجديد التطبيق خربان، طلبت طابعة يوم الجمعة,mobile_app,2025-09-07 16:03:57,تقني,سلبي
C685109,لو سمحت دي المرة الرابعة يحصل كده الكوبون مااشتغلش والفلوس اتسحبت كاملة,payment_portal,2025-09-07 23:10:27,فوترة,سلبي
C511546,يا جماعة من 13 أيام طالب استرجاع فلوسي وللحين ما وصلت، هذي المرة الثالثة يصير كذا كلمتكم يوم الأحد عن طابعة والله شي يقهر!,payment_portal,2025-09-08 01:11:28,فوترة,سلبي
C467706,المندوب ما اتصل ورجع الطلب، طلبت نظارة شمسية يوم الأحد هذي المرة الخامسة يصير كذا,delivery_app,2025-09-08 02:55:40,توصيل,سلبي
C267456,يا جماعة طلبيتي #55981 متأخرة 2 أيام ولسا ما وصلت، هي المرة الرابعة بتصير هيك حكيتكن يوم الخميس عن شاشة والله شي بيقهر!,delivery_app,2025-09-08 06:03:27,توصيل,سلبي
C292463,بعت رسايل كتير ومحدش بيرد، طالب كرسي مكتب يوم الاثنين مش هتعامل معاكم تاني,call_center,2025-09-08 07:35:19,خدمة_عملاء,سلبي
C464319,الخدمة كتير سيئة، هي المرة الثالثة بتصير هيك المبلغ 99,mobile_app,2025-09-08 11:45:41,تقني,سلبي
C810638,مرحبا الموظف كان أسلوبو مش منيح وسكّر الخط، حكيتكن يوم الثلاثاء عن طابعة طالب خلاط يوم السبت,call_center,2025-09-08 12:50:36,خدمة_عملاء,سلبي
C144492,لو سمحتم، هذه المرة الرابعة التي يحدث فيها ذلك. تواصلت معكم يوم الثلاثاء بخصوص عطر. التحديث الجديد ممتاز والتطبيق صار أسرع,mobile_app,2025-09-08 14:42:29,تقني,إيجابي
C768033,الكوبون مااشتغلش والفلوس اتسحبت كاملة مش هتعامل معاكم تاني,payment_portal,2025-09-08 15:45:50,فوترة,سلبي
C143668,بعت رسايل كتير ومحدش بيرد، طالب كتب يوم الاثنين عايز حل بسرعة,call_center,2025-09-08 21:24:21,خدمة_عملاء,سلبي
C367901,هل يدعم التطبيق الأجهزة القديمة؟ هذه المرة الخامسة التي يحدث فيها ذلك.,mobile_app,2025-09-09 03:16:57,تقني,محايد
C815681,لو سمحتم، تم استرجاع المبلغ بسرعة، شكراً لكم رقمي 0591595227,payment_portal,2025-09-09 04:48:35,فوترة,إيجابي
C980239, لو سمحتم، تم استرجاع المبلغ بسرعة، شكراً لكم رقمي 0591595227 ,payment_portal,2025-09-09 05:29:35,فوترة,إيجابي
C261412,تواصلت معكم يوم الثلاثاء بخصوص جوال. طلبت ثلاجة يوم الأحد. هل يدعم التطبيق الأجهزة القديمة؟,mobile_app,2025-09-09 12:40:53,تقني,محايد
C482146,تواصلت  معكم يوم الثلاثاء بخصوص جوال. طلبت ثلاجة يوم الأحد. هل يدعم التطبيق الأجهزة القديمة؟,mobile_app,2025-09-09 14:01:53,تقني,محايد
C744419,الحساب كله 499 جنيه رقم الأوردر #73551 كود التفعيل مش بـــيوصل خالص,mobile_app,2025-09-09 16:38:13,تقني,سلبي
C857686,الفاتورة الأخيرة أعلى بكثير من المعتاد دون أي توضيح، هذه المرة الرابعة التي يحدث فيها ذلك. المبلغ الإجمالي 49 ريال. أرجو الحل بأسرع وقت.,payment_portal,2025-09-10 08:24:02,فوترة,سلبي
C755468,يا ريت تضيفو الدفع عند الاستلام، رقم الطلب #11178,web_form,2025-09-10 08:40:56,أخرى,سلبي
C201590,ما أقدر أسجل دخول والباسوورد صحيح، طلبت سماعات يوم الاثنين,whatsapp,2025-09-10 10:02:08,تقني,سلبي
C556799,هلا اّلتطبيق يطلْعني برا كل ما أَفتحِ الطلبات، هذيُ المرة اَلثالثةِ يصيرَ كذا والله شيُ يقهر!,mobile_app,2025-09-10 10:40:55,تقني,سلبي
C127398,التطبيق يطلعني برا كل ما أفتح الطلبات، طلبت ألعاب أــطفال يوم الأحد,mobile_app,2025-09-10 13:46:37,تقني,سلبي
C987391,المبلغ 49 ريال هذي المرة الرابعة يصير كذا بعد التحديث الجديد التطبيق خربان,mobile_app,2025-09-10 17:17:24,تقني,سلبي
C660884,الغرض وصلّ مكسّور، هي المرةُ اْلثُانية بتصير هيك بَدي حل بسرعة,delivery_app,2025-09-10 20:35:03,توصيل,سلبي
C145714,يا جماعة الأوردر #90539 متأخر 8 أيام ولسه ماوصلش، الحساب كله 499 جنيه طالب مكنسة كهربائية يوم السبت,web_form,2025-09-10 20:55:30,أخرى,سلبي
C246631,رقم الطلب #36200. لدي مشـكلة منذ أمس ولم يحلها أحد,payment_portal,2025-09-11 01:42:43,فوترة,سلبي
C230592,يا جماعة المبلغ 750 هي المرة اـلثالثة بتصير هيك رمز التحقق ما عم يوصلني,mobile_app,2025-09-11 08:23:05,تقني,سلبي
C799090,وصل الـــطلب قبل الموعد والتغليف ممتاز، تواصلت معكم يوم الاثنين بخصوص قهوة.,delivery_app,2025-09-11 13:17:34,توصيل,إيجابي
C679738,لو سمحتم، هل يوجد رقم مباشر للتواصل مع مشرف؟,call_center,2025-09-11 16:30:53,خدمة_عملاء,محايد
C597738,هل يمكن الحصول على فاتورة ضريبية للطلب #26549؟ المبلغ الإجمالي 499 ريال.,payment_portal,2025-09-11 17:03:28,فوترة,محايد
C408135,يا جماعة الموظف كان أسلوبو مش منيح وسكّر الخط، حكيتكن يوم السبت عن نظارة شمسية طالب حقيبة يوم الخميس بدي حل بسرعة,call_center,2025-09-11 22:31:28,خدمة_عملاء,سلبي
C362636,يا جماعة الموظف كان أسلوبو مش منيح وسكّر الخط، حكيتكن يوم السبت عن نظارة شمسية طالب حقيبة يوم الخميس بدي حل بسرعة,call_center,2025-09-11 22:31:28,خدمة_عملاء,سلبي
C303323,تواصلت معكم يوم السبت بخصوص ثلاجة. رقم الطلب #50214. متى يتم إصدار الفاتورة الشهرية؟,payment_portal,2025-09-12 01:56:36,فوترة,محايد
C577879,يا جماعة الحساب كله 99 جنيه بعت رسايل كتير ومحدش بيرد,mobile_app,2025-09-12 09:33:22,خدمة_عملاء,سلبي
C642880,كيف أفعّل الــــتحقق بخطوتين؟,mobile_app,2025-09-12 10:22:38,تقني,محايد
C783670,هل يوجد رقم مباشر للتواصل مع مشرف؟ المبلغ الإجمالي 750 ريال.,call_center,2025-09-12 11:50:53,خدمة_عملاء,محايد
C340962,يا جماعة عايزِ أكلم حد مسؤْول، الحِساب كُله 320 جنيهَ,delivery_app,2025-09-12 19:32:30,توصيل,سلبي
C208629,مرحباً، استلمت المنتج مكسوراً والتغليف سيئ أرجو الحل بأسرع وقت.,delivery_app,2025-09-13 00:37:17,توصيل,سلبي
C507003,لو سمحتو هي المرة الرابعة بتصير هيك المبلغ 199 المندوب ما اتصل فيني ورجّع الطلبية,delivery_app,2025-09-13 12:14:22,توصيل,سلبي
C213536,تم استرجاع المبلغ بسرعة، شكراً لكم، طلبت نظارة شمسية يوم الجمعة. المبلغ الإجمالي 750 ريال.,payment_portal,2025-09-13 14:31:33,فوترة,إيجابي
C818805,أبي أكلم مسؤول لو سمحتوا، هذي المرة الرابعة يصير كذا,delivery_app,2025-09-13 18:45:31,توصيل,سلبي
C413208,يا جماعة من ساعة التحديث الجديد والأبلكيشن واقع، الحساب كله 750 جنيه مش هتعامل معاكم تاني,mobile_app,2025-09-13 20:31:46,تقني,سلبي
C743943,هذه المرة الخامسة التي يحدث فيها ذلك. شكراً لفريق الدعم الفني على حل مشكلة تسجيل الدخول,mobile_app,2025-09-13 23:55:48,تقني,إيجابي
C975906,مرحباً، الَموظفة كاَنت متعاونة جداً وحلّت مشِكُلتي، اَلمبلَغ اْلإجمالّي 750 ريال. طّلبت حذاء رياضي يوم الاثنيّن.,call_center,2025-09-14 04:35:24,خدمة_عملاء,إيجابي
C529020,السلام عليكم، هل يمكن تغيير عنوان التوصيل للطلب #67524؟ المبلغ الإجمالي 750 ريال. طلبت كرسي مكتب يوم الخميس.,delivery_app,2025-09-14 06:13:50,توصيل,محايد
C973935,السلام عليكم كلمتكم يوم الثلاثاء عن عطر كود التحقق ما يوصلني,mobile_app,2025-09-14 08:08:20,تقني,سلبي
C302046,المندوب لم يتصل بي وأعاد الشحنة، هذه المرة الرابعة التي يحدث فيها ذلك.,delivery_app,2025-09-14 08:13:20,توصيل,سلبي
C600764,لو سمحتم، المبلغ الإجمالي 750 ريال. أريد التحدث مع مسؤول بخصوص طلبي سأضطر لإلغاء الاشتراك إن لم تُحل المشكلة.,mobile_app,2025-09-14 10:30:10,تقني,سلبي
C876747,المبلغ الإجمالي 49 ريال. طلبت قهوة يوم الأحد. الفاتورة واضحة ومفصلة، عمل ممتاز,payment_portal,2025-09-14 14:00:34,فوترة,إيجابي
C338105,بعد التحديث الأخير لم يعد التطبيق يعمل على هاتفي، هذه المرة الثانية التي يحدث فيها ذلك. طلبت طابعة يوم الاثنين. هذا غير مقبول إطلاقاً!,mobile_app,2025-09-14 17:05:48,تقني,سلبي
C888596,لو سمحتو لسا المشكلة متل ما هي، رقم الطلب #37925 طالب حذاء رياضي يوم الجمعة بدي حل بسرعة,payment_portal,2025-09-14 17:18:29,فوترة,سلبي
C175408,كيف أغيّر طريقة الدفع المسجلة في حسابي؟ طلبت ساعة ذكية يوم الأحد. رقمي 0513713066,payment_portal,2025-09-14 18:20:05,فوترة,محايد
C752136,يا جماعة الحساب كله 199 جنيه من ساعة التحديث الجديد والأبلكيشن واقع,mobile_app,2025-09-14 19:10:33,تقني,سلبي
C396649,مْرحباً، هذه المرة اِلرابعة التي يحدث فّيهاْ ذلك. اّلمبلغ الإْجماليّ 320 ريِال. تأخر وُصول الطلب رِقم #37665 أكثر من 3 أيَاِم عن اِلِموعَد المحــدْد,delivery_app,2025-09-14 20:45:26,توصيل,سلبي
C247297,طالب ساعة ذكية يوم السبت رقم الطلب #34630 التطبيق عم يسكّر لحالو كل شوي,mobile_app,2025-09-14 21:16:39,تقني,سلبي
C708371,ازيكم المندوب ماكلمنيش ورجّع الشحنة مش هتعامل معاكم تاني,delivery_app,2025-09-14 23:59:34,توصيل,سلبي
C689797,رقم الأوردر #77202 المندوب ماكلمنيش ورجّع الشحنة,delivery_app,2025-09-15 01:19:40,توصيل,سلبي
C287526,مرحبا صرلي 5 أيام ناطر يرجعولي المصاري وما في شي، طالب سماعات يوم الثلاثاء رقم الطلب #69041,payment_portal,2025-09-15 05:39:21,فوترة,سلبي
C696949,لو سمحتم، طلبت شاحن يوم الجمعة. هل يـمكن الحصول على فاتورة ضريبية للطلب #25575؟,payment_portal,2025-09-15 07:37:04,فوترة,محايد
C371618,el mandoob ma etasal w rage3 el order order #15832,delivery_app,2025-09-15 11:58:23,توصيل,سلبي
C302926,لو سمحتم، طلبت استرجاع المبلغ منذ 12 أيام ولم يصلني شيء حتى الآن، المبلغ الإجمالي 199 ريال. هذا غير مقبول إطلاقاً!,payment_portal,2025-09-15 12:57:27,فوترة,سلبي
C991662,الفاتورة الأخيرة أعلى بكثير من المعتاد دون أي توضيح، هذه المرة الرابعة التي يحدث فيها ذلك. أرجو الحل بأسرع وقت.,payment_portal,2025-09-15 23:52:39,فوترة,سلبي
C827481,يا جماعة طلبيتي #32908 متأخرة 8 أيام ولسا ما وصلت، رقم الطلب #96774 ما رح اتعامل معكن بعد اليوم,call_center,2025-09-16 00:51:32,خدمة_عملاء,سلبي
C691473,يا  جماعة طلبيتي #32908 متأخرة 8 أيام ولسا ما وصلت، رقم الطلب #96774 ما رح اتعامل معكن بعد اليوم,call_center,2025-09-16 02:17:32,خدمة_عملاء,سلبي
C991582,التحديث الجديد ممتاز والتطبيق صار أسرع,mobile_app,2025-09-16 03:34:19,تقني,إيجابي
C318004,السلام عليكم، كود الخصم لم يُطبَّق على الفاتورة رغم أنه ساري المفعـــول,payment_portal,2025-09-16 10:06:22,فوترة,سلبي
C820205,يا جماعة الفاتورة هالشهر واجد غالية وما أدري ليش، المبلغ 99 ريال هذي المرة الرابعة يصير كذا,payment_portal,2025-09-16 11:36:03,فوترة,سلبي
C291284,الفاتورة الأخيرة أعلى بكثير من المعتاد دون أي توضيح، رقم الطلب #37317.,payment_portal,2025-09-16 16:32:11,فوترة,سلبي
C386572,طلبت قهوة يوم الأحد كلمتكم يوم السبت عن طابعة للحين المشكلة ما انحلت ابي حل بسرعة,delivery_app,2025-09-16 21:57:15,توصيل,سلبي
C383342,المبلغ الإجمالي 150 ريال. شكراً على سرعة الرد والتعامل الراقي,call_center,2025-09-17 00:06:42,خدمة_عملاء,إيجابي
C211159,رمز التحقق لا يُصل إلى هِاتفي,mobile_app,2025-09-17 00:25:46,تقني,سلبي
C365353,لو سمحتم، المبلغ الإجمالي 99 ريال. متى يتم إصدار الفاتورة الشهرية؟,payment_portal,2025-09-17 00:45:29,فوترة,محايد
C990161, رمز التحقق لا يُصل إلى هِاتفي ,mobile_app,2025-09-17 00:54:46,تقني,سلبي
C332142,لدي مشكلة منذ أمس ولم يحلها أحد، طلبت ألعاب أطفال يوم الاثنين. تواصلت معكم يوم السبت بخصوص حذاء رياضي.,delivery_app,2025-09-17 10:06:56,توصيل,سلبي
C438262,الغرض وصلني مكسور، طلبت خلاط يوم الثلاثاء المبلغ 99 ريال,delivery_app,2025-09-17 11:24:07,توصيل,سلبي
C905888,مرحبا رمز التحقق ما عم يوصلني، هي المرة الثالثة بتصير هيك طالب حذاء رياضي يوم السبت بدي حل بسرعة https://example.com/orders/15071,mobile_app,2025-09-17 13:40:00,تقني,سلبي
C865924,لو سمحتو حكيتكن يوم السبت عن سماعات عندي مشكلة من مبارح وما حدا حلّها والله شي بيقهر!,delivery_app,2025-09-17 15:37:09,توصيل,سلبي
C961775,مرحبا المندوب ما اتصل فيني ورجّع الطلبية، المبلغ 199,delivery_app,2025-09-17 16:23:27,توصيل,سلبي
C678777,السلام عليكم، تم استرجاع المـــبلغ بسرعة، شكراً لكم,payment_portal,2025-09-17 23:19:00,فوترة,إيجابي
C710688,كل موظف يعطيني معلومة مختلفة عن الآخر، طلبت عطر يوم السبت. هذا غير مقبول إطلاقاً!,call_center,2025-09-18 00:05:22,خدمة_عملاء,سلبي
C225169,من بعد التحديث الجديد التطبيق ما عم يشتغل، حكيتكن يوم الخميس عن كرسي مكتب,mobile_app,2025-09-18 03:35:04,تقني,سلبي
C931387,لو سمحتو بدي احكي مع حدا مسؤول، طالب حقيبة يوم الجمعة,mobile_app,2025-09-18 06:43:43,تقني,سلبي
C195324,لو سمـحتو المبلغ 49 المندوب ما اتصل فيني ورجّع الطلبية ما رح اتعامل معكن بعد اليوم,delivery_app,2025-09-18 06:49:19,توصيل,سلبي
C859052,المبلغ 99 من بعد التحديث الجديد التطبيق ما عم يشتغل، وكمان انسحب مني 320 مرتين على نفس الطلب,mobile_app,2025-09-18 07:15:12,تقني,سلبي
C571376,رقم الطلب #37158 هذي المرة الرابعة يصير كذا الطلب وصل ناقص غرض,delivery_app,2025-09-18 11:53:47,توصيل,سلبي
C375935,يا جماعة هذي المرة الخامسة يصير كذا طلبت كتب يوم الجمعة جددوا لي الاشتراك بدون ما أوافق وسحبوا 250 ريال,payment_portal,2025-09-18 15:06:12,فوترة,سلبي
C961787,يا جماعة كلمتكم يوم الأربعاء عن كتب من ساعة التحديث الجديد والأبلكيشن واقع بجد حاجة تضايق!,mobile_app,2025-09-18 17:46:19,تقني,سلبي
C378075,يا جماعة كلمتكم يوم الثلاثاء عن جوال طلبت نظارة شمسية يوم الأحد جددوا لي الاشتراك بدون ما أوافق وسحبوا 499 ريال والله شي يقهر!,payment_portal,2025-09-19 02:59:57,فوترة,سلبي
C213207,يا جماعة طلبت حذاء رياضي يوم السبت من 9 أيام طالب استرجاع فلوسي وللحين ما وصلت ما عاد أتعامل معكم,payment_portal,2025-09-19 08:13:10,فوترة,سلبي
C908953,أبي أحذف حسابي نهائياً، طلبت ساعة ذكية يوم الأحد,web_form,2025-09-19 13:08:25,أخرى,سلبي
C941394,تأخر وصول الطلب رقم #73294 أكثر من 2 أيام عن الموعد المحدد، المبلغ الإجمالي 199 ريال. طلبت قهوة يوم السبت.,delivery_app,2025-09-19 14:36:51,توصيل,سلبي
C100349,دي المرة الثانية يحصل كده كلمتكم يوم الخميس عن عطر تجربة زفت بصراحة,delivery_app,2025-09-19 15:01:46,توصيل,سلبي
C377704,لو سمحتم، كيف أقدّم شكوى رسمية؟ المبلغ الإجمالي 199 ريال.,call_center,2025-09-19 15:37:04,خدمة_عملاء,محايد
C108447,ما عم يزبط معي سجل دخول مع إنو كلمة السر صح والله شي بيقهر!,mobile_app,2025-09-19 15:42:21,تقني,سلبي
C430914,🙄🙄,payment_portal,2025-09-20 01:21:46,فوترة,محايد
C321301,لو سمحتو رقم الطلب #17641 هي المرة الثانية بتصير هيك صرلي 5 أيام ناطر يرجعولي المصاري وما في شي، وفوق هذا التطبيق عم يسكّر لحالو كل شوي ما رح اتعامل معكن بعد اليوم,payment_portal,2025-09-20 07:41:14,فوترة,سلبي
C187671,لو سمحتو هي المرة الثانية بتصير هيك الفاتورة هالمرة كتير غالية وما حدا شرحلي ليش والله شي بيقهر!,payment_portal,2025-09-20 07:56:15,فوترة,سلبي
C161650,رقم الطلب #72297 كلمتكم يوم الاثنين عن جوال الغرض وصلني مكسور ما عاد أتعامل معكم,delivery_app,2025-09-20 14:32:25,توصيل,سلبي
C527916,كيف أقدّم شكوى رسمية؟ هذه المرة الثانية التي يحدث فيها ذلك.,call_center,2025-09-21 00:56:01,خدمة_عملاء,محايد
C132407,الخدمة واجد سيئة، رقم الطلب #11292,mobile_app,2025-09-21 03:37:24,تقني,سلبي
C297003,هلا الطلب وصل ناقص غرض، المبلغ 499 ريال ابي حل بسرعة,delivery_app,2025-09-21 04:11:43,توصيل,سلبي
C833094,يا جماعة الفاتورة المرة دي غالية جداً ومش فاهم ليه، وأيضاً الموظف كان أسلوبه وحش وقفل السكة في وشي، طالب شاحن يوم الثلاثاء عايز حل بسرعة,payment_portal,2025-09-21 23:23:12,فوترة,سلبي
C642315,لو سمحتم، طلبت ساعة ذكية يوم الثلاثاء. الفاتورة واضحة ومفصلة، عمل ممتاز,payment_portal,2025-09-22 01:10:10,فوترة,إيجابي
C968093,طالب عطر يوم الخميس عايز أكلم حد مسؤول بجد حاجة تضايق!,call_center,2025-09-22 08:32:20,خدمة_عملاء,سلبي
C995723,دي المرة الرابعة يحصل كده الحساب كله 199 جنيه الأوردر #41890 متأخر 8 أيام ولسه ماوصلش مش هتعامل معاكم تاني,delivery_app,2025-09-22 15:53:01,توصيل,سلبي
C412644,صرلي 14 أيام ناطر يرجعولي المصاري وما في شي، المبلغ 750 حكيتكن يوم الأربعاء عن ألعاب أطفال,payment_portal,2025-09-22 19:39:52,فوترة,سلبي
C408966,ازيكم رقم الأوردر #75452 فضلت مستني على التليفون ساعة ومحدش رد,call_center,2025-09-22 20:09:22,خدمة_عملاء,سلبي
C163077,الغرض وصل مكسور، حكيتكن يوم الثلاثاء عن كتب,delivery_app,2025-09-23 17:20:24,توصيل,سلبي
C930626,تواصلت معكم يوم الجمعة بخصوص حذاء رياضي. هل تتوفر خدمة التوصيل في نفس اليوم؟,delivery_app,2025-09-23 18:06:16,توصيل,محايد
C532468,مرحبا بدي امحي حسابي نهائياً,web_form,2025-09-23 22:29:14,أخرى,سلبي
C284468,مرحبا تجربة ما بتنعاد، حكيتكن يوم الاثنين عن شاحن الــمبلغ 320 والله شي بيقهر!,call_center,2025-09-23 22:50:22,خدمة_عملاء,سلبي
C234911,من 8 أيام طالب استرجاع فلوسي وللحين ما وصلت، طلبت حقيبة يوم السبت رقم الطلب #94144 والله شي يقهر!,payment_portal,2025-09-23 23:05:58,فوترة,سلبي
C394710,لو سمحتم، لا أستطيع تسجيل الدخول إلى حسابي رغم إدخال كلمة المرور الصحيحة، المبلغ الإجمالي 320 ريال. تواصلت معكم يوم السبت بخصوص حذاء رياضي.,mobile_app,2025-09-24 01:42:50,تقني,سلبي
C979649,المْندوب مَا اُتصل فينيّ ورجّع الطلبِيِة، طاِلب حقيبة يّوم الخمْيس حكيتكن يوم الأربعاّء عن جوال,delivery_app,2025-09-24 02:08:17,توصيل,سلبي
C684201,دي المرة الرابعة يحصل كده مش عارف أعمل لوــــجين والباسورد صح مش هتعامل معاكم تاني,mobile_app,2025-09-24 02:30:03,تقني,سلبي
C282825,لو سمحتو صرلي 9 أيام ناطر يرجعولي المصاري وما في شي، حكيتكن يوم الأربعاء عن ثلاجة طالب حقيبة يوم الاثنين والله شي بيقهر!,payment_portal,2025-09-24 06:24:45,فوترة,سلبي
C834106,لو سمحتو صرلي 9 أيام ناطر يرجعولي المصاري وما في شي ، حكيتكن يوم الأربعاء عن ثلاجة طالب حقيبة يوم الاثنين والله شي بيقهر!,payment_portal,2025-09-24 07:04:45,فوترة,سلبي
C175972,لو سمحت المندوب ماكلمنيش ورجّع الشحنة، كلمتكم يوم الخميس عن قهوة بجد حاجة تضايق!,delivery_app,2025-09-24 09:54:45,توصيل,سلبي
C758114,جددولي الاشتراك بدون ما اطلب وانسحب المبلغ، طالب كرسي مكتب يوم الثلاثاء بدي حل بسرعة,payment_portal,2025-09-24 11:32:21,فوترة,سلبي
C885927,من 10 أيام طالب استرجاع فلوسي وللحين ما وصلت,payment_portal,2025-09-24 15:13:27,فوترة,سلبي
C499377,من 10 أيام طالب استرجاع فلوسي وللحين ما وصلت؟,payment_portal,2025-09-24 15:58:27,فوترة,سلبي
C725110,الخدمة وحشة جداً، الحساب كله 49 جنيه مش هتعامل معاكم تاني,mobile_app,2025-09-24 18:05:48,تقني,سلبي
C983811,رقمّ الطْلب #76287. اْلمَبلغّ الإجمالُي 320 رياَل. الْخدمة سيئة جداً ولن أتعاملَ معكم مرَة أخرى,call_center,2025-09-24 23:11:29,خدمة_عملاء,سلبي
C766976,الحاجة وصلت مكسورة، دي المرة الرابعة يحصل كده مش هتعامل معاكم تاني,delivery_app,2025-09-25 02:51:38,توصيل,سلبي
C177957,ازيكم عايز أمسح الأكونت بتاعي خالص، وأيضاً فضلت مستني على التليفون ساعة ومحدش رد، الحساب كله 250 جنيه طالب كتب يوم الثلاثاء,web_form,2025-09-25 04:59:22,أخرى,سلبي
C144157,ازيكم عايز أمسح الأكونت بتاعي خالص ، وأيضاً فضلت مستني على التليفون ساعة ومحدش رد ، الحساب كله 250 جنيه طالب كتب يوم الثلاثاء,web_form,2025-09-25 06:01:22,أخرى,سلبي
C244188,رقْم الطلب #43860 جددّوا لي الاشتّراك بدوْن ما أوافق وُسحُبوا 150 ريال,payment_portal,2025-09-25 06:53:20,فوترة,سلبي
C332414,لو سمحتو طالب طابعة يوم الثلاثاء من بعد التحديث الجديد التطبيق ما عم يشتغل,mobile_app,2025-09-25 07:51:32,تقني,سلبي
C868158,el app bi2fel lwa7do kol shwaya order #33933,mobile_app,2025-09-25 09:48:29,تقني,سلبي
C816052,ازيكم بقالي 11 أيام مستني فلوسي ترجع ومفيش حاجة، الحساب كله 250 جنيه,payment_portal,2025-09-25 15:16:37,فوترة,سلبي
C846473,طلبت قهوة يوم الأربعاء. ما هي ساعات عمل خدمة العملاء؟,call_center,2025-09-25 18:14:59,خدمة_عملاء,محايد
C137529,يا جماعة هي المرة الثالثة بتصير هيك الموظف كان أسلوبو مش منيح وسكّر الخط والله شي بيقهر!,call_center,2025-09-25 20:25:23,خدمة_عملاء,سلبي
C555439,ازيكم فضلت مستني على التليفون ساعة ومحدش رد، دي المرة الرابعة يحصل كده رقم الأوردر #92843,call_center,2025-09-26 00:23:17,خدمة_عملاء,سلبي
C944229,لُو سمحتمَ، هل يوجد رقْم مبْاشر للتواصل مع مشرف؟ رقم الطلبّ #90210.,call_center,2025-09-26 02:25:21,خدمة_عملاء,محايد
C716911,مرحباً، هذه المرة الثانية التي يحدث فيها ذلك. وصل الطلب قبل الموعد والتغليف ممتاز,delivery_app,2025-09-26 02:29:32,توصيل,إيجابي
C152334,انسحب مني 99 مرتين على نفس الطلب، حكيتكن يوم السبت عن عطر والله شي بيقهر!,payment_portal,2025-09-26 03:45:27,فوترة,سلبي
C523560,بعد التحديث الجديد التطبيق خربان، المبلغ 150 ريال رقم الطلب #63777,mobile_app,2025-09-26 04:10:30,تقني,سلبي
C765850,,delivery_app,2025-09-26 08:40:41,توصيل,إيجابي
C503640,لو سمحت طالب ساعة ذكية يوم الاثنين من ساعة التحديث الجديد والأبلكيشن واقع,mobile_app,2025-09-26 08:54:34,تقني,سلبي
C273384,يا جماعة طالب كتب يوم الأحد الخدمة كتير سيئة,mobile_app,2025-09-26 10:21:43,تقني,سلبي
C561016,الغرض وصل مكسور، طالب ألعاب أطفال يوم الثلاثاء بدي حل بسرعة,delivery_app,2025-09-26 10:54:08,توصيل,سلبي
C892392,يا جماعة عندي مشكلة من امبارح ومحدش حلها، طالب قهوة يوم الخميس مش هتعامل معاكم تاني,payment_portal,2025-09-26 12:00:17,فوترة,سلبي
C493534,هل يوجد رقم مباشر للتواصل مع مشرف؟ هذه المرة الخامسة التي يحدث فيها ذلك. رقم الطلب #32807. https://example.com/orders/39365,call_center,2025-09-26 14:53:34,خدمة_عملاء,محايد
C111204,مش عارف أعمل لوجين والباسورد صح، دي المرة الرابعة يحصل كده طالب شاحن يوم الجمعة مش هتعامل معاكم تاني,web_form,2025-09-26 15:04:41,تقني,سلبي
C107557,الفاتورة الأخيرة أعلى بكثير من المعتاد دون أي توضيح، وأيضاً موظف خدمة العملاء كان غير متعاون وأغلق المكالمة أرجو الحل بأسرع وقت.,payment_portal,2025-09-26 15:06:43,فوترة,سلبي
C390558,لو سمحتم، هذه المرة الخامسة التي يحدث فيها ذلك. كيف أغيّر رقم الجوال المرتبط بالحساب؟,mobile_app,2025-09-26 17:38:36,تقني,محايد
C165308,السلام عليكم الخدمة واجد سيئة ابي حل بسرعة,call_center,2025-09-27 00:52:44,خدمة_عملاء,سلبي
C991914,لو سمحتّم، تواصلت مُعّكمَ يوم اَلأربعاء بخُصوص ثلّاِجة. هذهّ المرة الثانية التي يحدث فيهاِ ذلك. لدي مشكلَة منذ أمس ولم يْحلها أُحد,delivery_app,2025-09-27 03:13:13,توصيل,سلبي
C536010,الطلّبية وصلت ناَقصة,delivery_app,2025-09-27 08:31:57,توصيل,سلبي
C562299,المبلغ اْلإُجمالي 150 ريّال. تمِ تجديّدَ الاشترـاك تلقُائياً دون مّوُافقتي وِخصَم 499 ريال سأضطر لإْلغاء الُاشتراك إن لم تُحل المشُكلَة.,payment_portal,2025-09-27 09:07:41,فوترة,سلبي
C126366,المبلغ اْلإُجمالي 150 ريّال. تمِ تجديّدَ الاشترـاك تلقُائياً دون مّوُافقتي وِخصَم 499 ريال سأضطر لإْلغاء الُاشتراك إن لم تُحل المشُكلَة.,payment_portal,2025-09-27 09:07:41,فوترة,سلبي
C859036,ازيكم فضلت مستني على التليفون ساعة ومحدش رد، الحساب كله 320 جنيه طالب ألعاب أطفال يوم الثلاثاء,web_form,2025-09-27 11:46:04,أخرى,سلبي
C835134,لو سمحتم، المبلغ الإجمالي 499 ريال. طلبت شاحن يوم السبت. شكراً لفريق الدعم الفني على حل مشكلة تسجيل الدخول,mobile_app,2025-09-27 13:22:02,تقني,إيجابي
C201822,الكوبون مااشتغلش والفلوس اتسحبت كاملة، رقم الأوردر #38424 الحساب كله 49 جنيه,payment_portal,2025-09-27 15:23:07,فوترة,سلبي
C958638,هل يمكن تغيير عنوان التوصيل للطلب #68879؟,delivery_app,2025-09-28 00:36:45,توصيل,محايد
C368241,لو سمحتو بدي احكي مع حدا مسؤول، المبلغ 49 حكيتكن يوم السبت عن شاحن ما رح اتعامل معكن بعد اليوم,payment_portal,2025-09-28 03:01:35,فوترة,سلبي
C113627,لو سمحت رقم الأوردر #25456 طالب مكنسة كهربائية يوم الجمعة بعت رسايل كتير ومحدش بيرد,call_center,2025-09-28 04:59:38,خدمة_عملاء,سلبي
C653231,لو سمحت رقم الأوردر #25456 طالب مكنسة كهربائية يوم الجمعة بعت رسايل كتير ومحدش بيرد,call_center,2025-09-28 04:59:38,خدمة_عملاء,سلبي
C558171,هذي المرة الثانية يصير كذا المندوب ما اتصل ورجع الطلب,delivery_app,2025-09-28 10:29:56,توصيل,سلبي
C723012,هذي المرة الثانية يصير كذا المندوب ما اتصل ورجع الطلب!!,delivery_app,2025-09-28 11:58:56,توصيل,سلبي
C937148,السلام عليكم راسلتكم أكثر من مرة ومحد رد علي، رقم الطلب #47288 والله شي يقهر!,call_center,2025-09-28 14:11:44,خدمة_عملاء,سلبي
C906874,هلا انتظرت ساعة على الخط ومحد رد، رقم الطلب #40727 طلبت سماعات يوم الثلاثاء رقمي 0585177426,call_center,2025-09-28 14:48:44,خدمة_عملاء,سلبي
C961456,هلا انتظرت ساعة على الخط ومحد رد، رقم الطلب #40727 طلبت سماعات يوم الثلاثاء رقمي 0585177426,call_center,2025-09-28 14:48:44,خدمة_عملاء,سلبي
C721519,el mandoob ma etasal w rage3 el order order #84692,delivery_app,2025-09-28 16:01:27,توصيل,سلبي
C248523,لو سمحتم، هل تتوفر خدمة التوصيل في نفس اليوم؟,delivery_app,2025-09-28 19:28:55,توصيل,محايد
C259063,السلام عليكم الغرض وصلني مكسور، هذي المرة الثانية يصــــير كذا ما عاد أتعامل معكم,delivery_app,2025-09-28 20:10:12,توصيل,سلبي
C464727,السلام  عليكم الغرض وصلني مكسور، هذي المرة الثانية يصــــير كذا ما عاد أتعامل معكم,delivery_app,2025-09-28 20:33:12,توصيل,سلبي
C430095,شكراً لفريق الدعم الفني على حل مشكلة تسجيل الدخول، طلبت نظارة شمسية يوم الأربعاء.,mobile_app,2025-09-29 08:09:31,تقني,إيجابي
C198125,مرحباً، هل يمكن الحصول على فاتورة ضريبية للطلب #99006؟ هذه المرة الرابعة التي يحدث فيها ذلك.,payment_portal,2025-09-29 10:01:14,فوترة,محايد
C595782,مرحباً، هل يمكن الحصول على فاتورة ضريبية للطلب #99006؟ هذه المرة الرابعة التي يحدث فيها ذلك.,payment_portal,2025-09-29 10:01:14,فوترة,محايد
C426711,بعتتلكن كذا رسالة وما حدا رد، المبلغ 750 والله شي بيقهر!,call_center,2025-09-29 14:02:09,خدمة_عملاء,سلبي
C169157,السلام عليكم، التحديث الجديد ممتاز والتطبيق صار أسرع,mobile_app,2025-09-29 16:48:17,تقني,إيجابي
C347088,ازيكم دي المرة الرابعة يحصل كده مش عارف أعمل لوجين والباسورد صح عايز حل بسرعة,mobile_app,2025-09-29 17:34:44,تقني,سلبي
C923896,هذه المرة الثانية التي يحدث فيها ذلك. المبلغ الإجمالي 150 ريال. تطبيقكم رائع وأتمنى لكم التوفيق,web_form,2025-09-30 03:16:25,أخرى,إيجابي
C747420,تواصلت معكم يوم الاثنين بخصوص مكنسة كهربائية. المبلغ الإجمالي 250 ريال. هل يدعم التطبيق الأجهزة القديمة؟,mobile_app,2025-09-30 07:07:09,تقني,محايد
C610633,تم خصم مبلغ 49 ريال من حسابي مرتين لنفس الطلب، هذه المرة الخامسة التي يحدث فيها ذلك.,delivery_app,2025-09-30 12:58:40,توصيل,سلبي
C748084,صرـــلي 4 أيام ناطر يرجعولي المصاري وما في شي، المبلغ 320 حكيتكن يوم الأربعاء عن قهوة,payment_portal,2025-09-30 15:12:52,فوترة,سلبي
C465480,طلبت عطر يوم الأربعاء. ما هي ساعات عمل خدمة العملاء؟,call_center,2025-09-30 17:38:16,خدمة_عملاء,محايد
C447301,الَسلُام عليكم، كيف أتتبعُ الشحنة رقمِ #86142؟ هذه المرة الرابعة التْي يْحَدثْ فيها ذلك. تواصلت معكم يوم الجمعة بّخّصوِص كرّسي مكتب.,delivery_app,2025-09-30 18:57:09,توصيل,محايد
C567159,الحساب كله 499 جنيه المندوب ماكلمنيش ورجّع الشحنة https://example.com/orders/10080,delivery_app,2025-10-01 03:56:15,توصيل,سلبي
C284926,الخدمة كتير سيئة، رقم الطلب #54282 بدي حل بسرعة,call_center,2025-10-01 08:17:34,خدمة_عملاء,سلبي
C226284,السلام عليكم، تم استرجاع المبلغ بسرعة، شكراً لكم,payment_portal,2025-10-01 09:36:45,فوترة,إيجابي
C175220,اّلخدمة كتير سَيئة، رقْم اِلطلب #54282 بدي حل بسرعِة,call_center,2025-10-01 09:45:34,خدمة_عملاء,سلبي
C185380,من 11 أيام طالب استرجاع فلوسي وللحين ما وصلت، طلبت ثلـــاجة يوم الثلاثاء ما عاد أتعامل معكم,payment_portal,2025-10-01 11:26:08,فوترة,سلبي
C327683,هلا هذي المرة الرابعة يصير كذا بعد التحديث الجديد التطبيق خربان ابي حل بسرعة,mobile_app,2025-10-01 19:02:52,تقني,سلبي
C315421,عندي مشكلة من مبارح وما حدا حلّها، هي المرة الخامسة بتصير هيك رقم الطلب #44873,mobile_app,2025-10-01 20:25:49,تقني,سلبي
C791965,عندي مشكلة من مبارح وما حدا حلّها، هي المرة الخامسة بتصير هيك رقم الطلب #44873,mobile_app,2025-10-01 20:25:49,تقني,سلبي
C475475,السلام عليكم، كيف أفعّل التحقق بخطوتين؟ طلبت طابعة يوم الثلاثاء.,mobile_app,2025-10-01 22:08:30,تقني,محايد
C425382,المبلغ الإجمالي 320 ريال. متى يتم إصدار الفـاتورة الشهرية؟,payment_portal,2025-10-02 03:45:57,فوترة,محايد
C809641,السلام عليكم، كيف أفعّل التحقق بخطوتين؟ تواصلت معكم يوم الاثنين بخصوص نظارة شمسية.,mobile_app,2025-10-02 06:06:21,تقني,محايد
C865081,👎,payment_portal,2025-10-02 07:26:38,فوترة,سلبي
C489203,هلاِ الُغرض وصلِنْي مكسِوِرِ، كلمتكم يَوم الاثّنينُ عن خلُاط,call_center,2025-10-02 08:48:17,خدمة_عملاء,سلبي
C135328,مرحبا الفاتورة هالمرة كتير غالية وما حدا شرحلي ليش، طالب شاحن يوم السبت,payment_portal,2025-10-02 15:03:22,فوترة,سلبي
C381876,لو سمحتم، تواصلت معكم يوم الاثنين بخصوص شاشة. طلبت عطر يوم الاثنين. رمز التحقق لا يصل إلى هاتفي,web_form,2025-10-03 15:10:12,أخرى,سلبي
C315894,لو سمحّتو جددوّلي اُلاشتراك بدونِ مَا اطلب وانسّحب الْمّبلغ، طالب طابعِة يوم اّلاثنين والُله شي بيقهرَ!,payment_portal,2025-10-03 18:34:45,فوترة,سلبي
C379550,بعد التحديث الجديد التطبيق خربان، طلبت شاشة يوم الجمعة ابي حل بسرعة,mobile_app,2025-10-03 18:48:13,تقني,سلبي
C827249,يا جماعة حكيتكن يوم الأحد عن طابعة الموظف كان أسلوبو مش منيح وسكّر الخط بدي حل بسرعة,call_center,2025-10-04 03:33:22,خدمة_عملاء,سلبي
C460213,يا جماعة حكيتكن يوم الأحد عن طابعة الموظف كان أسلوبو مش منيح وسكّر الخط بدي حل بسرعة,call_center,2025-10-04 03:33:22,خدمة_عملاء,سلبي
C603476,تواصلت معكم يوم السبت بخصوص ألعاب أطفال. كيف أفعّل التحقق بخطوتين؟,mobile_app,2025-10-04 04:00:15,تقني,محايد
C932097,التطبيق يطلعني برا كل ما أفتح الطلبات، رقم الطلب #92727,mobile_app,2025-10-04 08:18:47,تقني,سلبي
C575506,لسا المشكلة متل ما هي، رقم الطلب #60935 حكيتكن يوم الاثنين عن قهوة والله شي بيقهر!,delivery_app,2025-10-04 09:44:37,توصيل,سلبي
C599301,مرحباً، هل يمكن تغيير عنوان التوصيل للطلب #60712؟,delivery_app,2025-10-04 13:45:52,توصيل,محايد
C199943,مرحباً، هل يمكن تغيير عنوان التوصيل للطلب #60712؟,delivery_app,2025-10-04 13:45:52,توصيل,محايد
C345188,الحاجة وصلت مكسورة، طالب مكنسة كهربائية يوم الخميس رقم الأوردر #49194 عايز حل بـسرعة,delivery_app,2025-10-05 00:43:31,توصيل,سلبي
C929382,ازيكم طالب قهوة يوم الخميس رقم الأوردر #79422 المندوب ماكلمنيش ورجّع الشحنة,delivery_app,2025-10-05 07:18:30,توصيل,سلبي
C248843,لو سمحتم، طلبت شاشة يوم الخميس. وصل الطلب قبل الموعد والتغليف ممتاز,delivery_app,2025-10-05 14:46:39,توصيل,إيجابي
C485853,لو سمحتو الفاتورة هالمرة كتير غالية وما حدا شرحلي ليش، طالب حذاء رياضي يوم الأحد والله شي بيقهر!,payment_portal,2025-10-06 19:10:18,فوترة,سلبي
C963431,هلا عندي مشكلة من أمس ومحد حلها، رقم اـلطلب #17105,payment_portal,2025-10-07 01:03:24,فوترة,سلبي
C112920,هلا  عندي مشكلة من أمس ومحد حلها، رقم اـلطلب #17105,payment_portal,2025-10-07 01:35:24,فوترة,سلبي
C782539,🙄🙄,payment_portal,2025-10-07 01:36:24,فوترة,سلبي
C762249,لو سمحتو حكيتكن يوم الأحد عن ثلاجة جددولي الاشتراك بدون ما اطلب وانسحب المبلغ بدي حل بسرعة,payment_portal,2025-10-07 03:58:37,فوترة,سلبي
C528706,لو سمحتو رمز التحقق ما عم يوصلني، طالب شاحن يوم الأربعاء,mobile_app,2025-10-07 04:13:48,تقني,سلبي
C194035,مرحباً، تم تجديد الاشتراك تلقائياً دون موافقتي وخصم 499 ريال سأضطر لإلغاء الاشتراك إن لم تُحل المشكلة.,payment_portal,2025-10-07 09:21:33,فوترة,سلبي
C283105,يا ريت تضيفو الدفع عند الاستلام بدي حل بسرعة,web_form,2025-10-07 22:56:47,أخرى,سلبي
C521946,لو سمحت عندي مشكلة من امبارح ومحدش حلها، طالب مكنسة كهربائية يوم السبت,mobile_app,2025-10-08 02:29:16,تقني,سلبي
C458952,شكراً على سرعة الرد والتعامل الراقي، طلبت كرسي مكتب يوم الاثنين.,call_center,2025-10-08 10:41:34,خدمة_عملاء,إيجابي
C535902,لو سمحتم، هل يدعم التطبيق الأجهزة القديمة؟ رقم الـطلب #76166.,mobile_app,2025-10-08 10:59:43,تقني,محايد
C966809,تم تسجيل الطلب كمستلم ولكنه لم يصلني، رقم الطلب #39912. هذا غير مقبول إطلاقاً!,delivery_app,2025-10-08 14:59:16,توصيل,سلبي
C648064,السلام عليكم طلبت ألعاب أطفال يوم السبت المبلغ 150 ريال جددوا لي الاشتراك بدون ما أوافق وسحبوا 250 ريال,payment_portal,2025-10-08 15:20:08,فوترة,سلبي
C447680,لو سمحتو التطبيق عم يسكّر لحالو كل شوي، طالب كرسي مكتب يوم الجمعة,mobile_app,2025-10-08 16:07:09,تقني,سلبي
C334932,ازيكم كود التفعيل مش بيوصل خالص، الحساب كله 49 جنـيه عايز حل بسرعة,mobile_app,2025-10-08 18:36:56,تقني,سلبي
C392677,كلمتكم يوم الثلاثاء عن شاحن بقالي 4 أيام مستني فلوسي ترجع ومفيش حاجة بجد حاجة تضايق! https://example.com/orders/97321,payment_portal,2025-10-09 00:41:03,فوترة,سلبي
C529413,كيف أغيّر طريقة الدفع المسجلة في حسابي؟ رقمي 0578176527,payment_portal,2025-10-09 03:15:34,فوترة,محايد
C742145,كيف أغيّر طريقة الدفع المسجلة في حسابي؟ رقمي 0578176527,payment_portal,2025-10-09 03:15:34,فوترة,محايد
C970029,هلا عندي مشكلة من أمس ومحد حلها، طلبت خلاط يوم الأربعاء,delivery_app,2025-10-09 04:16:08,توصيل,سلبي
C904284,تم استرجاعِ الِمبلِغ بْسرعة، شكُراً لكم,payment_portal,2025-10-09 05:03:39,فوترة,إيجابي
C240909,يا جماعة صرلي 13 أيام ناطر يرجعولي المصاري وما في شي، هي المرة الثانية بتصير هيك حكيتكن يوم الأربعاء عن نظارة شمسية والله شي بيقهر!,payment_portal,2025-10-09 09:28:18,فوترة,سلبي
C892293,لو سمحت مش عارف أعمل لوجين والباسورد صح مش هتعامل معاكم تاني,mobile_app,2025-10-09 09:44:06,تقني,سلبي
C288569,الفاتورة هالمرة كتير غالية وما حدا شرحلي ليش، طالب كرسي مـكتب يوم السبت,payment_portal,2025-10-09 11:46:14,فوترة,سلبي
C854284,هل يمكن الحصول على فاتورة ضريبية للطلب #77831؟ هذه المرة الثانية التي يحدث فيها ذلك.,payment_portal,2025-10-10 00:51:13,فوترة,محايد
C914533,هلا الفاتورة هالشهر واجد غالية وما أدري ليش، هذي اـــلمرة الرابعة يصير كذا رقم الطلب #83665 والله شي يقهر!,payment_portal,2025-10-10 01:01:31,فوترة,سلبي
C803208,طلبي #76771 متأخر 9 أيام وللحين ما وصل، طلبت حذاء رياضي يوم السبت والله شي يقهر!,delivery_app,2025-10-10 04:20:22,توصيل,سلبي
C329746,المبلغْ 499 رَيالّ عْندي مشَكلة من أُمس ومحد حلها,delivery_app,2025-10-10 05:16:19,توصيل,سلبي
C375914,عندي مشكلة من مبارح وما حدا حلّها، رقم الطلب #26727,call_center,2025-10-10 13:17:42,خدمة_عملاء,سلبي
C102703,عندي مشكلة من مبارح وما حدا حلّها، رقم الطلب #26727,call_center,2025-10-10 13:17:42,خدمة_عملاء,سلبي
C507615,رقم الطلب #57887. كيف أتتبع الشحنةِ رقم #43734؟,delivery_app,2025-10-10 15:30:30,توصيل,محايد
C878432,لو سمحتو تجربة ما بتنعاد، رقم الطلب #68138,payment_portal,2025-10-10 15:55:43,فوترة,سلبي
C618423,ازيكم كلمتكم يوم الأحد عن طابعة لسه المشكلة زي ما هي,payment_portal,2025-10-11 10:51:42,فوترة,سلبي
C411097,ازيكم كلمتكم يوم الأحد عن طابعة لسه المشكلة زي ما هي,payment_portal,2025-10-11 10:51:42,فوترة,سلبي
C782707,تجربةَ مّا تّنعادَ، هَذِي المرةّ اْلخامسةَ يصير كذا,mobile_app,2025-10-11 12:34:42,تقني,سلبي
C542236,هلا عندي مشكلة من أمس ومحد حلها، رقم الطلب #10976 ابي حل بسرعة,call_center,2025-10-11 13:39:05,خدمة_عملاء,سلبي
C297144,السلام عليكم، الموظفة كانت متعاونة جداً وحلّت مشكلتي,call_center,2025-10-12 03:44:26,خدمة_عملاء,إيجابي
C774801,السلام عليكم، رقم الطلب #80652. هل يمكن الحصــــول على فاتورة ضريبية للطلب #68066؟,payment_portal,2025-10-12 05:15:53,فوترة,محايد
C685363,رقم الطلب #57301 انتظرت ساعة على الخط ومحد رد,call_center,2025-10-12 07:46:37,خدمة_عملاء,سلبي
C649295,طالب ألعاب أطفال يوم الخميس عندي مشكلة من امبارح ومحدش حلها مش هتعامل معاكم تاني,web_form,2025-10-12 11:14:42,فوترة,سلبي
C866718,يا جماعة طلبي #70046 متأخر 13 أيام وللحين ما وصل، المبلغ 199 ريال كلمتكم يوم الجمعة عن كرسي مكتب ما عاد أتعامل معكم,delivery_app,2025-10-12 11:57:42,توصيل,سلبي
C647684,تأخر وصول الطلب رقم #49660 أكثر من 3 أيام عن الموعد المحدد، طلبت عطر يوم الأحد. سأضطر لإلغاء الاشتراك إن لم تُحل المشكلة.,delivery_app,2025-10-12 14:43:28,توصيل,سلبي
C312081,السلام عليكم، المبلغ الإجماــــلي 199 ريال. هل يدعم التطبيق الأجهزة القديمة؟,mobile_app,2025-10-12 16:36:02,تقني,محايد
C602896,السُلامْ عليكمّ، هُل يمَكن الحصول علّى فاُتوُرُة ضريبية للطلْب #79044؟ هذه المرة الثانية التي يِحْدُث فيها ذلك.,payment_portal,2025-10-12 17:46:16,فوترة,محايد
C821190,لو سمحت المندــــوب ماكلمنيش ورجّع الشحنة، رقم الأوردر #45676 مش هتعامل معاكم تاني,delivery_app,2025-10-12 18:14:57,توصيل,سلبي
C235610,مرحباً، هذه المرة الخامسة التي يحدث فيها ذلك. هل يمكن الحصول على فاتورة ضريبية للطلب #34704؟,payment_portal,2025-10-12 21:08:19,فوترة,محايد
C108413,الموظفة كانت متعاونة جداً وحلّت مشكلتي، تواصلت معكم يوم الخميس بخصوص طابعة. رقم الطلب #68643.,call_center,2025-10-12 21:49:24,خدمة_عملاء,إيجابي
C291407,السلام عليكم المندوب ما اتصل ورجع الطلب، كلمتكم يوم الأربعاء عن طابعة,delivery_app,2025-10-13 00:49:55,توصيل,سلبي
C538983,كيف أفعّل اـــلتحقق بخطوتين؟ https://example.com/orders/82108,mobile_app,2025-10-13 05:59:46,تقني,محايد
C282814,مرحبا رقم الطلب #96719 تجربة ما بتنعاد ما رح اتعامل معكن بعد اليوم,mobile_app,2025-10-13 08:57:02,تقني,سلبي
C986738,يا جماعة يا ريت تضيفو الدفع عند الاستلام والله شي بيقهر!,web_form,2025-10-13 14:33:47,أخرى,سلبي
C164613,   ,payment_portal,2025-10-13 16:51:44,فوترة,سلبي
C871299,طالب حذاء رياضي يوم الأحد المندوب ما اتصل فيني ورجّع الطلبية بدي حل بسرعة,delivery_app,2025-10-13 21:11:47,توصيل,سلبي
C881499,لو سمحت دي المرة الثانية يحصل كده مش عارف أعمل لوجين والباسورد صح، وكمان الفاتورة المرة دي غالية جداً ومش فاهم ليه مش هتعامل معاكم تاني,mobile_app,2025-10-13 21:30:49,تقني,سلبي
C316271,مرحبا تجربة ما بتنعاد، حكيتكن يوم الخميس عن طابعة,mobile_app,2025-10-14 09:28:29,تقني,سلبي
C978769,طلبت خلاط يوم الأحد هذي المرة الرابعة يصير كذا ودي تضيفون خيار الدفع عند الاستلام ابي حل بسرعة,web_form,2025-10-15 00:21:15,أخرى,سلبي
C201246,التطبيق يطلعني برا كل ما أفتح الطلبات، طلبت ساعة ذكـية يوم الجمعة,mobile_app,2025-10-15 09:37:37,تقني,سلبي
C113223,الأّبلكيشن بْيقفل لوحده كل شوية، ديُ المّرة الرابعة يحصل كده رقم الأّورَدِرَ #42131,mobile_app,2025-10-15 10:02:28,تقني,سلبي
C345103,يا جماعة الغرض وصل مكسور، حكيتكن يوم السبت عن شاشة,delivery_app,2025-10-15 10:19:36,توصيل,سلبي
C995764,هل يمكن تغيير عنوان التوصيل للطلب #59121؟,delivery_app,2025-10-15 12:56:39,توصيل,محايد
C333052,لو سمحتم، المبلغ الإجمالي 250 ريال. هل يدعم التطبيق الأجهزة القديمة؟,mobile_app,2025-10-15 16:50:21,تقني,محايد
C998306,السلام عليكم الفاتورة هالشهر واجد غالية وما أدري ليش والله شي يقهر!,payment_portal,2025-10-15 19:20:35,فوترة,سلبي
C270672,مرحباً، هل يمكن تغيير عنوان التوصيل للطلب #32779؟ هذه المرة الرابعة التي يحدث فيها ذلك.,delivery_app,2025-10-16 01:42:26,توصيل,محايد
C289340,مرحباً، هل يمكن الحصول على فاتورة ضريبية للطلب #94708؟ تواصلت معكم يوم الاثنين بخصوص خلاط. طلبت كرسي مكتب يوم الأربعاء.,payment_portal,2025-10-16 01:45:45,فوترة,محايد
C818781,لو سمحتو طلبيتي #13917 متأخرة 14 أيام ولسا ما وصلت، طالب طابعة يوم الخميس حكيتكن يوم الأحد عن شاحن ما رح اتعامل معكن بعد اليوم,delivery_app,2025-10-16 05:37:06,توصيل,سلبي
C294783,المبلغ 49 عندي مشكلة من مبارح وما حدا حلّها والله شي بيقهر!,mobile_app,2025-10-16 06:47:35,تقني,سلبي
C348097,هلا المبلغ 99 ريال رقم الطلب #63209 للحين المشكلة ما انحلت,delivery_app,2025-10-16 11:16:37,توصيل,سلبي
C662487,مرحباً، كيف أغيّر رقم الجوال المرتبط بالحساب؟ طلبت طابعة يوم الاثنين. تواصلت معكم يوم السبت بخصوص شاشة.,mobile_app,2025-10-17 02:46:02,تقني,محايد
C231742,هْلاْ راسلِتكم أكثّر من مرّة ومحَد رد عُلي، طلبت حذاءَ رياضّي يوم الْأحد,payment_portal,2025-10-17 07:31:32,فوترة,سلبي
C823601,...,payment_portal,2025-10-17 10:03:24,فوترة,محايد
C597373,هلا رقم الطلب #85349 كلمتكم يوم السبت عن عطر التطبيق يطلعني برا كل ما أفتح الطلبات ما عاد أتعامل معكم,mobile_app,2025-10-17 10:32:49,تقني,سلبي
C744943,طلبي #57672 متأخر 3 أيام وللحين ما وصل، رقم الطلب #75419,delivery_app,2025-10-17 13:02:40,توصيل,سلبي
C801547,طلبي #57672 متأخر 3 أيام وللحين ما وصل، رقم الطلب #75419,delivery_app,2025-10-17 13:02:40,توصيل,سلبي
C413063,الّسلاْمِ علْيكم، تم تْجديد اْلاشتراَك تلقائياً دوُن موافقتي وخصم 250 ريال، تواصلت معكمّ يوم اْلجمعة بخصوص جواّل.,payment_portal,2025-10-17 14:05:33,فوترة,سلبي
C457032,يا جماعة الحساب كله 750 جنيه مكتوب إن الأوردر اتسلم وأنا ماستلمتش حاجة بجد حاجة تضايق! رقمي 0545839355,delivery_app,2025-10-17 16:58:10,توصيل,سلبي
C962843,اْلسِلاُم علُيكم، أْريد التْحدث معُ مسِؤول بُخصوصّ طلبيّ، هِذه المَرُة الثالثة اُلتي يحدث فيُهاُ ذلك.,call_center,2025-10-17 19:53:25,خدمة_عملاء,سلبي
C469670,لو سمحتم، ما هي سَاعُات عمل خدّمة الْعمَلاء؟,call_center,2025-10-18 02:04:01,خدمة_عملاء,محايد
C396990,لو سمحت كلمتكم يوم السبت عن طابعة الأوردر #13302 متأخر 12 أيام ولسه ماوصلش مش هتعامل معاكم تاني,delivery_app,2025-10-18 17:53:58,توصيل,سلبي
C528642,لو سْمحتم، كيف أغيّر رّقم الجِوالَ المُرتبط بالَحساب؟ رقمي 0584502609,mobile_app,2025-10-18 20:46:29,تقني,محايد
C111515,السلام عليكم، التطبيق يتوقف عن العمل كلما حاولت فتح صفحة الطلبات، تواصلت معكم يوم الأربعاء بخصوص خلاط. هذا غير مقبــول إطلاقاً!,payment_portal,2025-10-19 00:55:06,فوترة,سلبي
C241357,راسلتكم أكثر من مرة ومحد رد علي، المبلغ 150 ريال هذي المرة الرابعة يصير كذا ابي حل بسرعة,call_center,2025-10-19 02:44:24,خدمة_عملاء,سلبي
C214348,مرحباً، هذه المرة الخامسة التي يحدث فيها ذلك. تواصلت معكم يوم الجمعة بخصوص حذاء رياضي. هل تتوفر خدمة التوصيل في نفس اليوم؟,delivery_app,2025-10-19 07:43:41,توصيل,محايد
C390401,هلا المبلغ 150 ريال تجربة ما تنعاد,payment_portal,2025-10-19 09:56:57,فوترة,سلبي
C861846,طلبت استرجاع المبلغ منذ 10 أيام ولم يصلني شيء حتى الآن، هذه المرة الرابعة التي يحدث فيها ذلك. هذا غير مقبول إطلاقاً!,payment_portal,2025-10-19 10:42:57,فوترة,سلبي
C901277,مرحباً، طلبت حذاء رياضي يوم الثلاثاء. كود الخصم لم يُطبَّق على الفاتورة رغم أنه ساري المفعول سأضطر لإلغاء الاشتراك إن لم تُحل المشكلة.,payment_portal,2025-10-19 13:42:00,فوترة,سلبي
C994873,الموظف كان أسلوبه مو زين وسكّر بوجهي، كلمتكم يوم الخميس عن ألعاب أطفال,call_center,2025-10-19 17:22:17,خدمة_عملاء,سلبي
C812116,لو سمحتو طالب ألعاب أطفال يوم الأحد رقم الطلب #24162 ما عم يزبط معي سجل دخول مع إنو كلمة السر صح,mobile_app,2025-10-19 18:53:53,تقني,سلبي
C758295,رقم الطلب #27077. كيف أفعّل التحقق بخطوتين؟,mobile_app,2025-10-19 21:28:00,تقني,محايد
C991096,من بعد التحديث الجديد التطبيق ما عم يشتغل، رقم الطلب #18786 المبلغ 199,mobile_app,2025-10-19 22:41:45,تقني,سلبي
C228450,هلا كود التحقق ما يوصلني، المبلغ 99 ريال والله شي يقهر!,mobile_app,2025-10-20 01:04:09,تقني,سلبي
C316633,الطلبية وصلت ناقصة، طالب كتب يوم الجمعة حكيتكن يوم الثلاثاء عن كتب بدي حل بسرعة,delivery_app,2025-10-20 07:50:00,توصيل,سلبي
C819492,طالب ثلاجة يوم الجمعة رقم الأوردر #90474 من ساعة التحديث الجديد والأبلكيشن واقع,mobile_app,2025-10-20 11:39:27,تقني,سلبي
C376255,😡😡😡,delivery_app,2025-10-20 15:11:44,توصيل,سلبي
C214370,رمز التحقق ما عم يوصلني، طالب ثلاجة يوم الجمعة,mobile_app,2025-10-20 19:31:21,تقني,سلبي
C705306,الخدمة واجد سيئة، طلبت قهوة يوم الثلاثاء ابي حل بسرعة,payment_portal,2025-10-20 21:02:56,فوترة,سلبي
C494892,يا جماعة مش عارف أعمل لوجين والباسورد صح، رقم الأوردر #92525 كلمتكم يوم السبت عن قهوة,mobile_app,2025-10-20 21:16:27,تقني,سلبي
C320959,لو سمحتو جددولي الاشتراك بدون ما اطلب وانسحب المبلغ، رقم الطلب #62156,payment_portal,2025-10-21 05:24:35,فوترة,سلبي
C982887,يا جماعة طلبت حقيبة يوم الاثنين انخصم مني 150 ريال مرتين على نفس الطلب ما عاد أتعامل معكم,payment_portal,2025-10-21 09:48:22,فوترة,سلبي
C984192,الغرض وصلني مكسور، كلمتكم يوم الثلاثاء عن حذاء رياضي ما عاد أتعامل معكم,call_center,2025-10-21 10:30:24,خدمة_عملاء,سلبي
C122478,رقم الطلب #59064 طالب جوال يوم السبت عندي مشكلة من مبارح وما حدا حلّها,mobile_app,2025-10-21 20:00:51,تقني,سلبي
C993627,مرحباً، المندوب لم يتصل بي وأعاد الشحنة، المبلغ الإجمالي 199 ريال. طلبت طابعة يوم الاثنين. أرجو الحل بأسرع وقت.,delivery_app,2025-10-21 21:54:44,توصيل,سلبي
C440861,يا جماعة أبي أحذف حسابي نهائياً والله شي يقهر!,mobile_app,2025-10-22 05:58:10,تقني,سلبي
C427823,السلام عليكم، طلبت كرسي مكتب يوم الأربعاء. هل يدعم التطبيق الأجهزة القديمة؟ رقمي 0562700505,mobile_app,2025-10-22 08:31:28,تقني,محايد
C516409,السلام عليكم، طلبت كرسي مكتب يوم الأربعاء. هل يدعم التطبيق الأجهزة القديمة؟ رقمي 0562700505,mobile_app,2025-10-22 08:31:28,تقني,محايد
C502651,انتظرت ساعة على الخط ومحد رد، رقم الطلب #43644 طلبت لابتوب يوم الاثنين ما عاد أتعامل معكم,call_center,2025-10-22 11:36:49,خدمة_عملاء,سلبي
C190897,..؟,mobile_app,2025-10-22 13:37:46,تقني,إيجابي
C154049,لسه المشكلة زي ما هي، الحساب كله 199 جنيه,delivery_app,2025-10-22 20:50:03,توصيل,سلبي
C823666,لو سمحت الموظف كان أسلوبه وحش وقفل السكة في وشي، الحساب كله 199 جنيه كلمتكم يوم الخميس عن سماعات,call_center,2025-10-23 02:02:23,خدمة_عملاء,سلبي
C960290,السلام عليكم، طلبت حذاء رياضي يوم الأربعاء. تجربتي معكم كانت مخيبة للآمال هذا غير مقبول إطلاقاً!,payment_portal,2025-10-23 05:01:29,فوترة,سلبي
C265487,حكيتكن يوم الثلاثاء عن ثلاجة انسحب مني 750 مرتين على نفس الطلب,payment_portal,2025-10-23 06:43:09,فوترة,سلبي
C866508,أبي أكلم مسؤول لو سمحتوا، كلمتكم يوم الثلاثاء عن ساعة ذكية والله شي يقهر!,payment_portal,2025-10-23 08:52:30,فوترة,سلبي
C479868,كيف أغيّر طَريقة الّدفع المسجلة في حسابي؟,payment_portal,2025-10-23 11:46:52,فوترة,محايد
C171624,!!!!,call_center,2025-10-23 11:52:15,خدمة_عملاء,محايد
C972483,!!!!,call_center,2025-10-23 11:52:15,خدمة_عملاء,محايد
C586995,لو سمحتم، طلبت شاحن يوم الأحد. هذه المرة الرابعة التي يحدث فيها ذلك. الخدمة سيئة جداً ولن أتعامل معكم مرة أخرى سأضطر لإلغاء الاشتراك إن لم تُحل المشكلة.,call_center,2025-10-23 17:23:02,خدمة_عملاء,سلبي
C410388,هذّي الُمرة الُثاَنيةَ يُــصيِر كذا انتظرت ساعة علىْ الخطِ ومِحد رد,call_center,2025-10-23 21:00:55,خدمة_عملاء,سلبي
C690802,كيف أفعّل التحقق بخطوتين؟ رقم الطلب #56264.,mobile_app,2025-10-23 23:08:09,تقني,محايد
C658875,تواصلت معكم يوم الجمعة بخصوص حقيبة. هذه المرة الرابعة التي يحدث فيها ذلك. كيف أقدّم شكوى رسمية؟ https://example.com/orders/53947,call_center,2025-10-24 00:59:45,خدمة_عملاء,محايد
C772015,يا جماعة ما عم يزبط معي سجل دخول مع إنو كلمة السر صح,mobile_app,2025-10-24 05:13:04,تقني,سلبي
C164560,يا جماعة دي المرةِ الثَانية يحصل كده رقم الأوردَر #69991 الموظفّ كان أسلوبه وُحش وقِفل السكة فيْ وشي,call_center,2025-10-24 10:38:14,خدمة_عملاء,سلبي
C455174,يا جماعة دي المرةِ الثَانية يحصل كده رقم الأوردَر #69991 الموظفّ كان أسلوبه وُحش وقِفل السكة فيْ وشي,call_center,2025-10-24 10:38:14,خدمة_عملاء,سلبي
C911806,طلبت مكنسة كهربائية يوم الخميس. هل يمكن الحصول على فاتورة ضريبية للطلب #61496؟,payment_portal,2025-10-24 10:56:51,فوترة,محايد
C384485,تواصلت معكم يوم الأربعاء بخصوص حذاء رياضي. المبلغ الإجمالي 99 ريال. استلمت المنتج مكسوراً والتغليف سيئ https://example.com/orders/64551,payment_portal,2025-10-24 16:00:57,فوترة,سلبي
C869091,لو سمحت دي المرة الخامسة يحصل كده الحساب كله 199 جنيه الحاجة وصلت مكسورة,delivery_app,2025-10-24 16:27:51,توصيل,سلبي
C378125,شكراً لفريق الدعم الفني على حل مشكلة تسجيل الدخول، رقم الطلب #61406.,mobile_app,2025-10-25 02:22:43,تقني,إيجابي
C959115,السلام عليكم هذي المرة الثانية يصير كذا انخصم مني 49 ريال مرتين على نفس الطلب والله شي يقهر!,payment_portal,2025-10-25 06:59:41,فوترة,سلبي
C991440,لو سمحتو حكيتكن يوم الجمعة عن قهوة طالب لابتوب يوم الأربعاء بدي احكي مع حدا مسؤول,payment_portal,2025-10-25 08:28:08,فوترة,سلبي
C776836,لو سمحتو حكيتكن يوم الجمعة عن قهوة طالب لابتوب يوم الأربعاء بدي احكي مع حدا مسؤول,payment_portal,2025-10-25 08:28:08,فوترة,سلبي
C395907,جددولي الاشتراك بدون ما اطلب وانسحب المبلغ، وكمان ضليت ناطر ع الــتلفون ساعة وما حدا رد، المبلغ 99 بدي حل بسرعة,payment_portal,2025-10-25 15:35:38,فوترة,سلبي
C561459,مرحبا حكيتكن يوم السبت عن شاحن الطلبية وصلت ناقصة ما رح اتعامل معكن بعد اليوم,delivery_app,2025-10-25 18:06:45,توصيل,سلبي
C400321,عايز أكلم حد مسؤول، طالب نظارة شمسية يوم الخميس,delivery_app,2025-10-25 22:46:19,توصيل,سلبي
C717717,يا جماعة المندوب ما اتصل ورجع الطلب، وفوق هذا جددوا لي الاشتراك بدون ما أوافق وسحبوا 499 ريال، طلبت طابعة يوم الأحد,delivery_app,2025-10-26 01:25:44,توصيل,سلبي
C379183,السلام عليكم المندوب ما اــتصل ورجع الطلب، هذي المرة الخامسة يصير كذا ما عاد أتعامل معكم,call_center,2025-10-26 07:18:49,خدمة_عملاء,سلبي
C911771,يا جماعة ضليت ناطر ع التلفون ساعة وما حدا رد، طالب قهوة يوم الخميس المبلغ 499,call_center,2025-10-26 12:52:47,خدمة_عملاء,سلبي
C256455,هذي المرة الخامسة يصير كذا التطبيق يطلعني برا كل ما أفتح الطلبات ابي حل بسرعة,mobile_app,2025-10-26 13:15:24,تقني,سلبي
C304096,طالب لابتوب يوم الثلاثاء طلبيتي #20097 متأخرة 8 أيام ولسا ما وصلت ما رح اتعامل معكن بعد اليوم,delivery_app,2025-10-26 15:17:11,توصيل,سلبي
C962485,ازيكم دي المرة الخامسة يحصل كده طالب ثلاجة يوم الخميس الخدمة وحشة جداً مش هتعامل معاكم تاني,payment_portal,2025-10-26 15:55:19,فوترة,سلبي
C803611,السلام عليكم، رقم الطلب #57925. انتظرت على الخط أكثر من ساعة دون أن يرد أحد,call_center,2025-10-26 15:57:11,خدمة_عملاء,سلبي
C935319,هل يمكن تغيير عنوان التوصيل للطلب #25384؟ تواصلت معكم يوم الـسبت بخصوص جوال. طلبت قهوة يوم الأحد.,delivery_app,2025-10-26 20:43:30,توصيل,محايد
C530807,المبلغ الإجمالي 250 ريال. تواصلت معكم يوم الأربعاء بخصوص نظارة شمسية. المندوب كان محترماً ودقيقاً في الموعد,delivery_app,2025-10-27 02:15:49,توصيل,إيجابي
C511797,الأبلكيشن بيقفل لوحده كل شوية، دي المرة الثانية يحصل كده,mobile_app,2025-10-27 03:42:18,تقني,سلبي
C504487,جددوا لي الاشتراك بدون ما أوافق وسحبوا 250 ريال، المبلغ 250 ريال,payment_portal,2025-10-27 03:52:11,فوترة,سلبي
C170983,رقم الطلب #72397 حكيتكن يوم الأربعاء عن شاحن طلبيتي #88101 متأخرة 8 أيام ولسا ما وصلت,delivery_app,2025-10-27 08:10:31,توصيل,سلبي
C952943,طلـبت عطر يوم الجمعة. تم استرجاع المبلغ بسرعة، شكراً لكم,payment_portal,2025-10-27 15:03:30,فوترة,إيجابي
C271939,فضلت مسُتِني على التليفون ساعة ومحدش رِد، رقَم الأوردر #65244 دي الَمرةَ الثانية يحصل كده,call_center,2025-10-27 15:13:16,خدمة_عملاء,سلبي
C328301,انخصم مني 99 ريال مرتين على نفس الطلب، رقم الطلب #88803 ابي حل بسرعة,payment_portal,2025-10-27 15:59:03,فوترة,سلبي
C989180,لو سمحتم، كيف أغيّر طريقة الدفع المسجلة في حسابي؟,payment_portal,2025-10-27 18:17:08,فوترة,محايد
C161364,الخدمة وحشة جداً,mobile_app,2025-10-27 22:37:36,تقني,سلبي
C812953,رقم الطلب #68976 انخصم مني 199 ريال مرتين على نفس الطلب والله شي يقهر!,payment_portal,2025-10-27 23:50:03,فوترة,سلبي
C194688,ازيكم رقم الأوردر #94525 المندوب ماكلمنيش ورجّع الشحنة عايز حل بسرعة,delivery_app,2025-10-28 03:57:52,توصيل,سلبي
C372926,مرحباً، تواصلت معكم يوم الأربعاء بخصوص ساعة ذكية. استلمت المنتج مكسوراً والتغليف سيئ,delivery_app,2025-10-28 09:58:29,توصيل,سلبي
C405886,لو سمحتم، هل يدعم التطبيق الأجهزة القديمة؟ طلبت طابعة يوم الأربعاء.,mobile_app,2025-10-28 15:59:27,تقني,محايد
C566939,هذِي الّمْرة الثانية يصير كّذا الفاتورُة هالشهر واجّد غالية وماْ أدري ليشْ,payment_portal,2025-10-28 21:22:31,فوترة,سلبي
C799742,يا جماعة من بعد التحديث الجديد التطبيق ما عم يشتغل، المبلغ 99 رقم الطلب #19235 والله شي بيقهر! رقمي 0575142084,mobile_app,2025-10-29 02:38:55,تقني,سلبي
C459591,مــرحبا طالب شاشة يوم الثلاثاء حكيتكن يوم الخميس عن طابعة التطبيق عم يسكّر لحالو كل شوي,mobile_app,2025-10-29 06:29:40,تقني,سلبي
C489906,المندوب ما اتصل ورجع الطلب، وفوق هذا جددوا لي الاشتراك بدون ما أوافق وسحبوا 150 ريال، هذي المرة الثانية يصير كذا والله شي يقهر!,delivery_app,2025-10-29 07:59:29,توصيل,سلبي
C510603,ازيكّم اْلحساب كلّه 499 جِنيه الفْاتورة المرة دي غالُية جداً ومش فاهم ليه,web_form,2025-10-29 09:12:41,أخرى,سلبي
C859823,السلام عليكم، هل يمكن تغيير عنوان التوصيل للطلب #58436؟,delivery_app,2025-10-29 10:47:40,توصيل,محايد
C924633,هذه المرة الُخامسة التي يحدث فيها ذَلْك. متى يتم إصــدار الفاتورة الشهرية؟,payment_portal,2025-10-29 15:43:39,فوترة,محايد
C170711,لو سمحتم، طلبت حقيبة يوم الأحد. هل تتوفر خدمة التوصيل في نفس اليوم؟,delivery_app,2025-10-30 00:47:17,توصيل,محايد
C537092,كل موظف يعطيني معلومة مختلفة عن الآخر، المبلغ الإجمالي 750 ريال. رقم الطلب #43129. هذا غير مقبول إطلاقاً!,call_center,2025-10-30 04:30:36,خدمة_عملاء,سلبي
C110092,طلبت قهوة يوم الاثنين المبلغ 499 ريال ودي تضيفون خيار الدفع عند الاستلام ابي حل بسرعة https://example.com/orders/49856,web_form,2025-10-30 19:59:36,أخرى,سلبي
C207272,لو سمحتو بعتتلكن كذا رسالة وما حدا رد، رقم الطلب #64433 ما رح اتعامل معكن بعد اليوم,call_center,2025-10-30 21:24:04,خدمة_عملاء,سلبي
C991176,طلبت مكنسة كهربائية يوم الأربعاء. كيف أفعّل التحقق بخطوتين؟,mobile_app,2025-10-30 21:51:45,تقني,محايد
C981275,لو سمحتم، أحِتاج مساَعدة عَاجلُة من فضلكمَ، رقمّ الطلُب #77532. أرجو الّحل بُأسرع وقَت.,call_center,2025-10-31 01:28:45,خدمة_عملاء,سلبي
C752205,هلا كود التحقق ما يوصلني، طلبت كرسي مكتب يوم الخميس والله شي يقهر!,mobile_app,2025-10-31 03:57:27,تقني,سلبي
C453652,من 14 أيام طالب استرجاع فلوسي وللحين ما وصلت، هذي المرة الخامسة يصير كذا,payment_portal,2025-10-31 05:56:25,فوترة,سلبي
C708399,طالب قهوة يوم الجمعة رمز التحقق ما عم يوصلني والله شي بيقهر!,mobile_app,2025-10-31 06:32:09,تقني,سلبي
C237866,مرحباً، المبلغ الإجمالي 99 ريال. كيف أغيّر طريقة الدفع المسجلة في حسابي؟,payment_portal,2025-10-31 12:11:57,فوترة,محايد
C959457,المبلغ الإجمالي 49 ريال. هذه المرة الثانية التي يحدث فيها ذلك. شكراً لفريق الدعم الفني على حل مشكلة تسجيل الدخول,mobile_app,2025-10-31 15:12:03,تقني,إيجابي
C767869,المبلغ الإجمالي 49 ريال. هذه المرة الثانية التي يحدث فيها ذلك. تأخر وصول الطلب رقم #92667 أكثر من 4 أيام عن الموعد المحدد,delivery_app,2025-10-31 18:14:15,توصيل,سلبي
C403883,السلام عليكم، كيف أتتبع الشحنة رقم #37663؟,delivery_app,2025-11-01 09:36:06,توصيل,محايد
C878341,الموظف كان أسلوبو مش منيح وسكّر الخط,call_center,2025-11-01 16:50:22,خدمة_عملاء,سلبي
C708297,لسه المشكلة زي ما هي، دي المرة الثانية يحصل كده كلمتكم يوم الخميس عن شاشة,mobile_app,2025-11-01 19:12:35,تقني,سلبي
C722939,هذه المرة الثانية التي يحدث فيها ذلك. متى يتم إصدار الفاتورة الشهرية؟,payment_portal,2025-11-01 19:19:22,فوترة,محايد
C310979,رقم الطلب #56176. هذه المرة الثالثة التي يحدث فيها ذلك. تأخر وصول الطلب رقم #12128 أكثر من 6 أيام عن الموعد المحدد هذا غير مقبول إطلاقاً!,delivery_app,2025-11-02 04:18:56,توصيل,سلبي
C143027,رقم الطلب #81970. هذه المرة الثالثة التي يحدث فيها ذلك. بعد التحديث الأخير لم يعد التطبيق يعمل على هاتفي أرجو الحل بأسرع وقت.,mobile_app,2025-11-02 05:04:30,تقني,سلبي
C274296,متى يتم إَصدار الفاتورة الشهرية؟,payment_portal,2025-11-02 06:07:59,فوترة,محايد
C449682,5asamto mni el mablagh marten 3ala nafs el order,payment_portal,2025-11-02 08:01:06,فوترة,سلبي
C511825,عندي مشكلة من مبارح وما حدا حلّها، حكيتكن يوم الجمعة عن حقيبة طالب ألعاب أطفال يوم الجمعة بدي حل بسرعة,payment_portal,2025-11-02 09:25:03,فوترة,سلبي
C872655,هلا الغرض وصلني مكسور، كلمتكم يوم الجمعة عن حقيبة,web_form,2025-11-02 22:20:34,أخرى,سلبي
C201807,هذي الُمرة الثالِثة يصير كذا بعّد التحديثّ الجديُد التطبيق خربان ما عاِد أتعَامل معكم,mobile_app,2025-11-03 02:07:16,تقني,سلبي
C447041,لو سمحتم، رقم الطلب #31867. الموظفة كانت متعاونة جداً وحلّت مشكلتي,call_center,2025-11-03 08:04:49,خدمة_عملاء,إيجابي
C442049,لو سمحتم، رقم الطلب #31867. الموظفة كانت متعاونة جداً وحلّت مشكلتي,call_center,2025-11-03 08:04:49,خدمة_عملاء,إيجابي
C582331,ازيكم الحساب كله 199 جنيه كلمتكم يوم الأحد عن قهوة اتخصم مني 320 جنيه مرتين على نفس الأوردر مش هتعامل معاكم تاني,payment_portal,2025-11-03 12:07:36,فوترة,سلبي
C888859,رقم الأوردر #12186 من ساعة التحديث الجديد والأبلكيشن واقع مش هتعامل معاكم تاني,mobile_app,2025-11-03 16:54:33,تقني,سلبي
C215829,طلبي #70542 متأخر 13 أيام وللحين ما وصل، المبلغ 150 ريال,delivery_app,2025-11-03 20:33:35,توصيل,سلبي
C419593,مرحبا عندي مشكلة من مبارح وما حدا حلّها، هي المرة الخامسة بتصير هيك طالب كرسي مكتب يوم الثلاثاء ما رح اتعامل معكن بعد اليوم,delivery_app,2025-11-03 23:35:18,توصيل,سلبي
C842140,الخدمة وحشة جداً بجد حاجة تضايق!,payment_portal,2025-11-03 23:56:21,فوترة,سلبي
C293027,السلام عليكم، هل يمكن تغيير عنوان التوصيل للطلب #33255؟,delivery_app,2025-11-04 00:41:49,توصيل,محايد
C571589,مرحباً، الفاتورة واضحة ومفصلة، عمل ممتاز، طلبت ساعة ذكية يوم الخميس.,payment_portal,2025-11-04 01:14:15,فوترة,إيجابي
C258324,مرحباً، الفاتورة واضحة ومفصلة، عمل ممتاز، طلبت ساعة ذكية يوم الخميس.,payment_portal,2025-11-04 01:14:15,فوترة,إيجابي
C499053,من بعد التحديث الجديد التطبيق ما عم يشتغل، رقم اـــلطلب #12081 والله شي بيقهر!,mobile_app,2025-11-04 10:09:02,تقني,سلبي
C491344,لو سمحتم، تأخِر وصول الطلب رقم #19858 أكثر مُن 5 أيام عن الِموعد المحددْ، هذهَ المرة الخامسة التي يْحدث فيها ذلك. أرجو الْحل بأسرعْ وقت.,delivery_app,2025-11-04 10:31:39,توصيل,سلبي
C185495,يا جماعة رقم الأوردر #19003 الخدمة وحشة جداً مش هتعامل معاكم تاني,mobile_app,2025-11-04 17:05:35,تقني,سلبي
C295396,عايز أكلم حد مسؤول عايز حل بسرعة,call_center,2025-11-04 17:17:40,خدمة_عملاء,سلبي
C714027,مرحُبا الفاتوْرة هاُلمرةُ كتير غاّليْة وْما حدا شرحلي ليش، المبلُغ 750,payment_portal,2025-11-04 18:00:33,فوترة,سلبي
C224439,يا جماعة من بعْد التحديث الجدْيد التطبيق ما عم يشتغل، هيِ المرة الثانَيُةَ بتصير هيك,mobile_app,2025-11-04 19:32:19,تقني,سلبي
C185506,يا جماعة من بعْد التحديث الجدْيد التطبيق ما عم يشتغل، هيِ المرة الثانَيُةَ بتصير هيك,mobile_app,2025-11-04 19:32:19,تقني,سلبي
C278450,لو سمحت عايز أكلم حد مسؤول، طالب ثلاجة يوم الجمعة بجد حاجة تضايق!,delivery_app,2025-11-04 21:01:20,توصيل,سلبي
C571979,طالب خلاط يوم الأربعاء الحساب كله 199 جنيه تجربة زفت بصراحة,payment_portal,2025-11-05 00:28:48,فوترة,سلبي
C697476,رمز التحقق لا يصل إلى هاتفي، المبلغ الإجمالي 99 ريال. أرجو الحل بأسرع وقت.,mobile_app,2025-11-05 00:37:01,تقني,سلبي
C650333,طالب سماعات يوم الثلاثاء بعتتلكن كذا رسالة وما حدا رد,call_center,2025-11-05 08:26:53,خدمة_عملاء,سلبي
C917832,جددوا لي الاشتراك بدون ما أوافق وسحبوا 750 ريال، طلبت لابتوب يوم الثلاثاء ما عاد أتعامل معكم,web_form,2025-11-05 09:42:05,أخرى,سلبي
C723560,جددوا  لي الاشتراك بدون ما أوافق وسحبوا 750 ريال، طلبت لابتوب يوم الثلاثاء ما عاد أتعامل معكم,web_form,2025-11-05 10:10:05,أخرى,سلبي
C982743,لو سمحت الحساب كله 199 جنيه من ساعة التحديث الجديد والأبلكيشن واقع بجد حاجة تضايق!,mobile_app,2025-11-05 13:53:47,تقني,سلبي
C647126,السلام عليكم، المبلغ الإجمالي 199 ريال. رقم الطلب #21798. ما هي ساعات عمل خدمة العملاء؟,call_center,2025-11-05 16:14:02,خدمة_عملاء,محايد
C581421,هذه المرة الرابعة التي يحدث فيها ذلك. هل يمكن تغيير عنوان التوصيل للطلب #22307؟,delivery_app,2025-11-05 17:55:38,توصيل,محايد
C556060,المبلغ 99 انسحب مني 99 مرتين على نفس الطلب بدي حل بسرعة,payment_portal,2025-11-05 23:01:21,فوترة,سلبي
C766826,مرحباً، تواصلت معكم يوم الجمعة بخصوص ألعاب أطفال. شكراً لفريق الدعم الفني على حل مشكلة تسجيل الدخول,mobile_app,2025-11-05 23:10:22,تقني,إيجابي
C140044,متى يتم إصدار الفاتورة الشهرية؟ تواصلت معكم يوم الخميس بخصوص لابتوب. رقم الطلب #21630.,payment_portal,2025-11-06 02:00:24,فوترة,محايد
C422378,يا جماعة بدي احكي مع حدا مسؤول,mobile_app,2025-11-06 05:22:10,تقني,سلبي
C666279,الفاتورة هالشهر واجد غالية وما أدري ليش، كلمتكم يوم الأربعاء عن حذاء رياضي هذي المرة الخامسة يصير كذا والله شي يقهر!,payment_portal,2025-11-06 11:56:59,فوترة,سلبي
C772925,كل موظف يعطيني معلوَمة مختلفة عن الِآخر، المبّلغ الإجمالْي 49 رياُل.,call_center,2025-11-06 13:25:31,خدمة_عملاء,سلبي
C772546,مرحباً، هل تتوفر خدمة التوصيل في نفس اليوم؟ المبلغ الإجمالي 199 ريال. هذه المرة الرابعة التي يحدث فيها ذلك.,delivery_app,2025-11-06 20:33:31,توصيل,محايد
C489971,مرحباً، المبلغ الإجمالي 750 ريال. ما هي ساعات عمل خدمة العملاء؟,call_center,2025-11-06 22:52:26,خدمة_عملاء,محايد
C555477,يا جماعة رقم الطلب #40467 انسحب مني 49 مرتين على نفس الطلب، وفوق هذا الطلبية وصلت ناقصة والله شي بيقهر!,payment_portal,2025-11-07 02:43:20,فوترة,سلبي
C356035,كيف أتتبع الشحنة رقم #74860؟,delivery_app,2025-11-07 08:04:14,توصيل,محايد
C921757,انخصم مني 320 ريال مرتين على نفس الطلب,payment_portal,2025-11-07 08:11:58,فوترة,سلبي
C595905,اتخصم مني 150 جنيه مرتين على نفس الأوردر، رقم الأوردر #30921 عايز حل بسرعة,payment_portal,2025-11-07 09:36:08,فوترة,سلبي
C918812,اتخصم مني 150 جنيه مرتين على نفس الأوردر، رقم الأوردر #30921 عايز حل بسرعة,payment_portal,2025-11-07 09:36:08,فوترة,سلبي
C646095,مرحباً، كود الخصم لم يُطبَّق على الفاتورة رغم أنه ساري المفعول، المبلغ الإجمالي 499 ريال. رقم الطلب #53054.,payment_portal,2025-11-08 01:54:02,فوترة,سلبي
C152336,el order mt2a5er 2 ayam w lessa ma wesel order #80668,delivery_app,2025-11-08 11:16:43,توصيل,سلبي
C857209,لو سمحتو لسا المشكلة متل ما هي، رقم الطلب #77469 ما رح اتعامل معكن بعد اليوم,call_center,2025-11-08 12:07:32,خدمة_عملاء,سلبي
C265512,لو سمحتم، هل لديكم وظائف شاغرة في قسم التسويق، المبلغ الإجمالي 320 ريال. تواصلت معكم يوم الاثنين بخصوص حذاء رياضي.,web_form,2025-11-08 13:28:28,أخرى,سلبي
C389452,مرحبا ضليت ناطر ع التلفون ساعة وما حدا رد، حكيتكن يوم السبت عن حذاء رياضي ما رح اتعامل معكن بعد اليوم,delivery_app,2025-11-08 17:59:29,توصيل,سلبي
C921588,لدي مشكلة منذ أمس ولم يحلها أحد، تواصلت معكم يوم الجمعة بخصوص كرسي مكتب. أرجو الحل بأسرع وقت.,call_center,2025-11-08 20:07:04,خدمة_عملاء,سلبي
C697722,طالب عطر يوم الثلاثاء صرلي 2 أيام ناطر يرجعوــــلي المصاري وما في شي,payment_portal,2025-11-08 20:29:05,فوترة,سلبي
C186154,يا جماعة طالب كتب يوم الخميس هي المرة الخامسة بتصير هيك صرلي 13 أيام ناطر يرجعولي المصاري وما في شي,payment_portal,2025-11-08 20:44:59,فوترة,سلبي
C433709,كيف أغيّر رقم الجوال المرتبط بالحساب؟ هذه المرة الثالثة التي يحدث فيها ذلك.,mobile_app,2025-11-09 02:48:36,تقني,محايد
C780899,رُقم اُلّطلب #20375 عندي مشكلّة من أمس ومحد حلها,call_center,2025-11-09 03:13:39,خدمة_عملاء,سلبي
C525646,؟؟؟,mobile_app,2025-11-09 06:12:34,تقني,سلبي
C359244,مرحباً، هّذه المرة الثاَنية التي يحدث فيها ذلك. أين يقع مْقّركَم اّلرّئيسي؟,web_form,2025-11-09 07:23:21,أخرى,محايد
C750569,السلام علُيكم، اْنتْظرت على الخط أكثرُ من ساعّة دون أنْ يرد أحدِ، رّقِم الطلب #50041. تواصلَتُ معكم يومَ السبت بخصوص سماعات.,call_center,2025-11-09 21:20:17,خدمة_عملاء,سلبي
C635542,لو سمحتم، كيف أفعّل التحقق بخطوتين؟ رقم الطلب #88285.,mobile_app,2025-11-10 02:12:28,تقني,محايد
C205008,متى يتم إصدار الفاتورة الشهرية؟ رقمي 0559180489,payment_portal,2025-11-10 04:19:42,فوترة,محايد
C681584,مرحبا الطلبية وصلت ناقصة، المبلغ 250 طالب ألعاب أطفال يوم الأربعاء ما رح اتعامل معكن بعد اليوم,delivery_app,2025-11-10 10:10:31,توصيل,سلبي
C380448,المندوب لم يتصل بي وأعاد الشحنة، تواصلت معكم يوم الأربعاء بخصوص عطر. المبلغ الإجمالي 750 ريال. هذا غير مقبول إطلاقاً!,delivery_app,2025-11-10 14:38:37,توصيل,سلبي
C231523,كلمتكم يوم الجمعة عن مكنسة كهربائية من ساعة التحديث الجـديد والأبلكيشن واقع,mobile_app,2025-11-10 21:19:25,تقني,سلبي
C725621,لو سمحتو طالب قهوة يوم السبت رمز التحقق ما عم يوصلني,mobile_app,2025-11-11 02:03:35,تقني,سلبي
C552826,هلا بعد التحديث الجديد التطبيق خربان، هذي المرة الثالثة يصير كذا طلبت عطر يوم الخميس https://example.com/orders/45100,mobile_app,2025-11-11 03:08:15,تقني,سلبي
C919299,هلا كود التحقق ما يوصلني، طلبت مكنسة كهربائية يوم الأربعاء رقم الطلب #55433 ابي حل بسرعة,mobile_app,2025-11-11 05:03:12,تقني,سلبي
C858031,يا جماعة مكتوب إن الأوردر اتسلم وأنا ماستلمتش حاجة، كلمتكم يوم الجمعة عن حذاء رياضي,delivery_app,2025-11-11 06:57:40,توصيل,سلبي
C735480,لو سمحتم، هل يدعم التطبيق الأجـــهزة القديمة؟,mobile_app,2025-11-11 10:59:40,تقني,محايد
C752572,ما هي ساعات عمل خدمة العملاء؟,call_center,2025-11-11 15:01:53,خدمة_عملاء,محايد
C243647,هلا جددوا لي الاشتراك بدون ما أوافق وسحبوا 99 ريال، رقم الطلب #87015 كلمتكم يوم الأحد عن سماعات,payment_portal,2025-11-11 19:39:49,فوترة,سلبي
C355476,السلام عليكم، هذه المرة الرابعة التي يحدث فيها ذلك. المبلغ الإجمالي 99 ريال. كيف أغيّر رقم الجوال المرتبط بالحساب؟,mobile_app,2025-11-12 01:09:48,تقني,محايد
C643763,مرحباً، الموقع بطيء جداً وـــتظهر رسالة خطأ عند الدفع، رقم الطلب #57315.,web_form,2025-11-12 06:29:48,تقني,سلبي
C758806,جددولي الاشتراك بدون ما اطلب وانسحب المبلغ، رقم الطلب #67933 بدي حل بسرعة,payment_portal,2025-11-12 06:34:16,فوترة,سلبي
C549806,مرحبا الموظف كان أسلوبو مش منيح وسكّر الخط، هي المرة الـــخامسة بتصير هيك,call_center,2025-11-12 06:42:57,خدمة_عملاء,سلبي
C523358,طالب كتب يوم الخميس الحساب كله 499 جنيه الأبلكيشن بيقفل لوحده كل شوية بجد حاجة تضايق!,mobile_app,2025-11-12 06:47:43,تقني,سلبي
C573275,مرحبا طلبيتي #72250 متأخرة 5 أيام ولسا ما وصلت، حكيتكن يوم الثلاثاء عن نظارة شمسية المبلغ 499,delivery_app,2025-11-12 11:34:47,توصيل,سلبي
C834883,كيف أفعّل التحقق بخطوتين؟ المبلغ الإجمالي 199 ريال. هذه المرة الثانية التي يحدث فيها ذلك.,mobile_app,2025-11-12 15:34:45,تقني,محايد
C637802,هل يوجد رقم مباشر للتواصل مع مشرف؟ تواصلت معكم يوم الخميس بخصوص خلاط.,call_center,2025-11-13 01:08:56,خدمة_عملاء,محايد
C268421,انخصم مني 99 ريال مرتين على نفس الطلب، طلبت جوال يوم الخميس هذي المرة الثالثة يصير كذا,payment_portal,2025-11-13 04:29:55,فوترة,سلبي
C866142,مرحـــبا بعتتلكن كذا رسالة وما حدا رد، هي المرة الثالثة بتصير هيك,call_center,2025-11-13 13:47:15,خدمة_عملاء,سلبي
C267049,طلبت شاحن يوم الجمعة. كيف أتتبع الشحنة رقم #34465؟,delivery_app,2025-11-13 14:02:32,توصيل,محايد
C193781,انسحب مني 250 مرتين على نفس الطلب، طالب مكنسة كهرــبائية يوم الاثنين,payment_portal,2025-11-13 15:06:22,فوترة,سلبي
C344539,الأوردر #23395 متأخر 2 أيام ولسه ماوصلش، دي المرة الخامسة يحصل كده,delivery_app,2025-11-13 15:16:55,توصيل,سلبي
C144032,هل يوجد رقم مباشر للتواصل مع مشرف؟ طلبت حذاء رياضي يوم الثلاثاء. المبلغ الإجمالي 49 ريال.,call_center,2025-11-13 19:38:34,خدمة_عملاء,محايد
C101698,يا جماعة جددولي الاشتراك بدون ما اطلب وانسحب المبلغ، طالب عطر يوم الأربعاء ما رح اتعامل معكن بعد اليوم,payment_portal,2025-11-14 02:13:18,فوترة,سلبي
C111764,لو سمحّتْم، الموظفةَ كانت متعاونة جداً وحلّت مشكلتي، هذَه المرة الخامسة اّلتي يحدث فيْها ذلك.,call_center,2025-11-14 06:23:23,خدمة_عملاء,إيجابي
C174799,رقم الأوردر #85149 دي المرة الثالثة يحصل كده الموظف كان أسلوبه وحش وقفل السكة في وشي، وفوق هذا اتخصم مني 99 جنيه مرتين على نفس الأوردر بجد حاجة تضايق!,call_center,2025-11-14 06:57:05,خدمة_عملاء,سلبي
C795788,المبلغ 250 ريال الغرض وصلني مكسور ما عاد أتعامل معكم,delivery_app,2025-11-14 12:28:56,توصيل,سلبي
C532985,يا جماعة طلبي #38628 متأخر 9 أيام وللحين ما وصل,delivery_app,2025-11-14 16:03:24,توصيل,سلبي
C898804,السلام عليكم، كيف أتتبع الشحنة رقم #48185؟ طلبت لابتوب يوم السبت. المبلغ الإجمالي 99 ريال.,delivery_app,2025-11-14 18:03:37,توصيل,محايد
C546367,هلا أبي أحذف حسابي نهائياً، طلبت شاشة يوم الاثنين هذي المرة الخامسة يصير كذا ابي حل بسرعة,web_form,2025-11-15 04:07:22,أخرى,سلبي
C190652,مرحبا انسحب مني 199 مرتين على نفس الطلب، طالب شاشة يوم الخميس,payment_portal,2025-11-15 17:16:55,فوترة,سلبي
C857006,المبلغ الإجمالي 49 ريال. هل يوجد رقم مباشر للتواصل مع مشرف؟,call_center,2025-11-15 21:09:26,خدمة_عملاء,محايد
C542782,مرحباً، شكراً على سرعة الرد والتعامل الراقي، هذه المرة الرابعة التي يحدث فيها ذلك. طلبت مكنسة كهربائية يوم الثلاثاء.,call_center,2025-11-15 21:42:00,خدمة_عملاء,إيجابي
C355267,يا جماعة رقم الطلب #36871 هذي المرة الثانية يصير كذا ودي تضيفون خيار الدفع عند الاستلام ما عاد أتعامل معكم,web_form,2025-11-16 06:07:58,أخرى,سلبي
C825972,شكراً على سرعةَ اَــــلُرد والتّعاملِ الرُاقي، هذه اِلمرة الثالْثةِ التّيُ يحدث فيهاُ ذُلّك.,call_center,2025-11-16 10:34:18,خدمة_عملاء,إيجابي
C441362,السلام عليكم، هل يمكن الحصول على فاتورة ضريبية للطلب #85357؟ هذه المرة الثانية التي يحدث فيها ذلك.,payment_portal,2025-11-17 12:35:25,فوترة,محايد
C131109,مْرحباً، كيف أغيّر رقم الجوِال الِمرتبطّ بّالّحساب؟ هذه المرة الراِبعة التي يحدَث فُيها ذلك.,mobile_app,2025-11-18 05:00:18,تقني,محايد
C115240,مرحباً، هل يمكن تغيير عنوان التوصيل للطلب #35765؟ طلبت عطر يوم الأربعاء. هذه المرة الرابعة التي يحدث فيها ذلك.,delivery_app,2025-11-18 13:31:37,توصيل,محايد
C481270,السلام عليكم رقم الطلب #48414 الغرض وصلني مكسور,payment_portal,2025-11-18 13:56:28,توصيل,سلبي
C364087,جددولي الاشتراك بدون ما اطلب وانسحب المبلغ، حكيتكن يوم الجمعة عن جوـــال,payment_portal,2025-11-19 00:15:55,فوترة,سلبي
C304887,يا جماعة رقم الطلب #52491 المبلغ 150 الغرض وصل مكسور ما رح اتعامل معكن بعد الـــيوم,delivery_app,2025-11-19 04:33:59,توصيل,سلبي
C353332,لو سمُحتم، هذه المِرَة الثالثة التي يحدْث فيها ذلك. طلبت طاْبعة يوم الأحدّ. المندوب لم يتصل بي وأعَاد الشحنةَ هِذِا غير مقبول إطلِاقّاً!,delivery_app,2025-11-19 04:58:23,توصيل,سلبي
C809561,الموقع بطيء جداً وتظهر رسالة خطأ عند الدفع، هذه المرة الثالثة التي يحدث فيها ذلك.,mobile_app,2025-11-19 12:27:38,تقني,سلبي
C587080,مكتوب إن الأوردر اتسلم وأنا ماستلمتش حاجة، رقم الأوردر #60613,delivery_app,2025-11-19 13:51:57,توصيل,سلبي
C296018,كل موظف يعطيني معلومة مختلفة عن الآخر، رقم الطلب #18018. هذه المرة الثالثة التي يحدث فيها ذلك. أرجو الحل بأسرع وقت.,call_center,2025-11-19 14:14:03,خدمة_عملاء,سلبي
C415061,!!!!,call_center,2025-11-19 14:29:54,خدمة_عملاء,سلبي
C488075,mesh 3aref a3mel login w el password sa7 order #78374,mobile_app,2025-11-19 21:34:25,تقني,سلبي
C462871,لو سمحتو التطبيق عم يسكّر لحالو كل شوي، وكمان صرلي 2 أيام ناطر يرجعولي المصاري وما في شي، المبلغ 499 حكيتكن يوم الأربعاء عن جوال ما رح اتعامل معكن بعد اليوم,mobile_app,2025-11-19 22:01:27,تقني,سلبي
C503671,كيف أغيّر رقم الجوال المرتـــبط بالحساب؟ هذه المرة الرابعة التي يحدث فيها ذلك. طلبت ساعة ذكية يوم الجمعة.,mobile_app,2025-11-19 23:16:28,تقني,محايد
C217876,هل يمكن الحصول على فاتــــورة ضريبية للطلب #52787؟ المبلغ الإجمالي 150 ريال.,payment_portal,2025-11-19 23:41:52,فوترة,محايد
C564707,كُيّفْ أغيّر رُقم الجواْلُ الِمرِتـــُبط بّاّلّحسُابَ؟ هذهَ اِلمرّة الرابعِةّ التي يّحدث فيهاّ ذَلكَ. طلبت ساعة ذكية يوم الّجُمعةْ.,mobile_app,2025-11-20 01:17:28,تقني,محايد
C945243,حكيتكن يوم الثلاثاء عن كتب المبلغ 49 تجربة ما بتنعاد,mobile_app,2025-11-20 05:28:23,تقني,سلبي
C442010,ازيكم رُقم الأوردرّ #68188 بعْتَ رسايل كتير ومحدش بيِرد,call_center,2025-11-20 06:43:14,خدمة_عملاء,سلبي
C863672,الغرض وصلني مكسور، المبلغ 320 ريال ابي حل بسرعة,delivery_app,2025-11-20 11:25:52,توصيل,سلبي
C754262,طلبي #67571 متأخر 13 أيام وللحين ما وصل، المبلغ 250 ريال ما عاد أتعامل معكم,delivery_app,2025-11-20 15:47:28,توصيل,سلبي
C505292,يا جماعة الفاتورة هالمرة كتير غاــــلية وما حدا شرحلي ليش,payment_portal,2025-11-20 21:01:14,فوترة,سلبي
C380966,يا جماعة من بعد التحديث الجديد التطبيق ما عم يشتغل، رقم الطلب #25900,mobile_app,2025-11-21 00:56:30,تقني,سلبي
C917773,مرحباً، تواصلت معكم يوم الاثنين بخصوص سماعات. كيف أتتبع الشحنة رقم #49763؟,delivery_app,2025-11-21 06:01:33,توصيل,محايد
C140037,هل يمكن الحصول على فاتورة ضريبية للطلب #73407؟ طلبت ثلاجة يوم الأحد.,payment_portal,2025-11-21 10:25:15,فوترة,محايد
C605647,يا جماعة طالب ألعاب أطفال يوم الأحد الموظف كان أسلوبه وحش وقفل السكة في وشي,call_center,2025-11-21 13:55:40,خدمة_عملاء,سلبي
C863826,طلبت نظارة شمسية يوم الأحد الفاتورة هالشهر واجد غالية وما أدري ليش,payment_portal,2025-11-21 17:32:34,فوترة,سلبي
C240576,السلام عليكم، هل يمكن تغيير عنوان التوصيل للطلب #46904؟ طلبت ساعة ذكية يوم الجمعة.,delivery_app,2025-11-21 21:23:33,توصيل,محايد
C823378,اتخصم مني 99 جنيه مرتين على نفس الأوردر بجد حاجة تضايق!,mobile_app,2025-11-22 07:46:50,تقني,سلبي
C635123,كيف أتتبع اْلشحَنة رْقم #83315؟,delivery_app,2025-11-22 13:20:55,توصيل,محايد
C902246,الموظف كان أسلوبو مش منيح وسكّر الخط، هي المرة الثالثة بتصير هيك بدي حل بسرعة,call_center,2025-11-22 13:21:11,خدمة_عملاء,سلبي
C475386,يا جماعة جددولي الاشتراك بدون ما اطلب وانسحب المبلغ، المبلغ 99 حكيتكن يوم الأحد عن طابعة بدي حل بسرعة,payment_portal,2025-11-22 14:15:56,فوترة,سلبي
C391133,المندوب ما اتصل فيني ورجّع الطلبية، المبلغ 750,delivery_app,2025-11-22 15:50:37,توصيل,سلبي
C393001,طلبت طابعة يوم الأحد رقم الطلب #71469 بعد التحديث الجديد التطبيق خربان,mobile_app,2025-11-22 18:37:23,تقني,سلبي
C387097,el order mt2a5er 12 ayam w lessa ma wesel,delivery_app,2025-11-23 00:09:24,توصيل,محايد
C654967,مرحباً، تم استرجاع المبلغ بسرعة، شكراً لكم، تواصلت معكم يوم الأحد بخصوص حقيبة. طلبت كرسي مكتب يوم السبت.,payment_portal,2025-11-23 00:30:31,فوترة,إيجابي
C845171,مرحباً، تم استرجاع المبلغ بسرعة، شكراً لكم، تواصلت معكم يوم الأحد بخصوص حقيبة. طلبت كرسي مكتب يوم السبت.,payment_portal,2025-11-23 00:30:31,فوترة,إيجابي
C221862,لو سمحتم، المبلغ الإجمالي 199 ريال. هل تتوفر خدمة التوصيل في نفس اليوم؟,delivery_app,2025-11-23 02:23:27,توصيل,محايد
C439745,مرحباً، كود الخصم لم يُطبَّق على الفاتورة رغم أنه ساري المفعول، وأيضاً أرسلت عدة رسائل ولم أتلقَّ أي رد هذا غير مقبول إطلاقاً!,payment_portal,2025-11-23 02:53:36,فوترة,سلبي
C674397,لو سمحتو لسا المشكلة متل ما هي، المبلغ 99 رقم الطلب #34381 ما رح اتعامل معكن بعد اليوم https://example.com/orders/69810,delivery_app,2025-11-23 21:29:34,توصيل,سلبي
C601237,لو  سمحتو لسا المشكلة متل ما هي، المبلغ 99 رقم الطلب #34381 ما رح اتعامل معكن بعد اليوم https://example.com/orders/69810,delivery_app,2025-11-23 22:45:34,توصيل,سلبي
C582729,ازيكم كلمتكم يوم الثلاثاء عن لابتوب الخدمة وحشة جداً مش هتعامل معاكم تاني,delivery_app,2025-11-23 22:56:36,توصيل,سلبي
C480759,الأبلكيشن بيقفل لوحده كل شوية، وأيضاً الكوبون مااشتغلش والفلوس اتسحبت كاملة، طالب طابعة يوم الأحد,mobile_app,2025-11-23 23:06:33,تقني,سلبي
C290293,هل يمكن الحصول على فاتورة ضريبية للطلب #88954؟ رقم الطلب #37183.,payment_portal,2025-11-24 13:13:00,فوترة,محايد
C835647,مرحباً، كود الخصم لم يُطبَّق على الفاتورة رغم أنه ساري المفعول، المبلغ الإجمالي 250 ريال. طلبت عطر يوم السبت.,payment_portal,2025-11-24 16:35:48,فوترة,سلبي
C160437,جددوا لي الاشتراك بدون ما أوافق وسحبوا 499 ريال، رقم الطلب #23911 كلمتكم يوم الثلاثاء عن كتب والله شي يقهر!,payment_portal,2025-11-24 17:20:21,فوترة,سلبي
C254494,حكيتكن يوم الأربعاء عن حقيبة انسحب مني 250 مرتين على نفس الطلب,mobile_app,2025-11-24 18:41:33,تقني,سلبي
C824769,دي المرة الثانية يحصل كده اتخصم مني 750 جنيه مرتين على نفس الأوردر,payment_portal,2025-11-24 19:08:43,فوترة,سلبي
C830163,كيف أتتبع الشحنة رقم #45243؟ تواصلت معكم يوم الخميس بخصوص حذاء رياضي. المبلغ الإجمالي 750 ريال.,delivery_app,2025-11-24 19:37:08,توصيل,محايد
C429997,هذه المرة الثالثة التي يحدث فيها ذلك. هل يمكن الحصول على فاتورة ضريبية للطلب #46640؟,mobile_app,2025-11-24 22:56:28,فوترة,محايد
C124437,من بعد التحديث الجديد التطبيق ما عم يشتغل، طالب كتب يوم الأحد ما رح اتعامل معكن بعد اليوم,mobile_app,2025-11-25 15:04:29,تقني,سلبي
C670229,يا جماعة الطلبية وصلت ناقصة، حكيتكن يوم الأحد عن جوال,delivery_app,2025-11-25 20:57:15,توصيل,سلبي
C829030,الفاتورة واضحة ومفصلة، عمل ممتاز، المبلغ الإجمالي 199 ريال. رقم الطلب #83110.,payment_portal,2025-11-25 21:20:31,فوترة,إيجابي
C416893,السلام عليكم ما أقدر أسجل دخول والباسوورد صحيح، كلمتكم يوم الأربعاء عن شاشة المبلغ 250 ريال ما عاد أتعامل معكم,mobile_app,2025-11-26 02:26:02,تقني,سلبي
C174618,يا جماعة رقم الطلب #26585 ما عم يزبط معي سجل دخول مع إنو كلمة السر صح بدي حل بسرعة,mobile_app,2025-11-26 06:39:18,تقني,سلبي
C750819,مرحبا الفاتورة هالمرة كتير غالية وما حدا شرحلي ليش، وكمان التطبيق عم يسكّر لحالو كل شوي، هي المرة الخامسة بتصير هيك حكيتكن يوم الأربعاء عن مكنسة كهربائية,payment_portal,2025-11-26 09:21:24,فوترة,سلبي
C118189,كيف أتتبع الشحنة رقم #92221؟ هذه المرة الخامسة التي يحدث فيها ذلك.,delivery_app,2025-11-26 09:50:45,توصيل,محايد
C311798,رقم الطلب #80048 المبلغ 199 ريال انخصم مني 250 ريال مرتين على نفس الطلب,payment_portal,2025-11-26 12:29:42,فوترة,سلبي
C604968,رقم الأوردر #42723 عايز أكلم حد مسؤول,payment_portal,2025-11-26 14:37:40,فوترة,سلبي
C863951,الكوبون مااشتغلش والفلوس اتسحبت كاملة، الحساب كله 150 جــنيه,payment_portal,2025-11-26 19:00:20,فوترة,سلبي
C527501,الكوبون مااشتغلش والفلوس اتسحبت كاملة، الحساب كله 150 جــنيه,payment_portal,2025-11-26 19:00:20,فوترة,سلبي
C825094,ازيكُم بعت رسايل كتيرُ وُمحدش بيرد، وَأيضاً مكتوب إن الأوردر اتسلم وأناَ ماستلمِتُش حاَجْة عّايز حلِ بسرعة,call_center,2025-11-26 20:48:59,خدمة_عملاء,سلبي
C875492,السلام عليكم، تواصلت معكم يوم الأربعاء بخصوص ثلاجة. هل يمكن تغيير عنوان التوصيل للطلب #34167؟,delivery_app,2025-11-27 03:45:41,توصيل,محايد
C426976,لو سمحت كّود التفعيل مشْ بيوصْلَ خالص، كلمتكم يومّ اِلأربعاء عن أُلعاب أطفاُلِ,mobile_app,2025-11-27 05:59:43,تقني,سلبي
C630385,يا جُماعَة بْدي اْحكي مع حدا مسؤول,mobile_app,2025-11-27 09:35:32,تقني,سلبي
C521008,يا جماعة رقم الطلب #65080 التطبيق يطلعني برا كل ما أفتح الطلبات ما عاد أتعامل معكم,mobile_app,2025-11-27 10:37:44,تقني,سلبي
C994784,هل يمكن تغيير عنوان التوصيل للطلب #39353؟ رقم الطلب #63551. طلبت عطر يوم الجمعة.,delivery_app,2025-11-27 18:24:05,توصيل,محايد
C256408,تم تجديد الاشتراك تلقائياً دون موــافقتي وخصم 750 ريال، هذه المرة الخامسة التي يحدث فيها ذلك.,payment_portal,2025-11-27 18:34:14,فوترة,سلبي
C420518,لو سمحتو جددولي الاشتراك بدون ما اطلب وانسحب المبلغ، المبلغ 250 هي المرة الرابعة بتصير هيك بدي حل بسرعة,payment_portal,2025-11-27 22:17:08,فوترة,سلبي
C516850,لو سمحتم، كيف أتتبع الشحنة رقم #14744؟,delivery_app,2025-11-28 00:26:05,توصيل,محايد
C785649,السلام عليكم، الفاتورة واضحة ومفصلة، عمل ممتاز، المبلغ الإجمالي 320 ريال.,payment_portal,2025-11-28 09:24:43,فوترة,إيجابي
C964474,تم تجديد الاشتراك تلقائياً دون موافقتي وخصم 250 ريال، رقم الطلب #84385. تواصلت معكم يوم الثلاثاء بخصوص كتب.,payment_portal,2025-11-28 12:12:11,فوترة,سلبي
C498235,عايز أكلم حد مسؤول، الحساب كله 250 جنيه بجد حاجة تضايق!,mobile_app,2025-11-28 16:34:26,تقني,سلبي
C401470,ازيكم تجربة زفت بصراحة، كلمتكم يوم الأحد عن لابتوب,mobile_app,2025-11-28 19:15:54,تقني,سلبي
C520746,دي المرة الثالثة يحصل كده كلمتكم يوم الخميس عن كتب لسه المشكلة زي ما هي,web_form,2025-11-28 20:51:58,أخرى,سلبي
C693734,رقم الطلب #84802. كيف أفعّل التحقق بخطوتين؟ رقمي 0566967406,mobile_app,2025-11-29 11:29:05,تقني,محايد
C515922,عندي مَشكلُة من امباَرِح ومِحدْشْ حلهاِ، طاَلب شاِحُن يومُ السبت عايْزّ حلْ بسرعة,delivery_app,2025-11-29 13:01:49,توصيل,سلبي
C320555,مرحبِاًُ، تْمْ تجديد الاشترَاك تلقِائياً دون موَافقتي وخصم 750 ريِال، طلبت ثّلاجة يومُ الثلاثاء.,payment_portal,2025-11-29 18:01:36,فوترة,سلبي
C393005,رقم الطلب #25024 هذي المرة الثانية يصير كذا ما أقدر أسجل دخول والباسوورد صحيح,mobile_app,2025-11-29 19:22:05,تقني,سلبي
C338040,الكوبون مااشتغلش والفلوس اتسحبت كاملة، طالب مكنسة كهربائية يوم الثلاثاء كلمتكم يوم الأربعاء عن ساعة ذكية,payment_portal,2025-11-29 22:23:17,فوترة,سلبي
C735557,هذي المرة الرابعة يصير كذا راسلتكم أكثر من مرة ومحد رد علي,call_center,2025-11-30 13:32:54,خدمة_عملاء,سلبي
C106733,اتخصم مني 320 جنيه مرتين على نفس الأوردر,payment_portal,2025-11-30 19:03:21,فوترة,سلبي
C471401,لا أستطيع تسجيل الــدخول إلى حسابي رغم إدخال كلمة المرور الصحيحة، تواصلت معكم يوم الجمعة بخصوص شاشة. رقم الطلب #35485.,mobile_app,2025-11-30 19:15:51,تقني,سلبي
C226310,لا أستطيع تسجيل الــدخول إلى حسابي رغم إدخال كلمة المرور الصحيحة، تواصلت معكم يوم الجمعة بخصوص شاشة. رقم الطلب #35485.,mobile_app,2025-11-30 19:15:51,تقني,سلبي
C977540,مرحباً، أريد حذف حسابي وجميع بياناتي نهائياً، هذه المرة الثالثة التي يحدث فيها ذلك. رقم الطلب #54000. أرجو الحل بأسرع وقت.,web_form,2025-12-01 01:43:29,أخرى,سلبي
C354765,الحاجة وصلت مكسورة، دي المرة الرابعة يحصل كده الحساب كله 320 جنيه بجد حاجة تضايق!,delivery_app,2025-12-01 03:17:26,توصيل,سلبي
C577734,طلبيتي #80837 متأخرة 10 أيام ولسا ما وصلت، رقم الطلب #86100,delivery_app,2025-12-01 04:17:53,توصيل,سلبي
C969393,لو سمحتم، كيف أغيّر رقم الجوال المرتبط بالحساب؟ رقمي 0559062245,mobile_app,2025-12-01 04:29:05,تقني,محايد
C758639,5asamto mni el mablagh marten 3ala nafs el order order #34204,payment_portal,2025-12-01 07:26:08,فوترة,سلبي
C185338,الفاتورة واضحة ومفصلة، عمل ممتاز، هذه المرة الرابعة التي يحدث فيها ذلك.,payment_portal,2025-12-01 07:33:39,فوترة,إيجابي
C871834,يا جماعة من بعد التحديث الجديد التطبيق ما عم يشتغل، المبـــلغ 750 طالب حذاء رياضي يوم الخميس والله شي بيقهر! https://example.com/orders/59191,mobile_app,2025-12-01 10:51:55,تقني,سلبي
C232206,المبلغ الإجمالي 199 ريال. كيف أتتبع الشحنة رقم #44989؟,delivery_app,2025-12-01 11:07:20,توصيل,محايد
C599778,تجربة ما تنعاد، هذي المرة الرابعة يصير كذا ابي حل بسرعة,delivery_app,2025-12-01 14:42:46,توصيل,سلبي
C288362,يا جماعِةُ كلمتكم يوم الاثنينّ عنِ شاشة مكتوب إن الأوردرَ اتسلم وأنا ماستلمتُش حاجْةْ عايزْ حل بسْرعة,delivery_app,2025-12-01 16:25:33,توصيل,سلبي
C637155,ازيكم طالب ثلاجة يوم الثلاثاء كود التفعيل مش بيوصل خالص عايز حل بسرعة,mobile_app,2025-12-01 18:11:50,تقني,سلبي
C443695,هذي المرة الثانية يصير كذا طلبت طابعة يوم الأحد بعد التحديث الجديد التطبيق خربان والله شي يقهر!,mobile_app,2025-12-02 02:30:40,تقني,سلبي
C846833,الفاتورة هالمرة كتير غالية وما حدا شرحلي ليش، رقم الطلب #11672 حكيتكن يوم الخميس عن مكنسة كهربائية,payment_portal,2025-12-02 02:31:27,فوترة,سلبي
C841013,تواصلت معكم يوم الاثنين بخصوص ألعاب أطفال. استلمت المنتج مكسوراً والتـغليف سيئ,delivery_app,2025-12-02 06:58:29,توصيل,سلبي
C739001,رقم الطلب #23749. تم تسجيل الطلب كمستلم ولكنه لم يصلني سأضطر لإلغاء الاشتراك إن لم تُحل المشكلة.,delivery_app,2025-12-02 08:31:10,توصيل,سلبي
C177378,الخدمة واجد سيئة,mobile_app,2025-12-02 15:55:00,تقني,سلبي
C415521,هذه المرة الثانية التي يحدث فيها ذلك. كود الخصم لم يُطبَّق على الفاتورة رغم أنه ساري المفعول هذا غير مقبول إطلاقاً!,payment_portal,2025-12-03 00:49:34,فوترة,سلبي
C535051,استلمت المنتج مكسوراً والتغليف سيئ، المبلغ الإجمالي 250 ريال. هذا غير مقبول إطلاقاً!,delivery_app,2025-12-03 01:57:43,توصيل,سلبي
C818478,el mandoob ma etasal w rage3 el order order #62935,delivery_app,2025-12-03 02:52:05,توصيل,سلبي
C844993,لو سمحتم، هل يمكن الحصول على فاتورة ضريبية للطلب #31575؟ رقم الطلب #55570.,payment_portal,2025-12-03 09:33:04,فوترة,محايد
C280440,التطبيق عم يسكّر لحالو كل شوي، طالب سماعات يوم الثلاثاء هي المرة الرابعة بتصير هيك والله شي بيقهر!,mobile_app,2025-12-03 10:08:30,تقني,سلبي
C721512,يا جماعة رقم الأوردر #86739 دي المرة الثانية يحصل كده بعت رسايل كتير ومحدش بيرد,call_center,2025-12-03 13:01:38,خدمة_عملاء,سلبي
C543295,مش عارف أعمل لوجين والباسورد صح، رقم الأوردر #61221 بجد حاجة تضايق!,mobile_app,2025-12-03 13:41:59,تقني,سلبي
C864791,يا جــماعة المندوب ما اتصل فيني ورجّع الطلبية بدي حل بسرعة,delivery_app,2025-12-03 17:47:41,توصيل,سلبي
C748168,كيف أتتبع الشحنة رقم #78784؟ رقمي 0514311058,delivery_app,2025-12-03 23:29:13,توصيل,محايد
C914758,ازيكم الكوبون مااشتغلش والفلوس اتسحبت كاملة، دي المرة الثانية يحصل كده,payment_portal,2025-12-04 21:31:46,فوترة,سلبي
C602743,متى يتم إصدار الفاتورة الشهرية؟ تواصلت معكم يوم الاثنين بخصوص ثلاجة.,payment_portal,2025-12-05 02:37:10,فوترة,محايد
C149666,الحساب كله 499 جنيه اتخصم مني 499 جنيه مرتين على نفس الأوردر مش هتعامل معاكم تاني,payment_portal,2025-12-05 04:05:45,فوترة,سلبي
C709910,مرحباً، وصل الطلب قبل الموعد والتغليف ممتاز,delivery_app,2025-12-05 06:00:26,توصيل,إيجابي
C167597,رقم الطلب #59136. هل تتوفر خدمة التوصيل في نفس اليوم؟,delivery_app,2025-12-05 17:57:07,توصيل,محايد
C970188,هل يوجد رقم مباشر للتواصل مع مشرف؟ رقم الطلب #34261.,call_center,2025-12-05 18:17:50,خدمة_عملاء,محايد
C666233,الفاتورة هاْلمرة كتير غاليةْ وماّ حداّ شِرحلُي ليش، المبْلغ 499,payment_portal,2025-12-05 19:44:43,فوترة,سلبي
C786034,السلام عليكم الموظف كان أسلوبه مو زين وسكّر بوجهي، طلبت طابعة يوم الأحد ابي حل بسرعة,call_center,2025-12-06 08:14:08,خدمة_عملاء,سلبي
C298788,السلام عليكم، المبلغ الإجمالي 750 ريال. أين يقع مقركم الرئيسي؟,web_form,2025-12-07 05:25:25,أخرى,محايد
C908653,وصل الطلب قبل الموعد والتغليف ممتاز، رقم الطلب #75061. رقمي 0594602930,delivery_app,2025-12-07 07:48:40,توصيل,إيجابي
C830678,كود التحقق ما يوصلني والله شي يقهر!,mobile_app,2025-12-07 10:41:42,تقني,سلبي
C279564,دي المرة الثانية يحصل كده الحساب كله 250 جنيه تجربة زفت بصراحة,mobile_app,2025-12-07 11:47:04,تقني,سلبي
C168245,لوُ سمحتْ من ساّعة اُلتحديث الُجديدُ والأبلكْيشن وَاقْع، كلمتكم يوم الُخميِس عُن حذاء رياضي عَايز حل بسِرعة,mobile_app,2025-12-07 20:24:13,تقني,سلبي
C718748,لوُ سمحتْ من ساّعة اُلتحديث الُجديدُ والأبلكْيشن وَاقْع، كلمتكم يوم الُخميِس عُن حذاء رياضي عَايز حل بسِرعة,mobile_app,2025-12-07 20:24:13,تقني,سلبي
C174238,هل يِمْكن الحصول علىّ فاتورة ضريبيةْ للطْلبُ #40633؟ هَذِه اــُـّلمرُة الثانية اُلتي يحدث فيِها ذلك. المبَلغ الإجمالي 320 ريال.,payment_portal,2025-12-08 02:54:56,فوترة,محايد
C410629,تواصلت معكم يوم الجمعة بخصوص شاشة. طلبت شاشة يوم الاثنين. كيف أغيّر رقم الجوال المرتبط بالحساب؟,mobile_app,2025-12-08 04:49:21,تقني,محايد
C289020,السلام عليكم، هل يدعم التطبيق الأجهزة القديمة؟ المبلغ الإجمالي 150 ريال.,mobile_app,2025-12-08 08:01:03,تقني,محايد
C570511,طالب ساعة ذكية يوم الثلاثاء كلمتكم يوم الجمعة عن نظارة شمسية الأوردر #10347 متأخر 8 أيام ولسه ماوصلش,delivery_app,2025-12-08 10:23:21,توصيل,سلبي
C759994,لو سمحتو رمز التحقق ما عم يوصلني، طالب شاشة يوم الخميس ما رح اتعامل معكن بعد اليوم,mobile_app,2025-12-08 13:26:22,تقني,سلبي
C635961,الخدمة كتير سيئة، طالب ثلاجة يوم الخميس بدي حل بسرعة,payment_portal,2025-12-08 13:32:58,فوترة,سلبي
C938821,طلبت شاشة يوم السبت من 9 أيام طالب استرجاع فلوسي وللحين ما وصلت والله شي يقهر!,payment_portal,2025-12-08 14:04:12,فوترة,سلبي
C193766,لو سمحتو حكيتكن يوم السبت عن حقيبة ما عم يزبط معي سجل دخول مع إنو كلمة السر صح,mobile_app,2025-12-08 14:20:28,تقني,سلبي
C155249,كلمتكم يوم الثلاثاء عن كتب الأوردر #77641 متأخر 13 أيام ولسه ماوصلش مش هتعامل معاكم تاني رقمي 0534009808,delivery_app,2025-12-09 05:58:21,توصيل,سلبي
C413254,يا جماعة هذي المرة الخامسة يصير كذا كلمتكم يوم الخميس عن جوال من 5 أيام طالب استرجاع فلوسي وللحين ما وصلت ما عاد أتعامل معكم,mobile_app,2025-12-09 10:13:09,تقني,سلبي
C532991,رقم الطلب #70590 الطلب وصل ناقص غرض ما عاد أتعامل معكم,delivery_app,2025-12-09 18:10:28,توصيل,سلبي
C829038,الحساب كله 499 جنيه دي المرة الثانية يحصل كده اتخصم مني 750 جنيه مرتين على نفس الأوردر,payment_portal,2025-12-09 19:27:09,فوترة,سلبي
C747922,يا جماعة الموظف كان أسلوبه وحش وقفل السكة في وشي بجد حاجة تضايق!,call_center,2025-12-09 21:43:38,خدمة_عملاء,سلبي
C312201,السلام عليكم، كيف أتتبع الشحنة رقم #58972؟ رقم الطلب #21424.,delivery_app,2025-12-10 00:26:46,توصيل,محايد
C504869,مرحبا انسحب مني 250 مرتين على نفس الطلب، هي المرة الرابعة بتصير هيك حكيتكن يوم الأربعاء عن كتب واــــلله شي بيقهر!,payment_portal,2025-12-10 03:55:09,فوترة,سلبي
C657132,السلام عليكم راسلتكم أكثر من مرة ومحد رد علي، المبلغ 750 ريال ابي حل بسرعة,call_center,2025-12-10 09:20:06,خدمة_عملاء,سلبي
C356196,السلام عليكم طلبي #96386 متأخر 2 أيام وللحين ما وصل، كلمتكم يوم الاثنين عن شاشة رقم الطلب #74925,delivery_app,2025-12-10 09:52:44,توصيل,سلبي
C408293,السلام عليكم، تم استرجاع المبلغ بسرعة، شكراً لكم، تواصلت معكم يوم الأربعاء بخصوص سماعات. رقم الطلب #45621. https://example.com/orders/48508,payment_portal,2025-12-10 15:06:19,فوترة,إيجابي
C578219,يا جماعة رقم الطلب #62130 انخصم مني 150 ريال مرتين على نفس الطلب,payment_portal,2025-12-10 15:45:21,فوترة,سلبي
C990478,شكراً على سرعة الرد والتعامل الراقي، هذه المرة الخامسة التي يحدث فيها ذلك.,call_center,2025-12-10 16:26:53,خدمة_عملاء,إيجابي
C748914,الفاتورة واضحة ومفصلة، عمل ممتاز، رقم الطلب #26631.,payment_portal,2025-12-10 16:56:47,فوترة,إيجابي
C237516,كود التحقق ما يوصلني، المبلغ 99 ريال,mobile_app,2025-12-10 17:33:08,تقني,سلبي
C936982,لو سمحتو الغرض وصل مكسور، حكيتكن يوم الأربعاء عن ألعاب أطفال ما رح اتعامل معكن بعد اليوم,call_center,2025-12-10 23:12:48,خدمة_عملاء,سلبي
C676260,هلا المبلغ 99 ريال انخصم مني 199 ريال مرتين على نفس الــطلب ابي حل بسرعة,payment_portal,2025-12-11 02:18:18,فوترة,سلبي
C974384,أحتاج مساعدة عاجلة من فضلكم، رقم الطلب #19333. المبلغ الإجمالي 750 ريال. هذا غير مقبول إطلاقاً!,payment_portal,2025-12-11 08:38:17,فوترة,سلبي
C356775,يا جماعة الحاجة وصلت مكسورة، كلمتكم يوم الأحد عن لابتوب طالب قهوة يوم الأحد بجد حاجة تضايق!,delivery_app,2025-12-11 08:45:50,توصيل,سلبي
C272747,يا جماعة رقم الطلب #87954 كلمتكم يوم السبت عن كرسي مكتب تجربة ما تنعاد,call_center,2025-12-11 12:49:23,خدمة_عملاء,سلبي
C757089,كيف أغيّر طريقة الدفع المسجلة في حسابي؟ طلبت كرسي مكتب يوم الأحد.,payment_portal,2025-12-11 13:39:37,فوترة,محايد
C999792,كلمتكم يوم الخميس عن عطر رقم الطلب #13375 الطلب وصل نـاقص غرض https://example.com/orders/48300,delivery_app,2025-12-11 15:00:10,توصيل,سلبي
C947252,كيف أتتبع الشحنة رقم #53079؟ المبلغ الإجمالي 150 ريال. تواصلت معكم يوم الاثنين بخصوص خلاط.,delivery_app,2025-12-11 19:06:40,توصيل,محايد
C103898,كيف أغيّر طريقة الدفع المسجلة في حسابي؟ هذه المرة الثالثة التي يحدث فيها ذلك.,payment_portal,2025-12-11 19:18:29,فوترة,محايد
C691321,أبي أكلم مسؤول لو سمحتوا، طلبت خلاط يوم الأربعاء ما عاد أتعامل معكم,payment_portal,2025-12-11 19:43:52,توصيل,سلبي
C112957,مرحباً، تواصلت معكم يوم السبت بخصوص حقيبة. تم استرجاع المبلغ بسرعة، شكراً لكم,payment_portal,2025-12-12 00:44:22,فوترة,إيجابي
C883316,يا جماعة الموظف كان أسـلوبه وحش وقفل السكة في وشي، دي المرة الخامسة يحصل كده طالب خلاط يوم الجمعة عايز حل بسرعة,call_center,2025-12-12 00:52:20,خدمة_عملاء,سلبي
C881729,هذي المرة الرابعة يصير كذا انخصم مني 49 ريال مرتين على نفس الطلب,payment_portal,2025-12-12 01:25:42,فوترة,سلبي
C333859,يا جماعة طلبي #90772 متأخر 7 أيام وللحين ما وصل، رقم الطلب #65672,delivery_app,2025-12-12 07:49:18,توصيل,سلبي
C860682,كيف أفعّل التحقق بخطوتين؟ المبلغ الإجمالي 199 ريال.,mobile_app,2025-12-12 07:56:58,تقني,محايد
C577376,الأوردر #98328 متأخر 11 أيام ولسه ماوصلش، رقم الأوردر #65457 الحساب كله 150 جنيه مش هتعامل معاكم تاني,delivery_app,2025-12-12 10:58:51,توصيل,سلبي
C467452,بعتتلكن كذا رسالة وما حدا رد,payment_portal,2025-12-12 12:23:29,فوترة,سلبي
C956183,بعت رسايل كتير ومحدش بيرد، كلمتكم يوم الأحد عن مكنسة كهربائية بجد حاجة تضايق!,payment_portal,2025-12-12 14:41:54,فوترة,سلبي
C776965,رقم الطلب #46398. شكراً على سرعة الرد والتعامل الراقي,call_center,2025-12-12 15:17:33,خدمة_عملاء,إيجابي
C243260,لو سمحتم، المندوب كان محترماً ودقيقاً في الموعد,delivery_app,2025-12-12 16:26:03,توصيل,إيجابي
C573779,دي المرة الثالثة يحصل كده طالب كتب يوم الخميس اتخصم مني 320 جنيه مرتين على نفس الأوردر بجد حاجة تضايق!,payment_portal,2025-12-12 16:40:26,فوترة,سلبي
C521283,السلام عليكم طلبي #66387 متأخر 14 أيام وللحين ما وصل، رقم الطلب #59227 والله شي يقهر!,delivery_app,2025-12-12 16:42:32,توصيل,سلبي
C193106,السلام عليكم، وصل الطلب قبل الموعد والتغليف ممتاز https://example.com/orders/43359,delivery_app,2025-12-12 18:34:10,توصيل,إيجابي
C351912,هذه المرة الخامسة التي يحدث فيــها ذلك. هل لديكم برنامج ولاء أو نقاط؟,web_form,2025-12-13 03:14:39,أخرى,محايد
C985658,السلام عليكم، موظف خدمة العملاء كان غير متعاون وأغلق المكالمة، رقم الطلب #26541.,call_center,2025-12-13 04:10:59,خدمة_عملاء,سلبي
C326152,هلا أبي أكلم مسؤول لو سمحتوا، كلمتكم يوم الأربعاء عن شاحن المبلغ 499 ريال والله شي يقهر!,delivery_app,2025-12-13 08:01:32,توصيل,سلبي
C383877,تجْربة زفت بصرْاحة، كْلمِتُكُم يومَ اّلثلاِثاء عن كرسي مكتب مش هتعاَمل معاكم تاني,payment_portal,2025-12-13 08:16:47,فوترة,سلبي
C877748,لو سمحت عندي مشكلة من امبارح ومحدش حلها، كلمتكم يوم الخميس عن خلاط رقم الأوردر #46185 بجد حاجة تضايق!,payment_portal,2025-12-13 12:24:04,فوترة,سلبي
C540127,هلا رقم الطلب #73461 التطبيق يطلعني برا كل ما أفتح الطلبات,mobile_app,2025-12-13 14:09:41,تقني,سلبي
C582390,مرحباً، متى يتم إصدار الفاتورة الشهرية؟ المبلغ الإجمالي 199 ريال.,payment_portal,2025-12-13 16:20:48,فوترة,محايد
C360004,لسا المشكلة متل ما هي، طالب لابتوب يوم الثلاثاء,delivery_app,2025-12-13 17:30:12,توصيل,سلبي
C957767,رقم الطلب #72888. تم تسجيل الطلب كمستلم ولكنه لم يصلني,delivery_app,2025-12-13 17:30:43,توصيل,سلبي
C502359,السلام عليكم، رقم الطلب #18443. طلبت ألعاب أطفال يوم الجمعة. كيف أغيّر طريقة الدفع المسجلة في حسابي؟ https://example.com/orders/15808,payment_portal,2025-12-13 23:52:48,فوترة,محايد
C728980,السلام عليكم، شكراً لفريق الدعم الفــــني على حل مشكلة تسجيل الدخول,mobile_app,2025-12-14 02:44:17,تقني,إيجابي
C307561,هلا انخصم مني 49 ريال مرتين على نفس الطلب,payment_portal,2025-12-14 10:25:09,فوترة,سلبي
C942623,مرحباً، هل تتوفر خدمة التوصيل في نفس اليوم؟,delivery_app,2025-12-14 13:04:16,توصيل,محايد
C530858,كيف أتتبع الشحنة رقم #65594؟ هذه المرة الرابعة التي يحدث فيها ذلك.,delivery_app,2025-12-14 19:59:48,توصيل,محايد
C771825,الفاتورة هالمرة كتير غالية وما حدا شرحلي ليش، وأيضاً ما عم يزبط معي سجل دخول مع إنو كلمة السر صح، المبلغ 320 حكيتكن يوم الاثنين عن مكنسة كهربائية بدي حل بسرعة,payment_portal,2025-12-14 21:46:58,فوترة,سلبي
C965025,كيف  أتتبع الشحنة رقم #65594؟ هذه المرة الرابعة التي يحدث فيها ذلك.,delivery_app,2025-12-14 22:29:48,توصيل,محايد
C194698,عندي مشكلة من مبارح وما حدا حلّها، طالب ثلاجة يوم الثلاثاء,call_center,2025-12-14 22:52:44,خدمة_عملاء,سلبي
C639956,مرحباً، هذه المرة الثانية التي يحدث فيها ذلك. متى يتم إصدار الفاتورة الشهرية؟,payment_portal,2025-12-15 02:07:46,فوترة,محايد
C606182,لو سمحتم، موظف خدمة العملاء كان غير متعاون وأغلق المكالمة، تواصلت معكم يوم الجمعة بخصوص عطر. هذه المرة الثانية التي يحدث فيها ذلك. سأضطر لإلغاء الاشتراك إن لم تُحل المشكلة.,call_center,2025-12-15 05:15:41,خدمة_عملاء,سلبي
C243277,يا جماعة كلمتكم يوم الجمعة عن كرسي مكتب من 8 أيام طالب استرجاع فلوسي وللحين ما وصلت,delivery_app,2025-12-15 05:21:53,توصيل,سلبي
C562176,يا جماعة مكـــتوب إن الأوردر اتسلم وأنا ماستلمتش حاجة، طالب عطر يوم الجمعة كلمتكم يوم الثلاثاء عن ساعة ذكية,delivery_app,2025-12-15 07:46:04,توصيل,سلبي
C484693,هذه المرة الثالثة التي يحدث فيها ذلك. تم خصم مبلغ 49 ريال من حسابي مرتين لنفس الطلب https://example.com/orders/65957,payment_portal,2025-12-15 09:53:47,فوترة,سلبي
C337723,السلام عليكم أبي أكلم مسؤول لو سمحتوا ابي حل بسرعة,mobile_app,2025-12-16 03:07:56,تقني,سلبي
C915332,لو سمحت رقم الأوردر #39253 بقالي 5 أيام مستني فلوسي ترجع ومفيش حاجة https://example.com/orders/80235,web_form,2025-12-16 13:04:04,أخرى,سلبي
C433075,حكيتكن يوم السبت عن كتب جددولي الاشتراك بدون ما اطلب وانسحب المبلغ,payment_portal,2025-12-16 13:39:05,فوترة,سلبي
C498058,   ,delivery_app,2025-12-16 22:03:45,تقني,سلبي
C285357,شكراً لفريق الدعم الفني على حل مشكلة تسجيل الدخول، طلبت شاحن يوم الثلاثاء.,mobile_app,2025-12-17 00:13:21,تقني,إيجابي
C430718,يا جماعة هذي المرة الثانية يصير كذا الطلب وصل ناقص غرض ابي حل بسرعة,delivery_app,2025-12-17 03:30:43,توصيل,سلبي
C662993,حكيُتْكن يوم الاثنيُن عن شُاُحنِ المندوب مُا اتَصِل فيني وِرجّعَ الطلبية رقمْي 0576712305,delivery_app,2025-12-17 10:18:18,توصيل,سلبي
C913358,يا جماعة دي المرة الثانية يحصل كده الفاتورة المرة دي غالية جداً ومش فاهم ليه https://example.com/orders/56651,payment_portal,2025-12-17 11:49:50,فوترة,سلبي
C914891,طلبيتي #85924 متأخرة 14 أيام ولسا ما وصلت ما رح اتعامل معكن بعد اليوم,call_center,2025-12-17 12:55:13,خدمة_عملاء,سلبي
C941252,يا جماعة للحين المشكلة ما انحلت,payment_portal,2025-12-17 13:22:51,فوترة,سلبي
C764305,ازيكم الأبلكيشن بيقفل لوحده كل شوية، رقم الأوردر #35710 كلمتكم يوم الجمعة عن شاحن مش هتعامل معاكم تاني,mobile_app,2025-12-17 13:39:02,تقني,سلبي
C867506,ازيكم  الأبلكيشن بيقفل لوحده كل شوية، رقم الأوردر #35710 كلمتكم يوم الجمعة عن شاحن مش هتعامل معاكم تاني,mobile_app,2025-12-17 13:53:02,تقني,سلبي
C547058,تواصلت معكم يوم السبت بخصوص لابتوب. ما هي ساعات عمل خدمة العملاء؟,call_center,2025-12-17 14:02:54,خدمة_عملاء,محايد
C572426,مرحباً، المبلغ الإجمالي 199 ريال. تواصلت معكم يوم الثلاثاء بخصوص حقيبة. هل يمكن الحصول على فاتورة ضريبية للطلب #76981؟,payment_portal,2025-12-17 14:48:11,فوترة,محايد
C447470,مرحباً، المبلغ الإجمالي 199 ريال. تواصلت معكم يوم الثلاثاء بخصوص حقيبة. هل يمكن الحصول على فاتورة ضريبية للطلب #76981؟,payment_portal,2025-12-17 14:48:11,فوترة,محايد
C701917,لو سمحتم، كيف أغيّر طريقة الدفع المسجلة في حسابي؟ هذه المرة الرابعة التي يحدث فيها ذلك. المبلغ الإجمالي 750 ريال.,payment_portal,2025-12-17 17:50:57,فوترة,محايد
C525290,كود التحقق ما يوصلني,mobile_app,2025-12-17 19:41:30,تقني,سلبي
C128652,السلام عليكم، الفاتورة واضحة ومفصلة، عمل ممتاز، طلبت ثلاجة يوم الأحد. المبلغ الإجمالي 150 ريال.,payment_portal,2025-12-17 21:58:41,فوترة,إيجابي
C665602,السلام عليكم، المبلغ الإجمالي 750 ريال. تواصلت معكم يوم الأحد بخصوص كتب. الفاتورة الأخيرة أعلى بكثير من المعتاد دون أي توضيح,mobile_app,2025-12-17 23:42:11,فوترة,سلبي
C427859,كلمتكم يوم الثلاثاء عن طابعة انتظرت ساعة على الخط ومحد رد ما عاد أتعامل معكم,call_center,2025-12-18 03:24:12,خدمة_عملاء,سلبي
C184064,المبلغ 750 ريال التطبيق يطلعني برا كل ما أفتح الطلبات,mobile_app,2025-12-18 08:35:42,تقني,سلبي
C627911,لو سمحتم، هل تتوفر خدمة التوصيل في نفس اليوم؟ طلبت شاحن يوم الجمعة.,delivery_app,2025-12-18 10:07:40,توصيل,محايد
C626393,لو سمحتو طالب حقيبة يوم الثلاثاء الفاتورة هالمرة كتير غالية وما حدا شرحلي ليش,payment_portal,2025-12-18 10:44:52,فوترة,سلبي
C468490,لو سمحتو بدي احكي مع حدا مسؤول، رقم الطلب #84736 طالب خلاط يوم الاثنين,mobile_app,2025-12-18 11:03:36,توصيل,سلبي
C537560,هل تتوفر خدمة التوصيل في نفس اليوم؟ تواصلت معكم يوم السبت بخصوص لابتوب.,delivery_app,2025-12-18 13:47:16,توصيل,محايد
C754320,يا جماعة انسحب مني 320 مرتين على نفس الطلب، المبلغ 150 والله شي بيقهر!,payment_portal,2025-12-18 15:57:49,فوترة,سلبي
C577031,الفاتورة واضحة ومفصلة، عمل ممتاز، رقم الطلب #40382.,payment_portal,2025-12-18 17:16:12,فوترة,إيجابي
C352122,السلام عليكم ما أقدر أسجل دخول والباسوورد صحيح، كلمتكم يوم الأربعاء عن قهوة رقمي 0520051611,mobile_app,2025-12-18 19:23:25,تقني,سلبي
C890295,هلا ما أقدر أسجل دخول والباسوورد صحيح، طلبت خلاط يوم الخميس ابي حل بسرعة,mobile_app,2025-12-18 21:56:12,تقني,سلبي
C665950,تم خصم مبلغ 320 ريال من حسابي مرتين لنفس الطلب، رقم الطلب #67585.,payment_portal,2025-12-18 22:13:49,فوترة,سلبي
C743766,رقم الأوردر #60546 الحساب كله 499 جنيه بقالي 13 أيام مستني فلوسي ترجع ومفيش حاجة,mobile_app,2025-12-19 09:43:00,تقني,سلبي
C898561,السلام عليكم، تجربتي معكم كانت مخيبة للآمال، رقم الطلب #14981. سأضطر لإلغاء الاشتراك إن لم تُحل المشكلة.,delivery_app,2025-12-19 21:55:22,توصيل,سلبي
C657898,لو سمحتو طالب قهوة يوم الأحد بدي احكي مع حدا مسؤول بدي حل بسرعة,payment_portal,2025-12-19 23:12:38,فوترة,سلبي
C759517,الموظفْ كان أسلوَبه وْحش وقفل الّسكة في وشيِ، كلمْتكمُ يوم الأحد عنّ شاّشةْ عايِز حِل بسرعْةُ,call_center,2025-12-20 02:37:29,خدمة_عملاء,سلبي
C235074,تم تجديد الاشتراك تلقائياً دون موافقتي وخصم 199 ريال، هذه المرة الخامسة التي يحدث فيها ذلك. المبلغ الإجمالي 99 ريال. أرجو الحل بأسرع وقت.,payment_portal,2025-12-20 02:47:02,فوترة,سلبي
C696306,المبلغ الإجمالي 750 ريال. تواصلت مـعكم يوم الاثنين بخصوص سماعات. كيف أتتبع الشحنة رقم #89062؟ https://example.com/orders/42960,delivery_app,2025-12-20 11:58:46,توصيل,محايد
C764622,المندوب ما اتصل ورجع الطلب والله شي يقهر!,delivery_app,2025-12-20 12:14:01,توصيل,سلبي
C687364,متى يتم إصدار الفاتورة الشهرية؟ طلبت ألعاب أطــفال يوم الجمعة. رقم الطلب #48224.,payment_portal,2025-12-20 22:01:58,فوترة,محايد
C429822,المبلغ 150 لسا المشكلة متل ما هي,payment_portal,2025-12-21 02:38:27,فوترة,سلبي
C267151,مش عارف أعمل لوجين والباسورد صح بجد حاجة تضايق!,mobile_app,2025-12-21 05:57:22,تقني,سلبي
C386251,مرحباً، هل لديكم وظائف شاغرة في قسم التسويق رقــمي 0540480885,web_form,2025-12-21 08:42:55,أخرى,سلبي
C355741,مرحباً، هل يدعم التطبيق الأجهزة القديمة؟ رقم الطلب #87353.,mobile_app,2025-12-21 09:19:04,تقني,محايد
C969446,ما أقدر أسجل دخول والباسوورد صحيح، طلبت لابتوب يوم الخميس هذي المرة الثانية يصير كذا,mobile_app,2025-12-21 14:35:42,تقني,سلبي
C919300,فضلت مستني على التليفون ساعة ومحدش رد بجد حاجة تضايق!,mobile_app,2025-12-21 16:04:53,تقني,سلبي
C862814,لو سمحتو حكيتكن يوم الجمعة عن خلاط رقم الطلب #77020 المندوب ما اتصل فيني ورجّع الطلبية,delivery_app,2025-12-21 17:34:25,توصيل,سلبي
C725514,الموظف كان أسلوبو مش منيح وسكّر الخط، هي المرة الثانية بتصير هيك ما رح اتعامل معكن بعد اليوم رقمي 0583012363,call_center,2025-12-21 22:40:38,خدمة_عملاء,سلبي
C573664,لو سمحتو طلبيتي #37328 متأخرة 13 أيام ولسا ما وصلت، وفوق هذا رمز التحقق ما عم يوصلني، طالب مكنسة كهربائية يوم السبت المبلغ 250,delivery_app,2025-12-22 03:25:30,توصيل,سلبي
C544192,مرحباً، هل يمكن الحصول على فاتورة ضريبية للطلب #34307؟ رقم الطلب #85558.,payment_portal,2025-12-22 05:09:59,فوترة,محايد
C940251,دي المرة الرابعة يحصل كده كلمتكم يوم الأحد عن قهوة كود التفعيل مش بيوـصل خالص عايز حل بسرعة,mobile_app,2025-12-22 10:15:27,تقني,سلبي
C297035,دي المّرة الُرّابعَة يُحَصل كُده كلمتكم يوم اْلأحِد عَنِ قهّوة كَود التفعيل مُش بيوـصّل خالص عايز حل بْسِرعة,mobile_app,2025-12-22 11:13:27,تقني,سلبي
C462570,السلام عليكم، كيف أغيّر رقم الجوال المرتبط بالحساب؟ المبلغ الإجمالي 750 ريال.,mobile_app,2025-12-22 15:21:51,تقني,محايد
C794654,التطبيق يطلعني برا كل ما أفتح الطلبات، رقم الطلب #77668 كلمتكم يوم الأربعاء عن عطر والله شي يقهر!,mobile_app,2025-12-22 16:32:42,تقني,سلبي
C243674,هلا هذي المرة الثانية يصير كذا الموظف كان أسلوبه مو زين وسكّر بوجهي ما عاد أتعامل معكم,whatsapp,2025-12-22 17:45:32,خدمة_عملاء,سلبي
C296044,مرحبا رقم الطلب #92991 المندوب ما اتصل فيني ورجّع الطلبية، وفوق هذا رمز التحقق ما عم يوصلني ما رح اتعامل معكن بعد اليوم,delivery_app,2025-12-22 21:48:13,توصيل,سلبي
C687112,المبلغ الإّجماليْ 320 رُيال. هل يدعم التطبيق الأجهَزة القديمة؟,mobile_app,2025-12-23 00:18:34,تقني,محايد
C421880,هل يمكن تغيير عنوان التوصيل للطلب #69798؟ رقم الطلب #67395.,delivery_app,2025-12-23 01:08:13,توصيل,محايد
C559987,طلبت جوال يوم الخميس. الفاتورة الأخيرة أعلى بكثير من المعتاد دون أي توضيح أرجو الحل بأسرع وقت.,payment_portal,2025-12-23 03:35:06,فوترة,سلبي
C561587,جددوا لي الاشتراك بدون ما أوافق وسحبوا 499 ريال، وأيضاً راسلتكم أكثر من مرة ومحد رد علي، المبلغ 250 ريال ابي حل بسرعة,payment_portal,2025-12-23 08:07:10,فوترة,سلبي
C499646,لدي مشكلة منذ أمس ولم يحلها أحد، تواصلت معكم يوم السبت بخصوص قهوة. سأضطر لإلغاء الاشتراك إن لم تُحل المشكلة.,delivery_app,2025-12-23 11:41:32,توصيل,سلبي
C950021,يا جماعة هي المرة الثانية بتصير هيك جددولي الاشتراك بدون ما اطلب وانسحب المبلغ بدي حل بسرعة,payment_portal,2025-12-23 15:07:05,فوترة,سلبي
C959661,السلام عليكم، كيف أتتبع الشحنة رقم #22403؟ المبلغ الإجمالي 99 ريال.,delivery_app,2025-12-23 23:39:35,توصيل,محايد
C376253,رقم الطلب #18497 ضليت ناطر ع التلفون ساعة وما حدا رد رقمي 0571618857,call_center,2025-12-24 02:28:42,خدمة_عملاء,سلبي
C120614,رقم الطلب #18497 ضليت ناطر ع التلفون ساعة وما حدا رد رقمي 0571618857,call_center,2025-12-24 02:28:42,خدمة_عملاء,سلبي
C472563,لو سمحتو هي المرة الخامسة بتصير هيك طالب شاحن يوم الثلاثاء يا ريت تضيفو الدفع عند الاستلام,web_form,2025-12-24 03:40:58,أخرى,سلبي
C819253,رقم الطلب #18497 ضليت ناطر ع التلفون ساعة وما حدا رد رقمي 0571618857!!,call_center,2025-12-24 04:20:42,خدمة_عملاء,سلبي
C351199,طلبت ثلاجة يوم الأحد. هل يمكن الحصول على فاتورة ضريبية للطلب #15199؟,web_form,2025-12-24 04:48:06,فوترة,محايد
C707007,طلبي #98112 متأخر 4 أيام وللحين ما وصل,delivery_app,2025-12-24 09:00:15,توصيل,سلبي
C188085,من 10 أيام طالب استرجاع فلوسي وللحين ما وصلت والله شي يقهر!,payment_portal,2025-12-24 10:58:31,فوترة,سلبي
C737753,ازيكم فضلت مستني على التليفون ساعة ومحدش رد، دي المرة الخامسة يحصل كده,call_center,2025-12-24 12:21:18,خدمة_عملاء,سلبي
C383945,هذه المرة الرابعة التي يحدث فيها ذلك. رقم الـطلب #36603. كيف أفعّل التحقق بخطوتين؟,mobile_app,2025-12-24 13:09:22,تقني,محايد
C693104,السلام عليكم هذي المرة الرابعة يصير كذا المبلغ 49 ريال جددوا لي الاشتراك بدون ما أوافق وسحبوا 49 ريال والله شي يقهر!,payment_portal,2025-12-24 16:12:11,فوترة,سلبي
C945522,السلام عليكم هذي المرة الرابعة يصير كذا المبلغ 49 ريال جددوا لي الاشتراك بدون ما أوافق وسحبوا 49 ريال والله شي يقهر!,payment_portal,2025-12-24 16:12:11,فوترة,سلبي
C793528,يا جماعة التطبيْق عم يسكّر لحاَلو كل شوي، اـّلْمبلغ 199 رقُم الطلب #61879 والله شيَ بيقهرّ!,mobile_app,2025-12-24 20:52:53,تقني,سلبي
C790409,لو سمحتو الموظف كان أسلوبو مش منيح وسكّر الخط، طالب شاشة يوم الثلاثاء,call_center,2025-12-24 22:51:20,خدمة_عملاء,سلبي
C411217,اتخصم مني 499 جنيه مرتين على نفس الأوردر، الحساب كله 150 جنيه مش هتعامل معاكم تاني,payment_portal,2025-12-24 23:54:10,فوترة,سلبي
C563767,ما هي ساعات عمل خدمة العملاء؟ رقم الطلب #47272. طلبت خلاط يوم الجمعة.,call_center,2025-12-25 07:09:57,خدمة_عملاء,محايد
C522440,ازيكم اتخصم مني 150 جنيه مرتين على نفس الأوردر، كلمتكم يوم الاثنين عن كرسي مكتب عايز حل بسرعة,payment_portal,2025-12-25 10:15:41,فوترة,سلبي
C703260,أقترح إضافة خيار الدفع عند الاستلام، وأيضاً موظف خدمة العملاء كان غير متعاون وأغلق المكالمة، المبلغ الإجمالي 99 ريال. سأضطر لإلغاء الاشتراك إن لم تُحل المشكلة.,payment_portal,2025-12-25 15:14:21,فوترة,سلبي
C159321,أبي أكلم مسؤول لو سمحتوا، هذي المرة الثالثة يصير كذا ابي حل بسرعة,mobile_app,2025-12-25 17:47:46,تقني,سلبي
C629750,السلاِم عليكم اْلفاتَورة هالشهر واجد غْالية وِمَا أدرَي لِيش، هذَي اُلمرة الخاّمسِة يصير كذا,payment_portal,2025-12-25 18:15:24,فوترة,سلبي
C652616,مرحبا عندي مشكلة من مبارح وما حدا حلّها، المبلغ 49,delivery_app,2025-12-25 19:15:08,توصيل,سلبي
C872743,مرحباً، هل يـمكن تغيير عنوان التوصيل للطلب #73627؟,delivery_app,2025-12-25 20:56:33,توصيل,محايد
C361793,السلام عليكم هذي المرة الثالثة يصير كذا طلبت ألعاب أطفال يوم الأربعاء بعد التحديث الجديد التطبيق خربان ما عاد أتعامل معكم https://example.com/orders/95364,mobile_app,2025-12-26 02:47:43,تقني,سلبي
C924360,السلام عليكم، المبلغ الإجمالي 750 ريال. تواصلت معكم يوم الأحد بخصوص مكنسة كهربائية. ما هي ساعات عمل خدمة العملاء؟,call_center,2025-12-26 06:35:17,خدمة_عملاء,محايد
C667898,رقم الطلِب #84567. كيف أتتبع الشُحنة رقم #20336؟,delivery_app,2025-12-26 13:21:21,توصيل,محايد
C770803,لو سمحتم، تم خصم مبلغ 99 رــــيال من حسابي مرتين لنفس الطلب، تواصلت معكم يوم الاثنين بخصوص مكنسة كهربائية. أرجو الحل بأسرع وقت.,payment_portal,2025-12-26 13:35:32,فوترة,سلبي
C521798,السلام عليكم التطبيق يطلعني برا كل ما أفتح الطلبات، كلمتكم يوم السبت عن حقيبة ما عاد أتعامل معكم,mobile_app,2025-12-26 19:14:58,تقني,سلبي
C797341,عندي مشكلة من مِبارح ومْاَ حداّ حلّها، رقمَ الطلب #29388 والله شي بيقهر!,payment_portal,2025-12-26 21:40:22,فوترة,سلبي
C305576,يا جماعِة مش عْارف أعمل لْوجين والباسِورد صح، الحساب كله 250 جنيه,call_center,2025-12-26 23:19:10,خدمة_عملاء,سلبي
C323915,تأخر وصول الطلب رقم #53501 أكثر من 4 أيام عن الموعد المحدد، طلبت شاشة يوم الثلاثاء. أرجو الحل بأسرع وقت.,delivery_app,2025-12-26 23:37:31,توصيل,سلبي
C597046,مرحباً، كيف أتتبع الشحنة رقم #11252؟ طلبت سماعات يوم الأحد.,delivery_app,2025-12-27 01:05:42,توصيل,محايد
C899237,السلِام علّيكْم، هل يدعم التَطبيَق الأجهزة القديمة؟ تواصلت مْعِكمْ يومُ الاثنين بخصوص شاحن.,mobile_app,2025-12-27 10:12:13,تقني,محايد
C553345,لو سمحتم، كيف أفعّل التحقق بخطوتين؟ طلبت جوــــال يوم الأربعاء. المبلغ الإجمالي 49 ريال.,mobile_app,2025-12-27 21:35:17,تقني,محايد
C659644,المبلغ 320 ضليت ناطر ع التلفون ساعة وما حدا رد,call_center,2025-12-28 02:42:02,خدمة_عملاء,سلبي
C211936,المبلغ الإجمالي 150 ريال. هل يدعم التطبيق الأجهزة القديمة؟,mobile_app,2025-12-28 03:49:32,تقني,محايد
C820330,يا جماعة صرلي 5 أيام ناطر يرجعولي المصاري وما في شي، رقم الطلب #69585,payment_portal,2025-12-28 06:32:05,فوترة,سلبي
C397445,وصل الطلب قبل الموعد والتغليف ممتاز، رقم الطلب #24683.,delivery_app,2025-12-28 07:03:57,توصيل,إيجابي
C848866,هلا المبلغ 99 ريال للحين المشكلة ما انحلت ما عاد أتعامل معكم,delivery_app,2025-12-28 07:52:12,توصيل,سلبي
C132731,لو ســمحت مش عارف أعمل لوجين والباسورد صح، رقم الأوردر #10487,mobile_app,2025-12-28 09:14:07,تقني,سلبي
C529930,تواصلت معكم يوم الأحد بخصوص قهوة. متى يتم إصدار الفاتورة الشهرية؟,payment_portal,2025-12-28 12:07:53,فوترة,محايد
C748213,تواصلت معكم يوم الأحد بخصوص قهوة. متى يتم إصدار الفاتورة الشهرية؟,payment_portal,2025-12-28 12:07:53,فوترة,محايد
C674390,السُلامِ عليكمّ، تواصلت معكم يُوم الأْحد بْخِصوص ساِعة ذكيةِ. طلبت طابّعة يوم الخميس. الموقع بطِيء جداًَ وَتظهّر رسالة خطأ عنّد الدفعَ سأضطر لّإلغّاء الاشتراك إُن لم تُحل المشكلة.,mobile_app,2025-12-28 14:50:16,تقني,سلبي
C644699,لو سمحت الأبلكيشن بيقفل لوحده كل شوية، دي المرة الخامسة يحصل كده رقم الأوردر #11684,mobile_app,2025-12-28 23:39:16,تقني,سلبي
C677525,لو سمحت الأبلكيشن بيقفل لوحده كل شوية، دي المرة الخامسة يحصل كده رقم الأوردر #11684,mobile_app,2025-12-28 23:39:16,تقني,سلبي
C103379,مرحباً، كيف أغيّر رقم الجوال المرتـــبط بالحساب؟,mobile_app,2025-12-28 23:54:57,تقني,محايد
C133336,لو سمحتو هي المرة الخامسة بتصير هيك طلبيتي #16551 متأخرة 12 أيام ولسا ما وصلت,delivery_app,2025-12-29 05:49:07,توصيل,سلبي
C225987,السلام عليكم، موظف خدمة العملاء كان غير متعاون وأغلق المكالمة هذا غير مقبول إطلاقاً!,call_center,2025-12-29 06:06:33,خدمة_عملاء,سلبي
C360326,ازيكم بقالي 13 أيام مستني فلوسي ترجع ومفيش حاجة، رقم الأوردر #75013,payment_portal,2025-12-29 13:48:35,فوترة,سلبي
C250808,جددولي الاشتراك بدون ما اطلب وانسحب المبلغ بدي حل بسرعة,payment_portal,2025-12-29 14:32:48,فوترة,سلبي
C340330,يا جماعة ما عم يزبط معي سجل دخول مع إنو كلمة السر صح، حكيتكن يوم الخميس عن خلاط هي المرة الرابعة بتصير هيك والله شي بيقهر!,mobile_app,2025-12-29 23:18:47,تقني,سلبي
C969865,مرحباً، كيف أغيّر طريقة الدفع المسجلة في حسابي؟,payment_portal,2025-12-30 06:19:25,فوترة,محايد
C541665,الخدمة وحشة جداً، دي المرة الثالثة يحصل كده بجد حاجة تضايق!,mobile_app,2025-12-30 08:04:50,تقني,سلبي
C825238,ما هي ساعات عمل خدمة العملاء؟ رقمي 0516322837,call_center,2025-12-30 08:47:30,خدمة_عملاء,محايد
C223643,يا جماعة صرلي 2 أيام ناطر يرجعولي المصاري وما في شي، حكيتكن يوم الاثنين عن كرسي مكتب رقم الطلب #99866,payment_portal,2025-12-30 09:18:18,فوترة,سلبي
C654960,رقم الطلب #66391 عندي مشكلة من مبارح وما حدا حلّها بدي حل بسرعة,payment_portal,2025-12-30 12:43:04,فوترة,سلبي
C781818,لو سمحتم، هذه المرة الخامسة التي يــــحدث فيها ذلك. كيف أتتبع الشحنة رقم #41759؟,delivery_app,2025-12-30 14:54:16,توصيل,محايد
C520768,لو سمحت عايز أمسح الأكونت بتاعي خالص عايز حل بسرعة,web_form,2025-12-30 23:13:09,أخرى,سلبي
C460420,الطلبية وصلت ناـقصة بدي حل بسرعة رقمي 0595238688,delivery_app,2025-12-31 05:13:04,توصيل,سلبي
C387577,حكيتكن يوم الجمعة عن حذاء رياضي صرلي 11 أيام ناطر يرجعولي المصاري وما في شي ما رح اتعامل معكن بعد اليوم,payment_portal,2025-12-31 08:15:44,فوترة,سلبي
C312765,تجربة ما تنعاد، كلمتكم يوم السبت عن حقيبة ابي حل بسرعة,payment_portal,2025-12-31 11:15:50,فوترة,سلبي
C394403,ازيكم الكوبون مااشتغلش والفلوس اتسحبت كاملة، رقم الأوردر #19475 عايز حل بسرعة,payment_portal,2025-12-31 18:58:49,فوترة,سلبي
C644901,   ,payment_portal,2025-12-31 19:28:07,فوترة,سلبي
C943591,   ,payment_portal,2025-12-31 19:28:07,فوترة,سلبي
C541731,هل يمكن الحصول على فاــــتورة ضريبية للطلب #28900؟ تواصلت معكم يوم الثلاثاء بخصوص عطر. https://example.com/orders/51307,payment_portal,2026-01-01 01:32:23,فوترة,محايد
C858083,المبلغ 250 ريال انتظرت ساعة على الخط ومحد رد,call_center,2026-01-01 01:37:33,خدمة_عملاء,سلبي
C993830,يا جماعة كلمتكم يوم الجمعة عن سماعات طلبي #97171 متأخر 12 أيام وللحين ما وصل,delivery_app,2026-01-01 02:57:43,توصيل,سلبي
C173197,لو سمحتم، المبلغ الإجمالي 499 ريال. تواصلت معكم يوم الأربعاء بخصوص كتب. شكراً على سرعة الرد والتعامل الراقي رقمي 0547554128,call_center,2026-01-01 04:42:27,خدمة_عملاء,إيجابي
C745929,يا جماعة الطلب وصل ناقص غرض، المبلغ 750 ريال هذي المرة الثالثة يصير كذا ابي حل بسرعة,delivery_app,2026-01-01 05:05:41,توصيل,سلبي
C455987,لو سمحتم، المندوب كان محترماً ودقيقاً في الموعد، المبلغ الإجمالي 750 ريال. طلبت حذاء رياضي يوم الجمعة.,delivery_app,2026-01-01 06:50:10,توصيل,إيجابي
C449243,السلام عليكم، متى يتم إصدار الفاتورة الشهرية؟ هذه المرة الخامسة التي يحدث فيها ذلك. المبلغ الإجمالي 499 ريال.,payment_portal,2026-01-01 07:56:29,فوترة,محايد
C927744,السلام عليكم، تم استرجاع المبلغ بسرعة، شكراً لكم، تواصلت معكم يوم الجمعة بخصوص شاحن.,payment_portal,2026-01-01 13:31:33,فوترة,إيجابي
C606707,هلا الخدمة واجد سيئة، كلمتكم يوم الثلاثاء عن شاشة,payment_portal,2026-01-01 14:41:05,فوترة,سلبي
C584212,الخدمة واجد سيئة، كلمتكم يوم الأربعاء عن نظارة شمسية رقم الطلب #69360,delivery_app,2026-01-01 15:19:50,توصيل,سلبي
C357999,دي المرة الرابعة يحصل كده الكوبون مااشتغلش والفلوس اتسحبت كاملة بجد حاجة تضايق! https://example.com/orders/63567,payment_portal,2026-01-01 18:46:38,فوترة,سلبي
C635710,الكوبون مااشتغلش والفلوس اتسحبت كاملة، الحساب كله 49 جنيه رقم الأوردر #48712,payment_portal,2026-01-01 22:12:01,فوترة,سلبي
C200856,الكوبوِن مِاُاشتغلش وُالْفلْوِس اتِسحبت كاملِة، الحساب كلهُ 49 جْنيْه رّقمِ الُأوردر #48712,payment_portal,2026-01-01 22:28:01,فوترة,سلبي
C418089,مرحبا طالب شاحن يوم الجمعة انسحب مني 199 مرتين على نفس الطلب بدي حل بسرعة,payment_portal,2026-01-01 23:09:47,فوترة,سلبي
C612227,المبلغ 199 ريال الموظف كان أسلوبه مو زين وسكّر بوجهي والله شي يقهر!,call_center,2026-01-02 00:47:11,خدمة_عملاء,سلبي
C352855,أبي أكلم مسؤول لو سمحتوا، طلبت شاشة يوم الجمعة,payment_portal,2026-01-02 01:38:13,فوترة,سلبي
C442722,مرحباً، متى يتم إصدار الفاتورة الشهرية؟,payment_portal,2026-01-02 07:30:20,فوترة,محايد
C116492,لوِ سمحتم، رقِم الطلبْ #82036. أرــسلت عدة رسائل وِلم أتلقَّ أي رد أِرجو الحل بأسرع وقت.,call_center,2026-01-02 08:24:23,خدمة_عملاء,سلبي
C457886,ازيكم الخدمة وحــــشة جداً، كلمتكم يوم الأربعاء عن كتب عايز حل بسرعة,mobile_app,2026-01-02 08:43:42,تقني,سلبي
C924838,ازيكم المندوب ماكلمنيش ورجّع الشحنة، كلمتكم يوم الاثنين عن لابتوب عايز حل بسرعة,delivery_app,2026-01-02 10:45:35,توصيل,سلبي
C588103,مرحباً، هل يمكن الحصول على فاتورة ضريبية للطلب #93082؟ طلبت ألعاب أطفال يوم الخميس.,payment_portal,2026-01-02 11:45:22,فوترة,محايد
C324508,اــــلتطبيق عم يسكّر لحالو كل شوي، حكيتكن يوم الجمعة عن شاشة,mobile_app,2026-01-02 11:48:50,تقني,سلبي
C496515,ازيكم الحساب كله 150 جنيه كلمتكم يوم الاثنين عن كتب مكتوب إن الأوردر اتسلم وأنا ماستلمتش حاجة بجد حاجة تضايق!,delivery_app,2026-01-02 15:34:51,توصيل,سلبي
C372646,المندوب ماكلمنيش ورجّع الشحنة، طالب شاحن يوم الخميس رقم الأوردر #48875 مش هتعامل معاكم تاني,delivery_app,2026-01-02 20:10:04,توصيل,سلبي
C146045,الكوبون مااشتغلش والفلوس اتسحبت كاملة، الحساب كله 49 جنيه مش هتعامل معاكم تاني,payment_portal,2026-01-03 00:58:26,فوترة,سلبي
C231944,السلام عليكم، هل يمكن الحصول على فاتورة ضريبية للطلب #61582؟ تواصلت معكم يوم السبت بخصوص كتب. رقم الطلب #80142.,payment_portal,2026-01-03 03:04:41,فوترة,محايد
C728678,الحساب كله 150 جنيه المندوب ماكلمنيش ورجّع الشحنة بجد حاجة تضايق!,delivery_app,2026-01-03 03:24:18,توصيل,سلبي
C375589,عندي مشكلة من مبارح وما حدا حلّها، طالب ساعة ذكية يوم الأربعاء والله شي بيقهر!,mobile_app,2026-01-03 04:19:14,تقني,سلبي
C113879,هل يمكن تغيير عنوان التوصيل للطلب #43512؟ هذه المرة الرابعة التي يحدث فيها ذلك. رقم الطلب #59386.,delivery_app,2026-01-03 06:00:51,توصيل,محايد
C167689,مش عارف أعمل لوجين والباسورد صح https://example.com/orders/86429,mobile_app,2026-01-03 17:59:59,تقني,سلبي
C193259,السلام عليكم، هل يمكن الحصول على فاتورة ضريبية للطلب #48995؟ المبلغ الإجمالي 320 ريال. تواصلت معكم يوم الجمعة بخصوص سماعات.,payment_portal,2026-01-04 00:39:25,فوترة,محايد
C291894,السلام عليكم طلبي #50786 متأخر 6 أيام وللحين ما وصل، وفوق هذا انخصم مني 199 ريال مرتين على نفس الطلب، طلبت شاشة يوم السبت كلمتكم يوم الثلاثاء عن خلاط,delivery_app,2026-01-04 01:27:54,توصيل,سلبي
C555722,لو سمحتم، هذه المرة الرابعة التي يحدث فيها ذلك. المبلغ الإجمالي 49 ريال. هل يمكن الحصول على فاتورة ضريبية للطلب #25937؟,payment_portal,2026-01-04 02:48:54,فوترة,محايد
C868194,السْلام عليكم، طُلبْت قهوة يوم الأربعاء. رقم الطْلب #24308. الخدمة سيئة جداً ولن أْتعامل معكمْ مرة أخرى هّذا غير مقبَول إطلَاقُاً!,payment_portal,2026-01-04 03:31:28,فوترة,سلبي
C559907,السلام عليكم، شكراً على سرعة الرد والتعامل الراقي,call_center,2026-01-04 16:20:24,خدمة_عملاء,إيجابي
C644363,السلام عليكم، هذه المرة الثانية التي يحدث فيها ذلك. وصل الطلب قبل الموعد والتغليف ممتاز,delivery_app,2026-01-05 03:57:46,توصيل,إيجابي
C613524,الكوبون مااشتغلش والفلوس اتسحبت كاملة، الحساب كله 499 جنيه رقم الأوردر #90943 عايز حل بسرعة,payment_portal,2026-01-05 06:49:46,فوترة,سلبي
C267899,الطلب وصل ناقص غرض، رقم الطلب #40456 طلبت كتب يوم الخميس,delivery_app,2026-01-05 08:26:27,توصيل,سلبي
C648092,حكيتكن يوم الجمعة عن ألعاب أطفال انسحب مني 199 مرتين على نفس الطلب والله شي بيقهر!,payment_portal,2026-01-05 11:24:41,فوترة,سلبي
C971661,   ,payment_portal,2026-01-05 11:48:56,فوترة,سلبي
C595933,مرحباً، هل يمكن الحصول على فاتورة ضريبية للطلب #42890؟,payment_portal,2026-01-06 01:08:26,فوترة,محايد
C662809,السلام عليكم جددوا لي الاشتراك بدون ما أوافق وسحبوا 99 ريال,mobile_app,2026-01-06 09:04:54,تقني,سلبي
C437342,كيف أغيّر رقم الجوال المرتبط بالحساب؟ تواصلت معكم يوم الجمعة بخصوص جوال.,mobile_app,2026-01-06 11:49:03,تقني,محايد
C258053,😡😡😡,payment_portal,2026-01-06 20:28:47,فوترة,محايد
C897901,متى يتم إصدار الفاتورة الشهرية؟ هذه المرة الثالثة التي يحدث فيها ذلك. طلبت شاحن يوم الثلاثاء.,delivery_app,2026-01-06 23:13:51,فوترة,محايد
C701036,عُندي مْشكلة من مبارح وما حدا حلّهَا، المبِلغ 750,payment_portal,2026-01-07 04:25:18,فوترة,سلبي
C740710,مرحباً، استلمت المنتج مكسوراً والتغليف سيئ، المبلغ الإجمالي 499 ريال. سأضطر لإلغاء الاشتراك إن لم تُحل المشكلة.,delivery_app,2026-01-07 19:27:05,توصيل,سلبي
C234130,الخدمة وحشة جداً، طالب لابتوب يوم السبت,payment_portal,2026-01-07 22:55:18,فوترة,سلبي
C893006,المبلغ 250 ريال عندي مشكلة من أمس ومحد حلها ابي حل بسرعة,payment_portal,2026-01-08 00:50:43,فوترة,سلبي
C240936,لو سمحتم، تواصلت معكم يوم الأربعاء بخصوص ثلاجة. كيف أفعّل التحقق بخطوتين؟,mobile_app,2026-01-08 01:15:24,تقني,محايد
C274478,هي المرة الثالثة بتصير هيك طالب حقيبة يوم السبت الموظف كان أسلوبو مش منيح وسكّر اـــلخط,call_center,2026-01-08 02:40:22,خدمة_عملاء,سلبي
C487515,يا جماعة الفاتورة المرة دي غالية جداً ومش فاهم ليه، طالب كتب يوم الأحد كلمتكم يوم السبت عن جوال,payment_portal,2026-01-08 02:54:02,فوترة,سلبي
C210706,الموظف كان أسلوبه مو زين وسكّر بوجهي، هذي المرة الخامسة يصير كذا,call_center,2026-01-08 07:13:00,خدمة_عملاء,سلبي
C318046,تم تجديد الاشتراك تلقائياً دون موافقتي وخصم 750 ريال,payment_portal,2026-01-08 09:02:48,فوترة,سلبي
C239544,التطبيق عم يسكّر لحالو كل شوي، حكيتكن يوم الأربعاء عن عطر,mobile_app,2026-01-08 09:54:22,تقني,سلبي
C783108,بعت رسايل كتير ومحدش بيرد,call_center,2026-01-08 10:47:17,خدمة_عملاء,سلبي
C488195,الخدمة وحشة جداً، دي المرة الثالثة يحصل كده,call_center,2026-01-08 15:28:19,خدمة_عملاء,سلبي
C685228,عندي مشكلة من أمس ومحد حلها، المبلغ 750 ريال هذي المرة الرابعة يصير كذا ابي حل بسرعة,payment_portal,2026-01-08 16:32:44,فوترة,سلبي
C338689,هلا انخصم مني 199 ريال مرتين على نفس الطلب، طلبت مكنسة كهربائية يوم السبت والله شي يقهر!,payment_portal,2026-01-08 16:42:56,فوترة,سلبي
C513674,طلُبت سماعات يوْم الْخمُيس. كيف أفعّل اَلتـحقق بخطوتين؟,mobile_app,2026-01-09 04:58:45,تقني,محايد
C329852,طلُبت سماعات يوْم الْخمُيس. كيف أفعّل اَلتـحقق بخطوتين!!,mobile_app,2026-01-09 07:01:45,تقني,محايد
C516478,يا جماعة انخصم مني 150 ريال مرتين على نفس الطلب، رقم الطلب #31963,payment_portal,2026-01-09 10:09:06,فوترة,سلبي
C372211,تواصلت معكم يوم الأحد بخصوص شاحن. هذه المرة الخامسة التي يحدث فيها ذلك. هل يمكن الحصول على فاتورة ضريبية للطلب #58580؟,payment_portal,2026-01-09 10:32:36,فوترة,محايد
C148037,لو سمحتو بعتتلكن كذا رسالة وما حدا رد، طالب جوال يوم الجمعة رقم الطلب #25121 بدي حل بسرعة,call_center,2026-01-09 11:30:59,خدمة_عملاء,سلبي
C852608,لو سمحت كود التفعيل مش بيوصل خالص، رقم الأوردر #52172,mobile_app,2026-01-09 12:57:02,تقني,سلبي
C356682,يا جماعة المندوب ماكلمنيش ورجّع الشحنة، الحساب كله 99 جنيه,delivery_app,2026-01-09 15:18:03,توصيل,سلبي
C992331,يا جماعة الحساب كله 199 جنيه عايز أكلم حد مسؤول,payment_portal,2026-01-10 05:12:59,فوترة,سلبي
C498496,لو سمحتو هي المرة الثالثة بتصير هيك عندي مشكلة من مبارح وما حدا حلّها,payment_portal,2026-01-10 06:34:48,فوترة,سلبي
C244295,تجربة ما بتنعاد رقمي 0512173155,delivery_app,2026-01-10 09:48:54,توصيل,سلبي
C707845,السلام عليكم، هذه المرة الثالثة التي يحدث فيها ذلك. أرسلت عدة رسائل ولم أتلقَّ أي رد أرجو الحل بأسرع وقت. https://example.com/orders/32116,call_center,2026-01-10 14:09:18,خدمة_عملاء,سلبي
C105268,كلمتكم يوم الجمعة عن كرسي مكتب المبلغ 150 ريال انخصم مني 49 ريال مرتين على نفس الطلب والله شي يقهر!,payment_portal,2026-01-10 18:45:26,فوترة,سلبي
C775723, كلمتكم يوم الجمعة عن كرسي مكتب المبلغ 150 ريال انخصم مني 49 ريال مرتين على نفس الطلب والله شي يقهر! ,payment_portal,2026-01-10 18:56:26,فوترة,سلبي
C335624,كيف أغيّر طريقة الـدَفع المسجلةّ في حسابي؟,payment_portal,2026-01-10 22:44:48,فوترة,محايد
C482443,تواصلت معكم يوم الثلاثاء بخصوص نظارة شمسية. هذه المرة الثالثة التي يحدث فيها ذلك. هل يمكن تغيير عنوان التوصيل للطلب #90783؟,delivery_app,2026-01-10 22:45:01,توصيل,محايد
C155252,وصل الطلب قبل الموعد والتغليف ممتاز، رقم الطلب #18266.,delivery_app,2026-01-11 00:19:14,توصيل,إيجابي
C651297,يا جماعة الأبلكيشن بيقفل لوحده كل شوية، طالب نظارة شمسية يوم الأربعاء,mobile_app,2026-01-11 06:34:37,تقني,سلبي
C342687,تواصلت معكم يوم الخميس بخصوص ثلاجة. هذه المرة الرابعة التي يحدث فيها ذلك. كيف أغيّر طريقة الدفع المسجلة في حسابي؟,payment_portal,2026-01-11 06:57:03,فوترة,محايد
C178371,طلبيتي #53806 مْتأخرة 2 أيَاَم ولساِ ما وصلَت، الُمبلغ 250,delivery_app,2026-01-11 08:31:05,توصيل,سلبي
C956935,ما عم يزبط معي سجل دخول مع إنو كلـــمة السر صح، حكيتكن يوم الجمعة عن نظارة شمسية هي المرة الثانية بتصير هيك,mobile_app,2026-01-11 08:59:43,تقني,سلبي
C701676,كيف أغيّر رقم الجوال المرتبط بالحساب؟ رقمي 0521301471,mobile_app,2026-01-11 11:25:17,تقني,محايد
C468438,الفاتورة واضحة ومفصلة، عمل ممتاز، هذه المرة الثانــية التي يحدث فيها ذلك.,payment_portal,2026-01-11 12:21:48,فوترة,إيجابي
C392200,الحساب كله 99 جنيه كلمتكم يوم الأربعاء عن شاشة من ساعة التحديث الجديد والأبلكيشن واقع مش هتعامل معاكم تاني,mobile_app,2026-01-11 14:01:08,تقني,سلبي
C334311,الحساب كله 99 جنيه كلمتكم يوم الأربعاء عن شاشة من ساعة التحديث الجديد والأبلكيشن واقع مش هتعامل معاكم تاني,mobile_app,2026-01-11 14:01:08,تقني,سلبي
C392974,السلام عليكم، هل يمكن الحصول على فاتورة ضريبية للطلب #64510؟ المبلغ الإجمالي 49 ريال. رقم الطلب #55332.,payment_portal,2026-01-11 16:40:58,فوترة,محايد
C251791,شكراً لفريق الدعم الفني على حل مشكلة تسجيل الدخول، تواصلت معكم يوم الاثنين بخصوص كرسي مكتب.,mobile_app,2026-01-11 17:11:35,تقني,إيجابي
C302654,السلام عليكم، هذه المرة الثانية التي يحدث فيها ذلك. تم خصم مبلغ 150 ريال من حسابي مرتين لنفس الطلب هذا غير مقبول إطلاقاً!,payment_portal,2026-01-11 19:20:35,فوترة,سلبي
C289537,التطبيق يطلعني برا كل ما أفتح الطلبات، كلمتكم يوم الأربعاء عن جوال والله شي يقهر!,mobile_app,2026-01-12 00:47:34,تقني,سلبي
C306360,هي المرة الرابعة بتصير هيك طالب كرسي مكتب يوم الأحد تجربة ما بتنعاد,mobile_app,2026-01-12 12:47:23,تقني,سلبي
C930531,تواصلت معكم يوم السبت بخصوص حقيبة. متى يتم إصدار الفاتورة الشهرية؟,payment_portal,2026-01-12 20:24:14,فوترة,محايد
C336870,تواصلت معكم يوم السبت بخصوص حقيبة. متى يتم إصدار الفاتورة الشهرية؟,payment_portal,2026-01-12 20:24:14,فوترة,محايد
C288381,انخصم منِي 99 رْيال مرتين على نفس الطلب، كلُمتكم يوْم اـْــلسبت عن كتب اُبّي حِل بسِرِعة,payment_portal,2026-01-12 21:13:53,فوترة,سلبي
C256262,المندوب كان محترماً ودقيقاً في الموعد، هذه المرة الثانية التي يحدث فيها ذلك.,delivery_app,2026-01-12 22:48:57,توصيل,إيجابي
C439504,يا جماعة ما عم يزبط معي سجل دخول مع إنو كلمة السر صح، هي المرة الرابعة بتصير هيك بدي حل بسرعة,delivery_app,2026-01-13 03:52:57,تقني,سلبي
C424253,دي المرة الرابعة يحصل كده مكتوب إن الأوردر اتسلم وأنا ماستلمتش حاجة مش هتعامل معاكم تاني,delivery_app,2026-01-13 06:29:24,توصيل,سلبي
C571040,مرحباً، تم استرجاع المبــــلغ بسرعة، شكراً لكم,payment_portal,2026-01-13 06:42:42,فوترة,إيجابي
C545397,السلام عليكم تجربة ما تنعاد، كلمتكم يوم الخميس عن كتب هذي المرة الثالثة يصير كذا ما عاد أتعامل معكم,call_center,2026-01-13 08:45:12,خدمة_عملاء,سلبي
C326781,السلام عليكم تجربة ما تنعاد، كلمتكم يوم الخميس عن كتب هذي المرة الثالثة يصير كذا ما عاد أتعامل معكم,call_center,2026-01-13 08:45:12,خدمة_عملاء,سلبي
C888930,أحتاج مساعدة عاجلة من فضلكم، هذه المرة الرابعة التي يحدث فيها ذلك. هذا غير مقبول إطلاقاً!,web_form,2026-01-13 09:19:29,أخرى,سلبي
C513782,الفاتورة هالمرة كتير غالية وما حدا شرحلي ليش، هي المرة الرابعة بتصير هيك,payment_portal,2026-01-13 11:19:58,فوترة,سلبي
C401532,ما عم يزبط معي سجل دخول مع إنو كلمة السر صح، المبلغ 320,mobile_app,2026-01-13 14:22:38,تقني,سلبي
C899138,لو سمحت الحساب كله 250 جنيه لسه المشكلة زي ما هي مش هتعامل معاكم تاني,payment_portal,2026-01-13 16:30:22,فوترة,سلبي
C443001,لو سمحتم، هل يمكن الحصول على فاتورة ضريبية للطلب #76863؟,payment_portal,2026-01-13 17:08:18,فوترة,محايد
C689577,هلّ يدعم التِطِبيق اُلّأجهزة القديمة؟ تواصلت معكم يوم السبت بخُصوص قهْوة.,mobile_app,2026-01-13 21:06:12,تقني,محايد
C874896,ما أقدر أسجل دخول والباسوورد صحيح والله شي يقهر!,mobile_app,2026-01-14 03:28:35,تقني,سلبي
C671384,كيف أقدّم شكوى رسمية؟ هذه المرة الرابعة التي يحدث فيها ذلك. طلبت طابعة يوم الاثنين.,call_center,2026-01-14 04:01:46,خدمة_عملاء,محايد
C378628,لدي مشكلة منذ أمس ولم يحلها أحد,call_center,2026-01-14 07:16:26,خدمة_عملاء,سلبي
C194686,ازيكم الفاتورة المرة دي غالية جداً ومش فاهم ليه، دي المرة الثالثة يحصل كده الحساب كله 499 جنيه مش هتعامل معاكم تاني,payment_portal,2026-01-14 08:42:41,فوترة,سلبي
C533328,بعتتلكن كذا رسالة وما حدا رد، المبلغ 750 رقم الطلب #27409,call_center,2026-01-14 09:13:54,خدمة_عملاء,سلبي
C362936,يا جماعة رقم الطلب #62199 طلبت كتب يوم الأربعاء الغرض وصلني مكسور,delivery_app,2026-01-14 12:50:09,توصيل,سلبي
C881791,المبلغ الإجمالي 49 ريال. طلبت عطر يوم الخميس. تم خصم مبلغ 320 ريال من حسابي مرتين لنفس الطلب,payment_portal,2026-01-14 18:23:55,فوترة,سلبي
C284462,يا جماعة الموْظّف كان أسْلوبه موْ زين وسكَّر بوجهي، طلْبت سُاعُة ذكيِة يوم الثلاَثاء وْالله شي يقَهر!,call_center,2026-01-14 18:31:02,خدمة_عملاء,سلبي
C148450,لو سمحتو بعتتلكن كذا رسالة وما حدا رد، طالب سماعات يوم الجمعة رقم الطلب #14589,call_center,2026-01-14 19:42:22,خدمة_عملاء,سلبي
C768081,المبلغ 150 حكيتكن يوم الأربعاء عن ثلاجة ما عم يزبط معي سجل دخول مع إنو كلمة السر صح,mobile_app,2026-01-14 20:23:14,تقني,سلبي
C570522,ازيكم طالب جوال يوم الأحد عايز أكلم حد مسؤول,call_center,2026-01-15 08:58:01,خدمة_عملاء,سلبي
C399319,هذي المرة الثانية يــصير كذا كلمتكم يوم الأربعاء عن نظارة شمسية جددوا لي الاشتراك بدون ما أوافق وسحبوا 499 ريال,payment_portal,2026-01-15 20:45:09,فوترة,سلبي
C424848,لو سمحتو رقم الطلب #71834 بدي احكي مع حدا مسؤول,payment_portal,2026-01-16 05:28:07,فوترة,سلبي
C683726,يا جماعة التطبيق عم يسكّْر لحالو كل شوي، حكّيتكن يوْم الجمعة عن ألِعاب أّطفِال اِلمبلغ 250,mobile_app,2026-01-16 08:11:18,تقني,سلبي
C410805,يا جماعة هذي المرة الثانية يصير كذا بعد التحديث الجديد التطبيق خربان,mobile_app,2026-01-16 14:06:36,تقني,سلبي
C986177,لو سمحتم، الفاتورة الأخيرة أعلى بكثير من المعتاد دون أي توضيح، هذه المرة الثالثة التي يحدث فيها ذلك. أرجو الحل بأسرع وقت.,payment_portal,2026-01-16 14:29:31,فوترة,سلبي
C139588,لو سْمِحت الأوردر #70271 متأخّر 6 أيام ولَسه ماوصلش بّجد حاجة تّضاْيق!,delivery_app,2026-01-16 17:58:16,توصيل,سلبي
C567728,صرلي 12 أيام ناطر يرجعولي المصاري وما في شي، طالب شاحن يوم الاثنين المبلغ 499 بدي حل بسرعة,delivery_app,2026-01-17 00:19:03,توصيل,سلبي
C770029,الفاتورة الأخيرة أعلى بكثير من المعتاد دون أي توضيح، تواصلت معكم يوم الجمعة بخصوص ثلاجة. رقم الطلب #97564. هذا غير مقبول إطلاقاً!,payment_portal,2026-01-17 00:36:01,فوترة,سلبي
C977338,بعت رسايل كتير ومحدش بيرد، طالب سماعات يوم الأربعاء كلمتكم يوم الأربعاء عن ألعاب أطفال,call_center,2026-01-17 01:05:43,خدمة_عملاء,سلبي
C103214,السلام عليكم، رقم الطلب #19076. طلبت خلاط يوم الخميس. المندوب لم يتصل بي وأعاد الشحنة هذا غير مقبول إطلاقاً!,delivery_app,2026-01-17 02:45:27,توصيل,سلبي
C728009,طلبَت سماعات يوم الاثنين الطلب وصل ناقص غْرض,mobile_app,2026-01-17 05:57:32,تقني,سلبي
C541577,السلام عليكم، تواصلت معكم يوم الاثنين بخصوص لابتوب. وصل الطلب قبل الموعد والتغليف ممتاز,delivery_app,2026-01-17 21:14:59,توصيل,إيجابي
C156189,حكيتكن يوم الأحد عن ثلاجة تجربة ما بتنعاد والله شي بيقهر!,mobile_app,2026-01-18 00:06:03,تقني,سلبي
C140079,كلمتكم يوم الجمعة عن ألعاب أطفال طلبي #86627 متأخر 12 أيام وللحين ما وصل,delivery_app,2026-01-18 04:05:42,توصيل,سلبي
C887881,يا جماعة المندوب ماكلمنيش ورجّع الشحنة، دي المرة الرابعة يحصل كده طالب نظارة شمسية يوم الاثنين,delivery_app,2026-01-18 05:22:44,توصيل,سلبي
C989299,هلا ما أقدر أسجل دخول والباسوورد صحيح، المبلغ 499 ريال والله شي يقهر!,mobile_app,2026-01-18 10:18:33,تقني,سلبي
C617630,عندي مشكلة من مبارح وما حدا حلّها، حكيتكن يوم السبت عن عطر والله شي بيقهر!,delivery_app,2026-01-18 13:01:10,توصيل,سلبي
C926516,ازيكم الحاجة وصلت مكسورة، كلمتكم يوم الثلاثاء عن جوال,delivery_app,2026-01-18 16:09:20,توصيل,سلبي
C920724,السلام عليكم، هل تتوفر خدمة التوصيل في نفس اليوم؟ تواصلت معكم يوم الخميس بخصوص كرسي مكتب.,delivery_app,2026-01-18 18:22:11,توصيل,محايد
C252818,يا جماعة اــــلمبلغ 499 بعتتلكن كذا رسالة وما حدا رد,call_center,2026-01-19 00:33:27,خدمة_عملاء,سلبي
C263550,يا جماعة اــــلمبلغ 499 بعتتلكن كذا رسالة وما حدا رد,call_center,2026-01-19 00:33:27,خدمة_عملاء,سلبي
C250504,يا جماعة رقم الأوردر #58363 دي المرة الثانية يحصل كده كود التفعيل مش بيوصل خالص,mobile_app,2026-01-19 01:47:11,تقني,سلبي
C972199,تواصلت معكم يوم الخميس بخصوص ساعة ذكية. تم خصم مبلغ 199 ريال من حسابي مرتين لنفس الطلب سأضطر لإلغاء الاشتراك إن لم تُحل المشكلة.,payment_portal,2026-01-19 13:56:00,فوترة,سلبي
C463478,السلام عليكم، هذه المرة الثالثة التي يحدث فيها ذلك. تواصلت معكم يوم الأربعاء بخصوص نظارة شمسية. تجربتي معكم كانت مخيبة للآمال,payment_portal,2026-01-19 16:36:25,فوترة,سلبي
C150307,انتظرت ساعة على الخط ومحد رد، هذي المرة الثالثة يصير كذا والله شي يقهر!,call_center,2026-01-19 19:52:14,خدمة_عملاء,سلبي
C616303,رقم الطلب #47403 طالب شاحن يوم الأربعاء عندي مشكلة من مبارح وما حدا حلّها والله شي بيقهر!,payment_portal,2026-01-19 19:56:32,فوترة,سلبي
C974730,👎,delivery_app,2026-01-20 01:20:08,توصيل,سلبي
C694118,تم استرجاع المبلغ بسرعة، شكراً لكم، تواصلت معكم يوم الأحد بخصوص عطر. رقم الطلب #30328.,payment_portal,2026-01-20 07:57:32,فوترة,إيجابي
C201255,يا جماعة انسحب مني 150 مرتين على نفس الطلب، هي المرة الثالثة بتصير هيك,payment_portal,2026-01-20 10:19:50,فوترة,سلبي
C467562,شكراً على سرعة الرد والتعامل الراقي، هذه المرة الرابعة التي يحدث فيها ذلك.,call_center,2026-01-20 18:55:48,خدمة_عملاء,إيجابي
C597762,لو سمحتم، أحتاج مساعدة عاجلة من فضلكم، طلبت كرسي مكتب يوم الاثنين.,payment_portal,2026-01-21 03:31:36,فوترة,سلبي
C668041,لو سمحت الكوبون مااشتغلش والفلوس اتسحبت كاملة، طالب سماعات يوم الثلاثاء مش هتعامل معاكم تاني,payment_portal,2026-01-21 04:51:51,فوترة,سلبي
C455506,ما هي ساعات عمل خدمة العملاء؟ طلبت ألعاب أطفال يوم الأربعاء. رقم الطلب #37710.,call_center,2026-01-21 05:26:58,خدمة_عملاء,محايد
C688397,هل تتوفر خدمة التوصيل في نفس اليوم؟ تواصلت معكم يوم الخميس بخصوص خلاط.,delivery_app,2026-01-21 13:06:28,توصيل,محايد
C695238,يا جماعة حكيتكن يوم السبت عن قهوة الفاتورة هالمرة كتير غالية وما حدا شرحلي ليش,payment_portal,2026-01-21 13:19:54,فوترة,سلبي
C555946,المندوب ما اتصل فيني ورجّع الطلبية، المبلغ 199 طالب حـــذاء رياضي يوم الجمعة,delivery_app,2026-01-21 13:56:12,توصيل,سلبي
C337764, المندوب ما اتصل فيني ورجّع الطلبية، المبلغ 199 طالب حـــذاء رياضي يوم الجمعة ,delivery_app,2026-01-21 15:04:12,توصيل,سلبي
C544250,هلا أبي أكلم مسؤول لو سمحتوا، كلمتكم يوم السبت عن لابتوب,delivery_app,2026-01-21 18:42:42,توصيل,سلبي
C536051,لو سمحتم، كيف أغيّر طريقة الدفع المسجلة في حسابي؟ تواصلت معكم يوم الأحد بخصوص كتب. طلبت سماعات يوم الاثنين.,payment_portal,2026-01-22 08:26:04,فوترة,محايد
C230241,من 14 أيام طاُلبَ اسِترجاعْ فلوسي وَللحينْ ما وصلتْ,payment_portal,2026-01-22 08:52:12,فوترة,سلبي
C884472,لو سمحتم، المندوب لم يتصل بي وأعاد الشحنة، المبلغ الإجمالي 150 ريال. تواصلت معكم يوم الثلاثاء بخصوص كرسي مكتب.,delivery_app,2026-01-22 10:24:02,توصيل,سلبي
C419243,وصل الطلب قبل الموعد والتغليف ممتاز، رقم الطلب #15472.,delivery_app,2026-01-22 13:56:55,توصيل,إيجابي
C271246,من بعد التحديث الجديد التُطبيق ما عم يشتغِل,mobile_app,2026-01-22 18:00:45,تقني,سلبي
C743756,الطلبية وصلت ناقصة، المبلغ 750 ما رح اتعامل معكن بعد اليوم,delivery_app,2026-01-23 06:44:10,توصيل,سلبي
C758560,هل تتوفر خدمة التوصيل في نفس اليوم؟ هذه المرة الرابعة التي يحدث فيها ذلك.,delivery_app,2026-01-23 08:44:40,توصيل,محايد
C670357,المبلغ الإجمالي 250 ريال. شكراً لفريق الدعم الفني على حل مشكلة تسجيل الدخول,mobile_app,2026-01-23 11:37:25,تقني,إيجابي
C836524,هل يمكن الحصول على فاتورة ضريبية للطلب #10350؟ طلبت قهوة يوم الأربعاء. هذه المرة الثانية التي يحدث فيها ذلك.,payment_portal,2026-01-23 18:53:31,فوترة,محايد
C404261,الخدمة واجد سيئة، هذي المرة الثانية يصير كذا ابي حل بسرعة,delivery_app,2026-01-24 06:18:09,توصيل,سلبي
C303174,جددولي الاشتراك بدون ما اطلب وانسحب المبلغ والله شي بيقهر! https://example.com/orders/57333,payment_portal,2026-01-24 06:24:09,فوترة,سلبي
C603439,كيف أتتبع الشحنة رقم #98492؟ طلبت شاشة يوم الجمعة.,delivery_app,2026-01-24 06:45:08,توصيل,محايد
C327334,السلام عليكم، كيف أغيّر رقم الجوال المرتبط بالحساب؟ رقم الطلب #34919. تواصلت معكم يوم الاثنين بخصوص عطر.,mobile_app,2026-01-24 15:41:31,تقني,محايد
C961830,يُا جُماعة هي اْلُمَرْة الخّامّسِةْ بتصير هيك رمز التحقق ما عم يوصلني,mobile_app,2026-01-24 19:10:04,تقني,سلبي
C574492,للحين المشكلة ما انحلت، رقم الطلب #50881 طلبت جوال يوم الأحد,payment_portal,2026-01-25 15:54:00,فوترة,سلبي
C607015,مرحباً، شكراً على سرعة الرد والتعامل الراقي، المبلغ الإجمالي 499 ريال.,call_center,2026-01-25 19:37:53,خدمة_عملاء,إيجابي
C754887,مرحباً، كيف أغيّر رقم الجوال المرتبط بالحساب؟ طلبت خلاط يوم الأربعاء.,mobile_app,2026-01-25 22:27:22,تقني,محايد
C897756,الفاتورة المرة دي غالية جداً ومش فاهم ليه، رقم الأوردر #90636 طالب طابعة يوم السبت,payment_portal,2026-01-26 00:50:47,فوترة,سلبي
C416984,مرحبا انسحب مني 199 مرتين على نفس الطلب,call_center,2026-01-26 04:04:31,خدمة_عملاء,سلبي
C924636,هلا الفاتورة هالشهر واجد غالية وما أدري ليش، هذي المرة الثالثة يصير كذا,payment_portal,2026-01-26 13:22:41,فوترة,سلبي
C489792,الحساب كله 250 جنيه كلمتكم يوم الجمعة عن ثلاجة اتخصم مني 99 جنيه مرتين على نفس الأوردر مش هتعامل معاكم تاني,payment_portal,2026-01-26 16:55:28,فوترة,سلبي
C657883,من 11 أيام طالب استرجاع فلوسي وللحين ما وصلت، هذي المرة الخامسة يصير كذا,payment_portal,2026-01-26 20:43:30,فوترة,سلبي
C165910,يا جماعة صرلي 3 أيام ناطر يرجعولي المصاري وما في شي، هي المرة الرابعة بتصير هيك المبلغ 320,call_center,2026-01-26 22:41:58,خدمة_عملاء,سلبي
C202460,هل يوجد رقم مباشر للتواصل مع مشرف؟ رقمي 0537191826,call_center,2026-01-27 01:23:31,خدمة_عملاء,محايد
C860442,هل يوجد رقم مباشر للتواصل مع مشرف؟ رقمي 0537191826,call_center,2026-01-27 01:23:31,خدمة_عملاء,محايد
C992267,السلام عليكم، تأخر وصول الطلب رقم #76686 أكثر من 3 أيام عن الموعد المحدد أرجو الحل بأسرع وقت.,delivery_app,2026-01-27 07:49:04,توصيل,سلبي
C807696,رقم الطلب #89200 عندي مشكلة من مبارح وما حدا حلّها بدي حل بسرعة https://example.com/orders/34434,payment_portal,2026-01-27 08:17:53,فوترة,سلبي
C931464,بقالَي 3 أيام مسّتني فلوسي ترُجع ومفيش حاجة، كلمتكم يومِ الِسبت عن جوال عايّز حَلَ بْسِرعِة,payment_portal,2026-01-27 10:45:01,فوترة,سلبي
C860484,هل يدعم التطبيق الأجهزة القديمة؟ المبلغ الإجمالي 99 ريال. طلبت حقيبة يوم الثلاثاء.,mobile_app,2026-01-27 12:32:32,تقني,محايد
C948768,هلا هّذي المرة الرَابِعة يصير كذا أبي أكلم مسَؤول لوِ سمحتواّ,payment_portal,2026-01-27 13:33:59,فوترة,سلبي
C564561,يا جماعة الخدمة واجد سيئة، كلمتكم يوم الأحد عن مكنسة كهربائية ابي حل بسرعة,mobile_app,2026-01-28 00:19:27,تقني,سلبي
C291094,لو سمحت الأبلكيشن بيقفل لوحده كل شوية، الحساب كله 49 جنيه بجد حاجة تضايق!,mobile_app,2026-01-28 03:39:04,تقني,سلبي
C788749,الخدمة وحشة جداً، الحساب كله 99 جنيه بجد حاجة تضايق!,delivery_app,2026-01-28 09:15:23,توصيل,سلبي
C773433,لو سمحتم، هذه المرة الخامسة التي يحدث فيها ذلك. هل يدعم التطبيق الأجهزة القديمة؟,mobile_app,2026-01-28 18:06:22,تقني,محايد
C704230,مرحباً، هل يمكن تغيير عنوان التوصيل للطلب #68011؟ هذه المرة الرابعة التي يحدث فيها ذلك.,payment_portal,2026-01-28 21:10:34,توصيل,محايد
C984368,رقم الأوردر #58341 مش عارف أعمل لْوُجيْن والباسَورد صْح,mobile_app,2026-01-28 23:10:20,تقني,سلبي
C102438,السلام عليكم، طلبت حذاء رياضي يوم الخميس. شكراً لفريق الدعم الفني على حل مشكلة تسجيل الدخول,mobile_app,2026-01-29 04:30:33,تقني,إيجابي
C694097,السلام عليكم، هل يمكن الحصول على فاتورة ضريبية للطــــلب #88908؟,payment_portal,2026-01-29 07:34:58,فوترة,محايد
C881694,السلام  عليكم، هل يمكن الحصول على فاتورة ضريبية للطــــلب #88908؟,payment_portal,2026-01-29 09:43:58,فوترة,محايد
C157884,هلا كلمتكم يوم الجمعة عن مكنــسة كهربائية المبلغ 150 ريال طلبي #20952 متأخر 4 أيام وللحين ما وصل,delivery_app,2026-01-29 09:47:31,توصيل,سلبي
C424332,يا جماعة ما عم يزبط معي سجل دخول مع إنو كلمة السر صح، طالب عطر يوم السبت بدي حل بسرعة,mobile_app,2026-01-29 11:20:21,تقني,سلبي
C409487,مرحباً، كيف أتتبع الشحنة رقم #75965؟ المبلغ الإجمالي 99 ريال. https://example.com/orders/51980,delivery_app,2026-01-29 12:19:24,توصيل,محايد
C611788,رقم الأوردر #10160 فضلت مستني على التليفون ساعة ومحدش رد بجد حــاجة تضايق!,call_center,2026-01-29 19:16:21,خدمة_عملاء,سلبي
C916938,ازيكم عندي مشكلة من امبارح ومحدش حلها، رقم الأوردر #44983 دي المرة الثالثة يحصل كده,delivery_app,2026-01-29 21:06:21,توصيل,سلبي
C845604,السلام عليكم، تواصلت معكم يوم الأحد بخصوص ساعة ذكية. وصل الطلب قبل الموعد والتغليف ممتاز,delivery_app,2026-01-29 22:59:53,توصيل,إيجابي
C125231,الفاتورة واضحة ومفصلة، عمل ممتــــاز,payment_portal,2026-01-30 06:21:15,فوترة,إيجابي
C943602,لو سمحتم، الفاتورة واضحة ومفصلة، عمل ممتاز رقمي 0527398952,payment_portal,2026-01-30 07:44:15,فوترة,إيجابي
C569359,السلام عليكم، شكراً على سرعة الرد والتعامل الراقي، المبلغ الإجمالي 150 ريال. هذه المرة الثالثة التي يحدث فيها ذلك.,call_center,2026-01-30 09:59:55,خدمة_عملاء,إيجابي
C412249,السلام عليكم، رقم الطلب #25130. هل يمكن الحصول على فاتورة ضريبية للطلب #67269؟,payment_portal,2026-01-30 11:00:31,فوترة,محايد
C969836,يا جماعة الحاجة وصلت مكسورة، دي المرة الثالثة يحصل كده مش هتعامل معاكم تاني,delivery_app,2026-01-30 15:20:34,توصيل,سلبي
C863745,5asamto mni el mablagh marten 3ala nafs el order order #67689,payment_portal,2026-01-30 15:31:43,فوترة,سلبي
C432313,طالب ألعاب أطفال يوم الأربعاء رقم الأوردر #25840 مكتوب إن الأوردر اتسلم وأنا ماستلمتش حاجة,delivery_app,2026-01-31 06:33:39,توصيل,سلبي
C523881,حكيتكن يوم الثلاثاء عن كتب الغرض وصل مكسور,delivery_app,2026-01-31 08:17:50,توصيل,سلبي
C663559,المندوب ما اتصل فيني ورجّع الطلبية، وفوق هذا صرلي 9 أيـــام ناطر يرجعولي المصاري وما في شي,payment_portal,2026-01-31 10:58:17,فوترة,سلبي
C447071,ازيكم رقم الأوردر #32174 عايز أكلم حد مسؤول,web_form,2026-01-31 11:09:37,أخرى,سلبي
C805069,ازيكم رقم الأوردر #94029 الفاتورة المرة دي غالية جداً ومش فاهم ليه عايز حل بسرعة,call_center,2026-01-31 11:17:46,خدمة_عملاء,سلبي
C493506,مرحبا هي المرة الثالثة بتصـــير هيك لسا المشكلة متل ما هي,call_center,2026-01-31 16:16:58,خدمة_عملاء,سلبي
C859899,الفاتورة المرة دي غالية جداً ومش فاهم ليه، كلمتكم يوم الاثنين عن لابتوب,payment_portal,2026-01-31 22:19:56,فوترة,سلبي
C700987,لو سمحتم، هل يمكن الــحصول على فاتورة ضريبية للطلب #73494؟ رقمي 0545592248,payment_portal,2026-02-01 03:32:48,فوترة,محايد
C458957,عندي مشكلة من امبارح ومحدش حلها مش هتعامل معاكم تاني https://example.com/orders/47206,call_center,2026-02-01 09:09:23,خدمة_عملاء,سلبي
C157341,لو سمحتم، تم تسجيل الطلب كمستلم ولكنه لم يصلني، هذه المرة الثالثة التي يحدث فيها ذلك.,delivery_app,2026-02-01 10:13:53,توصيل,سلبي
C214165,تواصلت معكم يوم الجمعة بخصوص حذاء رياضي. رقم الطلب #68905. كود الخصم لم يُطبَّق على الفاتورة رغم أنه ساري المفعول,payment_portal,2026-02-01 17:57:25,فوترة,سلبي
C694749,تواصلت معكم يوم الجمعة بخصوص حذاء رياضي. رقم الطلب #68905. كود الخصم لم يُطبَّق على الفاتورة رغم أنه ساري المفعول,payment_portal,2026-02-01 17:57:25,فوترة,سلبي
C561667,مرحباً، المبلغ الإجمالي 49 ريال. رقم الطلب #98348. هل تتوفر خدمة التوصيل في نفس اليوم؟,delivery_app,2026-02-01 20:03:46,توصيل,محايد
C384669,لو سمحتم، المــوظفة كانت متعاونة جداً وحلّت مشكلتي,call_center,2026-02-01 22:43:13,خدمة_عملاء,إيجابي
C498031,لو سمحتم، المــوظفة كانت متعاونة جداً وحلّت مشكلتي,call_center,2026-02-01 22:43:13,خدمة_عملاء,إيجابي
C130924,الفاتورة هالمرة كتير غالية وما حدا شرحلي ليش، المبلغ 99 رقم الطلب #14865 ما رح اتعامل معكن بعد اليوم https://example.com/orders/69372,payment_portal,2026-02-02 01:46:24,فوترة,سلبي
C789408,تواصلت معكم يوم الثلاثاء بخصوص قهوة. التحديث الجديد ممتاز والتطبيق صار أسرع,mobile_app,2026-02-02 09:50:55,تقني,إيجابي
C598948,السلام عليكم، كيف أغيّر رقم الجوال المرتبط بالحساب؟ رقم الطلب #81128.,mobile_app,2026-02-02 09:55:02,تقني,محايد
C193305,ازيكم المندوب ماكلمنيش ورجّع الشحنة، رقم الأوردر #39684 كلمتكم يوم الأحد عن كتب مش هتعامل معاكم تاني,delivery_app,2026-02-03 01:09:49,توصيل,سلبي
C648780,السلام عليكم انتظرت ساعة على الخط ومحد رد، المبلغ 199 ريال,call_center,2026-02-03 02:26:41,خدمة_عملاء,سلبي
C383392,الموظف كان أسلوبو مش منيح وسكّر الخط، المبلغ 250,delivery_app,2026-02-03 02:42:02,خدمة_عملاء,سلبي
C605692,الموظف  كان أسلوبو مش منيح وسكّر الخط، المبلغ 250,delivery_app,2026-02-03 04:21:02,خدمة_عملاء,سلبي
C664447,مرحبا الْمبلغ 250 طْاْلب كّرسي مكتب يْوم الاَثْنين صرليُ 12 أيام نّاطر يرُجعوِلِي الْمصاُري وماْ فُي شي,payment_portal,2026-02-03 08:30:37,فوترة,سلبي
C181464,ازيكم مش عارف أعمل لوجين والباسورد صح، طالب قهوة يوم الثلاثاء الحساب كله 199 جنيه بجد حاجة تضايق!,payment_portal,2026-02-03 13:14:08,تقني,سلبي
C815726,جددوا لي الاشتراك بدون ما أوافق وسحبوا 250 ريال، رقم الطلب #35189 المبلغ 750 ريال ابي حل بسرعة,payment_portal,2026-02-03 17:40:06,فوترة,سلبي
C420636,جددوا لي الاشتراك بدون ما أوافق وسحبوا 250 ريال، رقم الطلب #35189 المبلغ 750 ريال ابي حل بسرعة,payment_portal,2026-02-03 17:40:06,فوترة,سلبي
C690517,ازيكم مش عارف أعمل لوجين والباسورد صح، الحساب كله 99 جنيه مش هتعامل معاكم تاني,mobile_app,2026-02-03 19:58:35,تقني,سلبي
C735037,المندوب ماكلمنيش ورجّع الشحنة، طالب شاشة يوم الأحد الحساب كله 199 جنيه,delivery_app,2026-02-03 20:17:30,توصيل,سلبي
C777473,ضليت ناطر ع التلفون ساعة وما حدا رد، طالب لابتوب يوم الاثنين هي المرة الخامسة بتصير هيك والله شي بيقهر!,call_center,2026-02-03 22:56:43,خدمة_عملاء,سلبي
C639650,..؟,payment_portal,2026-02-04 02:53:24,فوترة,سلبي
C652185,مرحبا رقم الطلب #82371 بعتتلكن كذا رسالة وما حدا رد,call_center,2026-02-04 10:01:29,خدمة_عملاء,سلبي
C785261,السلام عليكم كلمتكم يوم السبت عن قهوة أبي أكلم مسؤول لو سمحتوا,payment_portal,2026-02-04 10:25:19,فوترة,سلبي
C387136,كود التحقق ما يوصلني، كلمتكم يوم الثلاثاء عن عطر المبلغ 49 ريال,mobile_app,2026-02-04 15:01:44,تقني,سلبي
C237197,كود التْحقق ما يُوصلني، كلمتّكم يوم الثُلاثاء عْنَ عطر المِبْلغ 49 رّيال,mobile_app,2026-02-04 17:06:44,تقني,سلبي
C614864,لو سمحت الفاتوــرة المرة دي غالية جداً ومش فاهم ليه، طالب جوال يوم الجمعة,payment_portal,2026-02-04 22:38:11,فوترة,سلبي
C114965,هلا رقم الطلب #92499 هذي المرة الرابعة يصير كذا الطلب وصل ناقص غرض,delivery_app,2026-02-05 03:45:01,توصيل,سلبي
C143338,هلا رقم الطلب #92499 هذي المرة الرابعة يصير كذا الطلب وصل ناقص غرض,delivery_app,2026-02-05 03:45:01,توصيل,سلبي
C284789,طلبي #47115 متأخر 14 أيام وللحين ما وصل، هذي المرة الثالثة يصير كذا رقم الطلب #11809 والـــله شي يقهر!,delivery_app,2026-02-05 05:19:36,توصيل,سلبي
C659723,الفاتورة هالمرة كتير غالية وما حدا شرحلي ليش، حكيتكن يوم الأربعاء عن طابعة بدي حل بسرعة,payment_portal,2026-02-05 09:18:15,فوترة,سلبي
C547209,عندي مشكلة من امبارح ومحدش حلها، رقم الأوردر #61256 بجد حاـجة تضايق!,mobile_app,2026-02-05 09:34:40,تقني,سلبي
C627227,لو سمحتم، تواصلت معكم يوم الثلاثاء بخصوص ألعاب أطفال. المندوب كان محترماً ودقيقاً في الموعد,delivery_app,2026-02-05 09:52:14,توصيل,إيجابي
C500992,الفاتورة  هالمرة كتير غالية وما حدا شرحلي ليش، حكيتكن يوم الأربعاء عن طابعة بدي حل بسرعة,payment_portal,2026-02-05 11:02:15,فوترة,سلبي
C890834,يا جماعة دي المرة الخامسة يحصل كده الخدمة وحشة جداً بجد حاجة تضايق! رقمي 0566055747,delivery_app,2026-02-05 19:34:29,توصيل,سلبي
C365323,طلبيتي #21562 متأخرة 3 أيام ولسا ما وصلت، طالب عطر يوم الثلاثاء هي المرة الرابعة بتصير هيك,delivery_app,2026-02-06 01:41:37,توصيل,سلبي
C262761,طلبيتي #21562 متأخرة 3 أيام ولسا ما وصلت، طالب عطر يوم الثلاثاء هي المرة الرابعة بتصير هيك!!!,delivery_app,2026-02-06 01:42:37,توصيل,سلبي
C153931,السلام عليكم، الفاتورة واضحة ومفصلة، عمل ممتاز، المبلغ الإجمالي 250 ريال.,payment_portal,2026-02-06 07:20:26,فوترة,إيجابي
C794257,السلام عليكم بعد التحديث الجديد التطبيق خربان، رقم الطلب #12583 كلمتكم يوم الثلاثاء عن جوال,mobile_app,2026-02-06 11:28:50,تقني,سلبي
C620757,ازيكم طالب لابتوب يوم الأربعاء رقم الأوردر #46143 لسه المشكلة زي ما هي مش هتعامل معاكم تاني https://example.com/orders/71583,mobile_app,2026-02-06 14:41:05,تقني,سلبي
C500301,السلام عليكم ما أقدر أسجل دخول والباسوورد صحيح، هذي المرة الرابعة يصير كذا https://example.com/orders/34598,mobile_app,2026-02-06 23:29:19,تقني,سلبي
C491061,التطبيق يطلعني برا كل ما أفتح الطلبات,mobile_app,2026-02-07 03:57:45,تقني,سلبي
C965971,لو سمحتم، شكراً على سرعة الرد والتعامل الراقي,call_center,2026-02-07 07:31:23,خدمة_عملاء,إيجابي
C330313,مرحبا رقم الطلب #55402 هي المرة الخامسة بتصير هيك الخدمة كتير سيئة ما رح اتعامل معكن بعد اليوم,payment_portal,2026-02-07 13:39:31,فوترة,سلبي
C135190,هلا هذي المرة الخامسة يصير كذا تجربة ما تنعاد ما عاد أتعامل معكم,payment_portal,2026-02-07 15:17:41,فوترة,سلبي
C154869,كيف أفعّل التحقق بخطوتين؟ المبلغ الإجمـــالي 499 ريال.,mobile_app,2026-02-07 15:46:47,تقني,محايد
C720397,مرحبا  رقم الطلب #55402 هي المرة الخامسة بتصير هيك الخدمة كتير سيئة ما رح اتعامل معكن بعد اليوم,payment_portal,2026-02-07 16:26:31,فوترة,سلبي
C220271,لو سمحت مش عارف أعمل لوجين والباسورد صح، الحساب كله 99 جنيه,mobile_app,2026-02-07 17:28:47,تقني,سلبي
C758748,جددولي الاشتراك بدون ما اطلب وانسحب المبلغ، المبلغ 150 طالب ثلاجة يوم الاثنين,payment_portal,2026-02-07 22:30:04,فوترة,سلبي
C982768,ازيكم الحساب كله 499 جنيه طالب شاحن يوم السبت عايز أكلم حد مسؤول,payment_portal,2026-02-08 06:27:49,فوترة,سلبي
C606725,يا جماعةُ حكيتكِن يوم الْسبت عن عطر طالب كرسِيّ مكتب يْوم اُلخميْس الخَدمة كتير سيئة ما رح اتْعامَل مَعكن بعد اليوم,delivery_app,2026-02-08 14:23:34,توصيل,سلبي
C961736,السلام عليكم، المبلغ الإجمالي 250 ريال. هذه المرة الثالثة التي يحدث فيها ذلك. هل تتوفر خدمة التوصيل في نفس اليوم؟,delivery_app,2026-02-08 16:33:33,توصيل,محايد
C379631,المبلغ الإجمالي 49 ريال. طلبت استرجاع المبلغ منذ 10 أيام ولم يصلني شيء حتى الآن سأضطر لإلغاء الاشتراك إن لم تُحل المشكلة.,payment_portal,2026-02-08 23:37:57,فوترة,سلبي
C539426,التحديث الجديد ممتاز والتطبيق صار أسرع، طلبت شاشة يوم الاثنين.,mobile_app,2026-02-09 03:02:45,تقني,إيجابي
C624943,هلا طلبي #44824 متأخر 10 أيام وللحين ما وصل، هذي المرة الثانية يصير كذا وـــالله شي يقهر!,delivery_app,2026-02-09 07:51:15,توصيل,سلبي
C521816,التطبيق يطلعني برا كل ما أفتح الطلبات، طلبت خلاط يوم الاثنين ابي حل بسرعة,mobile_app,2026-02-09 11:42:55,تقني,سلبي
C223571,يا جماعة طلبت مكنسة كهربائية يوم الأحد كلمتكم يوم الأحد عن ألعاب أطفال من 14 أيام طالب استرجاع فلوسي وللحين ما وصلت,payment_portal,2026-02-09 14:33:49,فوترة,سلبي
C228407,تم تجديد الاشتراك تلقائياً دون موافقتي وخصم 499 ريال، وأيضاً أرسلت عدة رسائل ولم أتلقَّ أي رد، رقم الطلب #51894. المبلغ الإجمالي 750 ريال.,email,2026-02-09 18:02:09,فوترة,سلبي
C738735,انسحب مني 250 مرتين على نفس الطلب، المبلغ 199 حكيتكن يوم الجمعة عن شاشة,delivery_app,2026-02-09 18:06:16,توصيل,سلبي
C465528,الغرض وصل مكسور، المبلغ 250 هي المرة الثالثة بتصير هيك,delivery_app,2026-02-09 22:50:26,توصيل,سلبي
C766038,🙄🙄,mobile_app,2026-02-10 00:13:30,تقني,سلبي
C967366,يا جماعة الفاتورة هالشهر واجد غالية وما أدري ليش، طلبت حذاء رياضي يوم السبت,payment_portal,2026-02-10 00:35:56,فوترة,سلبي
C533636,السلام عليكم، تم خصم مبلغ 99 ريال من حسابي مرتين لنفس الطلب، طلبت ثلاجة يوم الاثنين.,payment_portal,2026-02-10 05:08:11,فوترة,سلبي
C418269,يا جماعة اتخصم مني 250 جنيه مرتين على نفس الأوردر بجد حاجة تضايق!,payment_portal,2026-02-10 15:06:38,فوترة,سلبي
C764976,مرحباً، هذه المرة الثانية التي يحدث فيها ذلك. المبلغ الإجمالي 499 ريال. شكراً لفريق الدعم الفني على حل مشكلة تسجيل الدخول,mobile_app,2026-02-10 16:38:54,تقني,إيجابي
C811659,هلا أبي أكلم مسؤول لو سمحتوا، رقم الطلب #55302 كلمتكم يوم الأربعاء عن سماعات ابي حل بسرعة,mobile_app,2026-02-10 16:59:26,تقني,سلبي
C727625,السلام عليكم كلمتكم يوم الجمعة عن ألعاب أطفال هذي المرة الخامسة يصير كذا راسلتكم أكثر من مرة ومحد رد علي,call_center,2026-02-10 18:59:16,خدمة_عملاء,سلبي
C361013,انسحب مني 150 مــــرتين على نفس الطلب، هي المرة الخامسة بتصير هيك بدي حل بسرعة,payment_portal,2026-02-11 08:30:05,فوترة,سلبي
C278045,انسحب مني 150 مــــرتين على نفس الطلب، هي المرة الخامسة بتصير هيك بدي حل بسرعة,payment_portal,2026-02-11 08:30:05,فوترة,سلبي
C358690, انسحب مني 150 مــــرتين على نفس الطلب، هي المرة الخامسة بتصير هيك بدي حل بسرعة ,payment_portal,2026-02-11 09:41:05,فوترة,سلبي
C292269,الموظفة كانت متعاونة جداً وحلّت مشكلتي، هذه المرة الخامسة التي يحدث فيها ذلك. طلبت لابتوب يوم السبت.,call_center,2026-02-11 10:54:09,خدمة_عملاء,إيجابي
C945148,لو سمحتم، طلبت حذاء رياضي يوم الجمعة. المبلغ الإجمالي 750 ريال. كيف أفعّل التحقق بخطوتين؟,mobile_app,2026-02-11 11:18:20,تقني,محايد
C445541,مرحبا ما عم يزبط معي سجل دخول مع إنو كلمة السر صح، رقم الطلب #79443,mobile_app,2026-02-11 14:10:07,تقني,سلبي
C201367,لو سمحتو جددولي الاشتراك بدون ما اطلب وانسحب المبلغ، هي المرة الرابعة بتصير هيك,payment_portal,2026-02-11 18:51:05,فوترة,سلبي
C149850,لو سمحَت لسه المشكلُةِ زيُ مّا هي، كلُمتكمْ يوم اَلثلاثاء عنُ حقيبُة,payment_portal,2026-02-11 19:45:54,فوترة,سلبي
C788372,ازيكم الكوبون مااشتغلش والفلوس اتسحبت كاملة، طالب ثلاجة يوم الاثنين بجد حاجة تضايق!,web_form,2026-02-11 22:00:15,أخرى,سلبي
C311087,ازيكم الكوبون مااشتغلش والفلوس اتسحبت كاملة، طالب ثلاجة يوم الاثنين بجد حاجة تضايق!,web_form,2026-02-11 22:00:15,أخرى,سلبي
C272917,هذه المرة الرابعة التي يحدث فيها ذلك. هل يمكن الحصول على فاتورة ضريبية للطلب #18231؟,payment_portal,2026-02-12 00:46:43,فوترة,محايد
C447702,لسا المشكلة متل ما هي، رقم الطلب #10239 بدي حل بسرعة,mobile_app,2026-02-12 07:01:26,تقني,سلبي
C547213,الَأبلِكيشن بيقفل لوحدهَ كل شوية، كلمتكم يِومُ السبت عن كرسي مكتب,mobile_app,2026-02-12 08:58:35,تقني,سلبي
C153090,انسحب مني 99 مرتين على نفس الطلب، طالب مكنسة كهربائية يوم الخميس بدي حل بسرعة,payment_portal,2026-02-12 11:31:11,فوترة,سلبي
C534708,هل يوجد رقم مباشر للتواصل مع مشرف؟ طلبت ثلاجة يوم الأحد.,call_center,2026-02-12 13:56:58,خدمة_عملاء,محايد
C266348,يا جماعة الفاتورة المرة دي غالية جداً ومش فاهم ليه، دي المرة الخامسة يحصل كده طالب لابتوب يوم الأربعاء بجد حاجة تضايق!,payment_portal,2026-02-12 16:07:03,فوترة,سلبي
C351214,ما هي ساعات عمل خدمة العملاء؟ طلبت مكنسة كهربائية يوم السبت.,call_center,2026-02-12 19:48:34,خدمة_عملاء,محايد
C376751,مرحباً، الفاتورة واضحة ومفصلة، عمل ممتاز، هذه المرة الثانية التي يحدث فيها ذلك.,payment_portal,2026-02-13 00:51:10,فوترة,إيجابي
C125152,يا جماّعةَ انخّصم مني 499 ريال مْرتين علِى نفس الطُلب، طلبْت مكنسة كهربائْيَة يوم الثلاُثاء,payment_portal,2026-02-13 06:34:19,فوترة,سلبي
C658614,يا جماــــعة جددوا لي الاشتراك بدون ما أوافق وسحبوا 150 ريال، كلمتكم يوم الأربعاء عن جوال والله شي يقهر!,payment_portal,2026-02-13 08:21:45,فوترة,سلبي
C183565,مرحبا هي المرة الثانية بتصير هيك عندي مشكلة من مبارح وما حدا حلّها,call_center,2026-02-13 13:08:56,خدمة_عملاء,سلبي
C889970,لو سمحتم، كيف أغيّر رقم الجوال المرتبط بالحساب؟ هذه المرة الثانية التي يحدث فيها ذلك. تواصلت معكم يوم الأحد بخصوص كتب.,mobile_app,2026-02-13 16:00:04,تقني,محايد
C606855,لو سمحتم، الخدمة سيئة جداً ولن أتعامل معكم مرة أخرى، المبلغ الإجمالي 150 ريال. رقم الطلب #13814.,call_center,2026-02-13 22:23:22,خدمة_عملاء,سلبي
C148210,المندوب لم يتصل بي وأعاد الشحنة، هذه المرة الثانية التي يحدث فيها ذلك. https://example.com/orders/69617,delivery_app,2026-02-13 23:14:26,توصيل,سلبي
C984433,يا جماعة ما أقدر أسجل دخول والباسوورد صحيح، المبلغ 320 ريال ابي حل بسرعة https://example.com/orders/35294,mobile_app,2026-02-14 01:10:00,تقني,سلبي
C420844,كود التحقق ما يوصلني، طلبت لابتوب يوم الأربعاء,mobile_app,2026-02-14 10:50:15,تقني,سلبي
C201759,مرحباً، هل يمكن الحصول على فاتورة ضريبية للطلب #59252؟ هذه المرة الثانية التي يحدث فيها ذلك.,payment_portal,2026-02-14 14:00:18,فوترة,محايد
C683345,هل يمكن الحصول على فاتورة ضريبية للطلب #85782؟ رقم الطلب #18119.,payment_portal,2026-02-14 15:18:53,فوترة,محايد
C772635,صرلي 3 أيام ناطر يرجعولي المصاري وما في شي، طالب قهوة يوم الخميس,payment_portal,2026-02-14 18:35:54,فوترة,سلبي
C871104,الأوردر #74237 متأخر 8 أــــيام ولسه ماوصلش,delivery_app,2026-02-14 20:53:06,توصيل,سلبي
C134787,الحساِبِ كلهّ 49 جنيه بّقّالي 13 أيام مستنيِ فِلوسي ترجع ومفيش حاجة,payment_portal,2026-02-14 22:09:28,فوترة,سلبي
C583906,يا جماعة انخصم منيُ 320 ريال مرتينْ علَى نفس الطلب، كلمتكم يَوّمّ الاثنين عن شّاشة,mobile_app,2026-02-15 00:02:56,تقني,سلبي
C418764,لو سمحت لسه المشكلة زي ما هي، كلمتكم يوم السبت عن خلاط,call_center,2026-02-15 00:43:28,تقني,سلبي
C974911,هذه المرة الخامسة التي يحدث فيها ذلك. هل يدعم التطبيق الأجهزة القديمة؟,mobile_app,2026-02-15 03:10:56,تقني,محايد
C577900,رقم الطلب #69577. المبلغ الإجمالي 150 ريال. هل تتوفر خدمة التوصيل في نفس اليوم؟,delivery_app,2026-02-15 06:09:15,توصيل,محايد
C193515,mesh 3aref a3mel login w el password sa7 order #61253,mobile_app,2026-02-15 10:50:39,تقني,سلبي
C356628,مكتوب إن الأوردر اتسلم وأنا ماستلمتش حاجة، رقم الأوردر #69163 بجد حاجة تضايق!,delivery_app,2026-02-15 12:50:50,توصيل,سلبي
C330933,يا جماعة طالب قهوة يوم الأحد الموظف كان أسلوبو مش منيح وسكّر الخط,call_center,2026-02-15 13:54:12,خدمة_عملاء,سلبي
C891443,هلا المبلغ 750 ريال الغرض وصلني مكسور والله شي يقهر!,delivery_app,2026-02-15 22:10:11,توصيل,سلبي
C773091,المبلغ 150 ريال كلمتكم يوم الأربعاء عن شاشة بعد التحديث الجديد التطبيق خربان ابي حل بسرعة,mobile_app,2026-02-15 23:41:22,تقني,سلبي
C974820,مرحبا جددولي الاشتراك بـــدون ما اطلب وانسحب المبلغ، حكيتكن يوم الأربعاء عن حقيبة,payment_portal,2026-02-16 11:36:58,فوترة,سلبي
C666601,مرحباً، شكراً على سرعة الرد والتعامل الراقي، رقم الطلب #12938.,call_center,2026-02-16 21:46:50,خدمة_عملاء,إيجابي
C935497,لو سمحت رقم الأوردر #83300 مكتوب إن الأوردر اتسلم وأنا ماستلمتش حاــــجة بجد حاجة تضايق!,delivery_app,2026-02-17 02:58:44,توصيل,سلبي
C145230, ,call_center,2026-02-17 03:50:35,خدمة_عملاء,سلبي
C944150,تجربة ما بتنعاد، رقم الطلب #60457 ما رح اتعامل معكن بعد اليوم,delivery_app,2026-02-17 08:58:22,توصيل,سلبي
C327383,هل يمكن الحصول على فاتورة ضريبية للطلب #86132؟ رقم الطلب #86401.,payment_portal,2026-02-17 12:12:29,فوترة,محايد
C578531,السلام عليكم، هذه المرة الثانية التي يحدث فيها ذلك. تواصلت معكم يوم الجمعة بخصوص نظارة شمسية. هل تتوفر خدمة التوصيل في نفس اليوم؟,delivery_app,2026-02-17 15:28:11,توصيل,محايد
C595322,السلام عليكم، هذه المرة الثانية التي يحدث فيها ذلك. تواصلت معكم يوم الجمعة بخصوص نظارة شمسية. هل تتوفر خدمة التوصيل في نفس اليوم؟,delivery_app,2026-02-17 15:28:11,توصيل,محايد
C194975,بدي احَكي مع حُدا مسَؤول، المبلغ 49 بديَ حل بسرعة,mobile_app,2026-02-17 19:05:49,تقني,سلبي
C367093,المبلغ الإجمالي 199 ريال. هذه المرة الثانية التي يحدث فيها ذلك. الفاتورة الأخيرة أعلى بكثير من المعتاد دون أي توضيح سأضطر لإلغاء الاشتراك إن لم تُحل المشكلة.,payment_portal,2026-02-17 21:50:49,فوترة,سلبي
C769103,أريد التحدث مع مسؤول بخصوص طلبي، المبلغ الإجمالي 499 ريال. رقم الطلب #17041. أرجو الحل بأسرع وقت.,payment_portal,2026-02-17 23:23:42,فوترة,سلبي
C298235,لو سمحت رقم الأوردر #17307 بقالي 9 أيام مستني فلوسي ترجع ومفيش حاجة,payment_portal,2026-02-18 04:11:19,فوترة,سلبي
C948553,يا جماعة المندوب ماكلمنيش ورجّع الشحنة، رقم الأوردر #50645 بجد حاجة تضايق!,delivery_app,2026-02-18 08:16:31,توصيل,سلبي
C549417,..؟,call_center,2026-02-18 09:39:13,خدمة_عملاء,سلبي
C833053,متى يتم إصدار الفاتورة الشهرية؟ هذه المرة الرابعة التي يحدث فيها ذلك. رقم الطلب #43616.,payment_portal,2026-02-18 10:27:52,فوترة,محايد
C557044,ازيكم الحساب كله 49 جنيه دي المرة الثانية يحصل كده الموظف كان أسلوبه وحش وقفل السكة في وشي بجد حاجة تضايق!,call_center,2026-02-18 18:04:22,خدمة_عملاء,سلبي
C830928,يا جماــــعة طالب مكنسة كهربائية يوم الجمعة لسا المشكلة متل ما هي بدي حل بسرعة,call_center,2026-02-18 18:44:28,خدمة_عملاء,سلبي
C801690,تجربة ما بتنعاد، المبلغ 199,mobile_app,2026-02-18 19:02:39,تقني,سلبي
C426631,عندي مشكلة من أمس ومحد حلها والله شي يقهر!,twitter,2026-02-18 23:34:00,تقني,سلبي
C554488,!!!!,payment_portal,2026-02-19 04:54:24,فوترة,سلبي
C477888,تم تجديد الاشتراك تلقائياً دون موافقتي وخصم 49 ريال، المبلغ الإجمالي 199 ريال. هذه المرة الرابعة التي يحدث فيها ذلك. أرجو الحل بأسرع وقت.,web_form,2026-02-19 12:01:38,أخرى,سلبي
C392232,لو سمحتو الموظف كان أسلوبو مش منيح وسكّر الخط، طالب حقيبة يوم الأربعاء ما رح اتعامل معكن بعد اليوم,call_center,2026-02-19 18:14:28,خدمة_عملاء,سلبي
C354630,مرحباً، تطبيقكم رائع وأتمنى لكم التوفيق,web_form,2026-02-19 18:32:40,أخرى,إيجابي
C694185,الكوبون مااشتغلش والفلوس اتسحبت كاملة، رقم الأوردر #19919,payment_portal,2026-02-19 20:58:03,فوترة,سلبي
C670227,يا جماعة طــلبت نظارة شمسية يوم الجمعة الفاتورة هالشهر واجد غالية وما أدري ليش رقمي 0586669656,payment_portal,2026-02-19 21:04:08,فوترة,سلبي
C616649,الحساب كله 99 جنيه الأبلكيشن بيقفل لوحده كل شوية,mobile_app,2026-02-19 22:14:22,تقني,سلبي
C707297,لو سمحتم، كيف أغيّر طريقة الــدفع المسجلة في حسابي؟ هذه المرة الخامسة التي يحدث فيها ذلك. رقم الطلب #74362.,payment_portal,2026-02-20 00:21:04,فوترة,محايد
C899006,التطبيق يتوقف عن العمل كلما حاولت فتح صفحة الطلبات، طلبت حذاء رياضي يوم السبت. هذا غير مقبول إطلاقاً!,mobile_app,2026-02-20 00:42:04,تقني,سلبي
C297278,هلا ما أقدر أسجل دخول والباسوورد صحيح، وأيضاً راسلتكم أكثر من مرة ومحد رد علي، طلبت كرسي مكتب يوم الاثنين هذي المرة الثانية يصير كذا ما عاد أتعامل معكم,mobile_app,2026-02-20 02:08:46,تقني,سلبي
C859581,طلبت نظارة شمسية يوم الثلاثاء. المبلغ الإجمالي 250 ريال. كيف أتتبع الشحنة رقم #47355؟,delivery_app,2026-02-20 03:07:43,توصيل,محايد
C171761,لو سمحتو رقم الطلب #62987 حكيتكن يوم الأحد عن ألعاب أطفال لسا المشكلة متل ما هي,payment_portal,2026-02-20 06:51:09,فوترة,سلبي
C882750,لو سمحتم، المبلغ الإجمالي 250 ريال. تم تسجيل الطلب كمستلم ولكنه لم يصلني سأضطر لإلغاء الاشتراك إن لم تُحل المشكلة.,delivery_app,2026-02-20 12:01:08,توصيل,سلبي
C171514,السلام عليكم الطلب وصل ناقص غرض، رقم الطلب #94527,delivery_app,2026-02-21 06:14:09,توصيل,سلبي
C203845,مرحباً، تم تجديد الاشتراك تلقائياً دون موافقتي وخصم 750 ريال، طلبت طابــعة يوم الخميس.,payment_portal,2026-02-21 13:52:48,فوترة,سلبي
C654792,مش عارف أعمل لوجين والباسورد صح، دي المرة الثانية يحصل كده كلمتكم يوم الثلاثاء عن ألعاب أطفال,mobile_app,2026-02-22 01:43:07,تقني,سلبي
C267550,يا جماعة رقم الأوردر #70152 طالب عطر يوم الثلاثاء لسه المشكلة زي ما هي بجد حاجة تضايق!,delivery_app,2026-02-22 06:05:28,توصيل,سلبي
C793803,يا جماعة انسحب مني 250 مرتين على نفس الطلب، رقم الطلب #62235 المبلغ 150,payment_portal,2026-02-22 08:54:23,فوترة,سلبي
C912100,هل يوجد رقم مباشر للتواصل مع مشرف؟ رقم الطلب #57038. طلبت طابعة يوم الجمعة.,call_center,2026-02-22 10:28:54,خدمة_عملاء,محايد
C769579,رقم الطلِب #81468. تواَصلَت معكم يوم اَلخُميسّ بخَصوص جِوال. ما هْي ساْعات عّمل خدمْة العُملاء؟,call_center,2026-02-22 18:44:32,خدمة_عملاء,محايد
C389137,تأخر وصول الطلب رقم #21074 أكثر من 6 أيام عن الموعد المحدد، المبلغ الإجمالي 750 ريال. رقمي 0513488600,delivery_app,2026-02-22 18:57:02,توصيل,سلبي
C414079,لو سمحت مكتوب إن الأوردر اتسلم وأنا ماستلمتش حاجة، طالب خلاط يوم الأربعاء الحساب كله 199 جنيه,delivery_app,2026-02-22 19:23:19,توصيل,سلبي
C801235,عندي مشكلة من أمس ومحد حلها، هذي المرة الثالثة يصير كذا والله شي يقهر!,payment_portal,2026-02-23 03:08:16,فوترة,سلبي
C715955,عندي مشكلة من أمس ومحد حلها، هذي المرة الثالثة يصير كذا والله شي يقهر!,payment_portal,2026-02-23 03:08:16,فوترة,سلبي
C929852,المبلغ 99 حكيتكن يِوم الخميس عْن نظارْةُ شمسَية بعتتلكن كذا رسالة ومّا حدا ردَ,call_center,2026-02-23 06:41:11,خدمة_عملاء,سلبي
C778247,مرحباً، طلبت ثلاجة يوم الأحد. الفاتورة الأخيرة أعلى بكثير من المعتاد دون أي توضيح,payment_portal,2026-02-23 11:18:41,فوترة,سلبي
C326051,مرحباً، هذه المرة الثانية التي يحدث فيها ذلك. هل يمكن تغيير عنوان التوصيل للطلب #95420؟,delivery_app,2026-02-23 11:52:02,توصيل,محايد
C440098,لو سمحتم، طلبت كتب يوم الخميس. كيف أغيّر رقم الجوال المرتبط بالحساب؟,mobile_app,2026-02-23 18:54:50,تقني,محايد
C950553,يا جماعةِ اِلمبلغِ 150 ريال جـددوا لي اْلاشتَرْاك بدْون ما أوافق وّسحبوِا 49 رياِل والله شي يقهّر!,payment_portal,2026-02-23 20:24:32,فوترة,سلبي
C810993,متى يتم إصدار الفاتورة الشهرية؟ المبلغ الإجمالي 499 ريال.,payment_portal,2026-02-23 21:35:34,فوترة,محايد
C357898,مرحباً، تواصلت معكم يوم الاثنين بخصوص قهوة. المبلغ الإجمالي 499 ريال. هل تتوفر خدمة التوصيل في نفس اليوم؟,delivery_app,2026-02-23 22:27:49,توصيل,محايد
C677954,,payment_portal,2026-02-23 22:46:08,فوترة,سلبي
C825075,يا جماعة المندوب ماكلمنيش ورجّع الشحنة، الحساب كله 49 جنيه,payment_portal,2026-02-24 05:32:44,فوترة,سلبي
C465035,الموظف كان أسلوبو مش منيح وسكّر الخط، هي المرة الثانية بتصير هيك حكيتكن يوم الجمعة عن جــــوال,call_center,2026-02-24 05:48:42,خدمة_عملاء,سلبي
C580329,صرلي 13 أيام ناطر يرجعولي المصاري وما في شي، رقم الطلب #99171 ما رح اتعامل معكن بعد اليوم,payment_portal,2026-02-24 13:33:05,فوترة,سلبي
C247498,يا ريت تضيفو الدفع عند الاستلام، طالب قهوة يوم الجمعة,payment_portal,2026-02-24 18:14:38,فوترة,سلبي
C742379,هذي المرة الثانية يصير كذا التطبيق يطلعني برا كل ما أفتح الطلبات ابي حل بسرعة,mobile_app,2026-02-24 19:25:25,تقني,سلبي
C257893,..؟,payment_portal,2026-02-25 00:39:21,فوترة,محايد
C377500,كود التحقق ما يوصلني، المبلغ 150 ريال ما عاد أتعامل معكم,mobile_app,2026-02-25 11:40:59,تقني,سلبي
C804813,السلام عليكم، طلبت كرسي مكتب يوم الجمعة. رقم الطلب #51754. هل يمكن تغيير عنوان التوصيل للطلب #89523؟,delivery_app,2026-02-25 15:04:22,توصيل,محايد
C227258,هذي المرة الثالثة يصير كذا طلبي #50210 متأخر 9 أيام وللحين ما وصل ما عاد أتعامل معكم,delivery_app,2026-02-25 17:01:26,توصيل,سلبي
C623554,لو سمحتو الغرض وصل مكسور، رقم الطلب #89925 هي المرة الثانية بتصير هيك,delivery_app,2026-02-25 18:44:29,توصيل,سلبي
C175210,لو سمحتو الغرض وصل مكسور، رقم الطلب #89925 هي المرة الثانية بتصير هيك,delivery_app,2026-02-25 18:44:29,توصيل,سلبي
C486482,السلام عليكم، أين يقع مقركم الرئيسي؟,web_form,2026-02-26 00:03:17,أخرى,محايد
C606129,لو سمحتم، تم تجديد الاشتراك تلقائياً دون موافقتي وخصم 150 ريال، وأيضاً أرسلت عدة رسائل ولم أتلقَّ أي رد، تواصلت معكم يوم الخميس بخصوص كتب. سأضطر لإلغاء الاشتراك إن لم تُحل المشكلة.,payment_portal,2026-02-26 02:05:17,فوترة,سلبي
C300680,لو سمحتمّ، كيف أتتبع الشحنِة رقم #41476؟ رقْمْ الطلْبَ #13605. طلبت جوال يِومَ اِلّجمِعة.,delivery_app,2026-02-26 05:07:50,توصيل,محايد
C673419,يا جماعة كود التفعيل مش بيوصل خالص بجد حاجة تضايق!,mobile_app,2026-02-26 13:24:17,تقني,سلبي
C521712,هلا هذي المرة الثانية يصير كذا المبلغ 320 ريال من 2 أيام طالب استرجاع فلوسي وللحين ما وصلت ابي حل بسرعة,payment_portal,2026-02-26 15:35:34,فوترة,سلبي
C419216,لو سمحتم، تواصلت معكم يوم السبت بخصوص مكنسة كهربائية. هل يمكن الحصول على فاتورة ضريبية للطلب #21225؟,payment_portal,2026-02-26 20:09:00,فوترة,محايد
C692789,لو سمحتو ما عم يزبط معي سجل دخول مع إنو كلمة السر صح، رقم الطلب #29956 ما رح اتعامل معكن بعد اليوم,call_center,2026-02-26 20:18:25,خدمة_عملاء,سلبي
C873981,يا جماعة رقم الأوردر #32700 الكوبون مااشتغلش والفلوس اتسحبت كاملة عايز حل بسرعة,payment_portal,2026-02-27 01:18:20,فوترة,سلبي
C293689,شكراً على سرعة الرد والتعامل الراقي، رقم الطلب #82520.,call_center,2026-02-27 03:40:33,خدمة_عملاء,إيجابي
C622787,لو سمحتم، هل يدعم التطبيق الأجهزة القديمة؟ المبلغ الإجمالي 250 ريال.,mobile_app,2026-02-27 16:12:41,تقني,محايد
C726247,مرحباً، كيف أغيّر رقم الجوال المرتبط بالحساب؟ تواصلت معكم يوم السبت بخصوص حقيبة.,mobile_app,2026-02-27 17:09:48,تقني,محايد
C500686,el order mt2a5er 9 ayam w lessa ma wesel order #83140,delivery_app,2026-02-27 17:13:24,توصيل,سلبي
C280805,تواصلت معكم يوم الثلاثاء بخصوص نظارة شمسية. هل يدعم التطبيق الأجهزة القديمة؟,mobile_app,2026-02-27 20:44:10,تقني,محايد
C612291,مرحباً، فكرة برنامُج النقاُط مَمتازة,web_form,2026-02-28 02:51:31,أخرى,إيجابي
C963889,صرلي 4 أيام ناطر يرجعولي المصاري وما في شي، طالب نظارة شمسية يوم الثلاثاء حكيتكن يوم الثلاثاء عن كتب والله شي بيقهر!,payment_portal,2026-02-28 03:10:35,فوترة,سلبي
C985367,لو سمحتو طالب حقيبة يوم السبت الخدمة كتير سيئة والله شي بيقهر!,delivery_app,2026-02-28 09:48:01,توصيل,سلبي
C750442,رقم الطلب #21827 هذي المرة الثانية يصير كذا الغرض وصلني مكسور والله شي يقهر!,delivery_app,2026-02-28 12:02:24,توصيل,سلبي
C819821,لو سمحتم، التحديث الجديد ممتاز والتطبيق صار أسرع,mobile_app,2026-02-28 14:22:01,تقني,إيجابي
C787243,يا جماعة من بعد التحديث الجديد التطبيق ما عم يشتغل، المبلغ 49 رقم الطلب #69421,call_center,2026-02-28 18:47:59,خدمة_عملاء,سلبي
C174397,يا جماعة طالب عطُر يّوِم الأحدْ رقَم الأوردر #26263 فضلْت مستني على التلْيفون ساعْة ومُحدَش رد,call_center,2026-03-01 01:42:32,خدمة_عملاء,سلبي
C859353,كلمتكم يوم الأحد عن لابتوب المندوب ماكلمنيش ورجّع الشحنة,delivery_app,2026-03-01 03:58:44,توصيل,سلبي
C356844,هذي المـــرة الرابعة يصير كذا طلبت ساعة ذكية يوم الجمعة طلبي #70717 متأخر 14 أيام وللحين ما وصل، وفوق هذا بعد التحديث الجديد التطبيق خربان ما عاد أتعامل معكم,delivery_app,2026-03-01 09:03:44,توصيل,سلبي
C477777,يا جماعة الغرض وصلني مكسور، هذي المرة الخامسة يصير كذا ما عاد أتعامل معكم,delivery_app,2026-03-01 10:14:48,توصيل,سلبي
C311230,السلام عليكم، التحديث الجديد ممتاز والتطبيق صار أسرع، تواصلت معكم يوم الاثنين بخصوص شاشة. رقم الطلب #25337.,mobile_app,2026-03-01 15:46:11,تقني,إيجابي
C731794,الفاتورة المرة دي غالية جداً ومش فاهم ليه، رقم الأوردر #64954 بجد حاجة تضايق!,payment_portal,2026-03-01 17:17:30,فوترة,سلبي
C197571, ,payment_portal,2026-03-01 19:40:34,فوترة,سلبي
C384410,المبلغ الإجمالي 49 ريال. هل يمكن تغيير عنوان التوصيل للطلب #16037؟,delivery_app,2026-03-01 19:45:39,توصيل,محايد
C419259,الفاتورة هالشهر واجد غالية وما أدري ليش، طلبت جوال يوم الاثنين ما عاد أتعامل معكم,payment_portal,2026-03-02 13:46:56,فوترة,سلبي
C578974,هل تتوفر خدمة التوصيل في نفس اليوم؟ رقم الطلب #27869.,delivery_app,2026-03-02 16:02:52,توصيل,محايد
C313730,لو سمحت الخدمة وحشة جداً، الحساب كله 750 جنيه رقم الأوردر #32829 https://example.com/orders/83530,call_center,2026-03-02 19:39:09,خدمة_عملاء,سلبي
C809246,يا جماعة ما أقدر أسجل دخول والباسوورد صحيح، طلبت ثلاجة يوم السبت رقم الطلب #71779,mobile_app,2026-03-02 19:46:30,تقني,سلبي
C748344,هل يوجد رقم مباشر للتواصل مع مشرف؟ هذه المرة الرابعة التي يحدث فيها ذلك. المبلغ الإجمالي 199 ريال.,call_center,2026-03-03 04:41:25,خدمة_عملاء,محايد
C784764,أحتاج مساعدة عاجلة من فضلكم، طلبت خلاط يوم الخميس. هذه المرة الثالثة التي يحدث فيها ذلك.,web_form,2026-03-03 06:43:22,أخرى,سلبي
C161084,الفاتورة هالشهر واجد غالية وما أدري ليش، كلمتكم يوم الأربعاء عن عطر https://example.com/orders/85769,payment_portal,2026-03-03 15:28:47,فوترة,سلبي
C961922,لوُ سمحتو طِالب مكنسّة كهرباْئية يوْم اْلّأِحد التطبيقُ عْمْ يسكّر لْحالو كل شِوّي بدي حل بْسِرّعة,mobile_app,2026-03-03 18:32:50,تقني,سلبي
C696126,مرحباً، المبلغ الإجمالي 750 ريال. تواصلت معكم يوم الأحد بخصوص قهوة. هل يمكن تغيير عنوان التوصيل للطلب #78909؟,delivery_app,2026-03-03 19:20:13,توصيل,محايد
C157838,مرَحباً، المُبلغْ الإجمالي 750 رِيالْ. تواصْلت مْعكم يْوم اّلأحد بخصوصِ قهوّةْ. هل يّمَكّنَ تغيَيرَ عنواّنْ التوصيلّ لُلطَلب #78909؟,delivery_app,2026-03-03 20:25:13,توصيل,محايد
C284132,السلام عليكم كلمتكم يوم الثلاثاء عن جوال انتظرت ساعة على الخط ومحد رد والله شي يقهر!,call_center,2026-03-04 02:12:57,خدمة_عملاء,سلبي
C947361,السلام عليكم كلمتكم يوم الثلاثاء عن جوال انتظرت ساعة على الخط ومحد رد والله شي يقهر!,call_center,2026-03-04 02:12:57,خدمة_عملاء,سلبي
C795367,لو سمحت دي المرة الخامسة يحصل كده تجربة زفت بصراحة,delivery_app,2026-03-04 04:29:54,توصيل,سلبي
C631723,مرحباً، رقمَ الطِلب #45450. كيف أفعّل الُــتحقق بخطُوتينْ؟,mobile_app,2026-03-04 06:28:24,تقني,محايد
C993813,طلبت حقيبة يوم الأربعاء. هل يمكن تغيير عنوان التوصيل للطلب #59965؟,delivery_app,2026-03-04 06:39:49,توصيل,محايد
C207502,السلام عليكم الطلب وصل ناقص غرض، طلبت حذاء رياضي يوم الاثنين,delivery_app,2026-03-04 09:05:58,توصيل,سلبي
C643613,السلام عليكم الطلب وصل ناقص غرض، طلبت حذاء رياضي يوم الاثنين,delivery_app,2026-03-04 09:05:58,توصيل,سلبي
C690819,الموظف كان أسلوبه وحش وقفل السكة في وشي، كلمتكم يوم السبت عن شاحن بجد حاجة تضايق!,call_center,2026-03-04 11:59:54,خدمة_عملاء,سلبي
C848988,السلام عليكم، كيف أغيّر رقم الجوال المرتبط بالحساب؟ رقم الطلب #68143. https://example.com/orders/72220,mobile_app,2026-03-04 12:09:58,تقني,محايد
C753748,يا جماعة المبلغ 49 بدي احكي مع حدا مـسؤول,payment_portal,2026-03-04 13:10:50,فوترة,سلبي
C244600,يا جماعة كلمتكم يوم السبت عن طابعة بقالي 9 أيام مستني فلوسي ترجع ومفيش حاجة بجد حاجة تضايق!,payment_portal,2026-03-04 15:50:58,فوترة,سلبي
C715354,..؟,payment_portal,2026-03-04 17:34:49,فوترة,سلبي
C112380,السلام عليكم المندوب ما اتصل ورجع الطلب، رقم الطلب #35746 هذي المرة الخامسة يصير كذا,delivery_app,2026-03-04 21:43:42,توصيل,سلبي
C200023,لو سمحتو التطبيق عم يسكّر لحالو كل شوي بدي حل بسرعة,mobile_app,2026-03-04 21:58:24,تقني,سلبي
C729984,السلام عليكم من 2 أيام طالب استرجاع فلوسي وللحين ما وصلت، كلمتكم يوم السبت عن ألعاب أطفال طلبت طابعة يوم الجمعة والله شي يقهر!,payment_portal,2026-03-04 23:19:23,فوترة,سلبي
C516952,السلام عليكم، هل يمكن الحصول على فاتورة ضريبية للطلب #21616؟ المبلغ الإجمالي 499 ريال.,payment_portal,2026-03-05 02:30:15,فوترة,محايد
C920103,لو سمحتم، تواصلت معكم يوم السبت بخصوص طابعة. هل تتوفر خدمة التوصيل في نفس اليوم؟,delivery_app,2026-03-05 06:00:41,توصيل,محايد
C465616,السلام عليكم، هذه المرة الثانية التي يحدث فيها ذلك. رقم الطلب #80617. تم استرجاع المبلغ بسرعة، شكراً لكم,mobile_app,2026-03-05 06:56:12,فوترة,إيجابي
C642687,رقم الطلب #82961 ما أقدر أسجل دخول والباسوورد صحيح والله شي يقهر!,mobile_app,2026-03-05 09:14:30,تقني,سلبي
C115677,لو سمحتو ما عم يزبط معي سجل دخول مع إنو كلمة السر صح، المبلغ 750 بدي حل بسرعة,email,2026-03-05 13:46:39,تقني,سلبي
C659230,لو سمحتو ما عم يزبط معي سجل دخول مع إنو كلمة السر صح، المبلغ 750 بدي حل بسرعة,email,2026-03-05 13:46:39,تقني,سلبي
C311530,😡😡😡,mobile_app,2026-03-05 18:09:23,تقني,سلبي
C115520,مّن 4 أيْام طَاْلب اسَترجْاّعُ فلوسيْ وللحيْن ما وصْلت، المبلغ 320 ريال كلْمتِكم يُوم الثلاثاء عنِ أّلعاب أطفُال ما عاد أتعامل معكم,payment_portal,2026-03-05 18:33:10,فوترة,سلبي
C860456,لو سمحتو الطلبية وصلت ناقصة، هي المرة الخامسة بتصير هيك,delivery_app,2026-03-06 01:01:27,توصيل,سلبي
C511799,يا جماعة طلبت عطر يوم السبت للحين المشكلة ما انحلت,delivery_app,2026-03-06 02:43:05,فوترة,سلبي
C997951,مكتوب إن الأوردر اتسلم وأنا ماستلمتش حاجة، دي المرة الثانية يـــحصل كده عايز حل بسرعة,delivery_app,2026-03-06 13:28:04,توصيل,سلبي
C378419,كود اـــلخصم لم يُطبَّق عّلى الفاتِورْة رغم أنه ساري المُفعول، وكمان استلُمت الْمْنتج مكسُورُاً والتُغليف سيئ، تواصلت معّكَم يوم الجمعة بخصوص شاحن. رقم الطلبّ #11179.,payment_portal,2026-03-06 17:40:48,فوترة,سلبي
C587646,مرحباً، هل يمكن الحصول على فاتورة ضريبية للطلب #45717؟ طلبت عطر يوم الثلاثاء.,payment_portal,2026-03-06 19:55:26,فوترة,محايد
C820565,لو سمحتم، تواصلت معكم يوم الخميس بخصوص سماعات. كيف أتتبع الشحنة رقم #34660؟,delivery_app,2026-03-07 00:06:45,توصيل,محايد
C128194,بعد التحديث الجديد التطبيق خربان، رقم الطلب #57399 ما عاد أتعامل معكم,mobile_app,2026-03-07 01:31:19,تقني,سلبي
C144413,أّبَيّ أكلم مسُؤولَ لْوِ سمحتوا، طلبِت كرسي مَكّتّب يوم الُجمعة رقم الطْلب #63931,mobile_app,2026-03-07 01:51:53,تقني,سلبي
C178763,طلبت خلاط يوم الخميس. هل يمكن الحصول على فاتورة ضريبية للطلب #34483؟,payment_portal,2026-03-07 07:24:00,فوترة,محايد
C261125,هل يدعم التطبيق الأجهزة القديمة؟ هذه المرة الخامسة التي يحدث فيها ذلك. رقم الطلب #36038.,mobile_app,2026-03-07 09:39:17,تقني,محايد
C701977,هل يمكن تغيير عنوان التوصيل للطلب #26572؟ هذه المرة الثانية التي يحدث فيها ذلك. المبلغ الإجمالي 150 ريال.,delivery_app,2026-03-08 01:18:36,توصيل,محايد
C551533,هل يمكن تغيير عنوان التوصيل للطلب #26572؟ هذه المرة الثانية التي يحدث فيها ذلك. المبلغ الإجمالي 150 ريال.,delivery_app,2026-03-08 01:18:36,توصيل,محايد
C634283,ازيكمّ طالب ألعاب أطفال يوم الِأحدِ اّلخدمة وحشة جداً,delivery_app,2026-03-08 04:24:36,توصيل,سلبي
C350996,رقم الأوردر #92254 بقالي 6 أيام مستني فلوـسي ترجع ومفيش حاجة عايز حل بسرعة,call_center,2026-03-08 04:39:41,خدمة_عملاء,سلبي
C301519,مرحبا الفاتورة هالمرة كتير غالية وما حدا شرحلي ليش، رقم الطلب #66902,payment_portal,2026-03-08 07:48:53,فوترة,سلبي
C638591,كلمتكم يوم الأحد عن ساعة ذكية هذي المرة الثانية يصير كذا راسلتكم أكثر من مرة ومحد رد علي,call_center,2026-03-08 07:48:56,خدمة_عملاء,سلبي
C767023,طالب جوال يوم الثلاثاء طلبيتي #25805 متأخرة 5 أيام ولسا ما وصلت,payment_portal,2026-03-08 11:06:38,فوترة,سلبي
C455471,الخدمة كتير سيئة، المبلغ 99 بدي حل بسرعة,payment_portal,2026-03-08 11:10:41,فوترة,سلبي
C954747,انخصم مني 250 ريال مرتين على نفس الطلب، رقم الطلب #27486 ابي حل بسرعة,payment_portal,2026-03-08 12:25:28,فوترة,سلبي
C371660,مرحبا طالب حقيبة يوم السبت جددولي الاشتراك بدون ما اطلب وانسحب المبلغ,payment_portal,2026-03-08 15:08:35,فوترة,سلبي
C461053,لو سمحتم، متى يتم إصدار الفاتورة الشهرية؟ رقم الطلب #87970.,payment_portal,2026-03-09 00:46:21,فوترة,محايد
C636019,السلام عليكم رقم الطلب #58733 الــتطبيق يطلعني برا كل ما أفتح الطلبات ابي حل بسرعة,mobile_app,2026-03-09 06:48:58,تقني,سلبي
C209418,هل يمكن الحصول على فاتورة ضريبية للطلب #33088؟,payment_portal,2026-03-09 08:46:52,فوترة,محايد
C454986,السلام عليكم، التطبيق يتوقف عن العمل كلما حاولت فتح صفحة الطلبات,mobile_app,2026-03-09 09:25:12,تقني,سلبي
C749723,المندوب ماكلمنيش ورجّع الشحنة، طالب حقيبة يوم الجمعة رقم الأوردر #58619 عايز حل بسرعة,delivery_app,2026-03-09 10:05:30,توصيل,سلبي
C400100,السلام عليكم، رقم الطلب #60319. أين يقع مقركم الرئيسي؟,web_form,2026-03-09 13:43:04,أخرى,محايد
C392522,السلام عليكم، رقم الطلب #60319. أين يقع مقركم الرئيسي؟,web_form,2026-03-09 13:43:04,أخرى,محايد
C536766,مرحباً، الفاتورة واضحة ومفصلة، عمل ممتاز، المبلغ الإجمالي 499 ريال.,payment_portal,2026-03-09 22:11:02,فوترة,إيجابي
C261231,هي المرة الخامسة بتصير هيك حكيتكن يوم الأربعاء عن شاحن جددولي الاشتراك بدون ما اطلب وانسحب المبلغ ما رح اتعامل معكن بعد اليوم,payment_portal,2026-03-09 22:23:19,فوترة,سلبي
C419033,السلام عليكم، كيف أفعّل التحقق بخطوتين؟,mobile_app,2026-03-10 02:02:35,تقني,محايد
C876687,حكيتكن يوم الجمعة عن ساعة ذكية تجربة ما بتنعاد,payment_portal,2026-03-10 03:12:02,فوترة,سلبي
C250806,بعتتلكن كذا رسالة وما حدا رد، هي المرة الخامسة بتصير هيك طالب سماعــات يوم الخميس ما رح اتعامل معكن بعد اليوم,call_center,2026-03-10 12:57:51,خدمة_عملاء,سلبي
C734191,دي المرة الرابعة يحصل كده الأوردر #78158 متأخر 8 أيام ولسه ماوصلش,delivery_app,2026-03-10 13:33:52,توصيل,سلبي
C492229,الخدمة وحشة جداً، كلمتكم يوم السبت عن ساعة ذكية,payment_portal,2026-03-10 16:12:08,فوترة,سلبي
C394832,الفاتورة هالشهر واجد غالية وما أدري ليش، كلمتكم يوم الخميس عن نظارة شمسية رقم الطلب #23618,payment_portal,2026-03-10 16:40:08,فوترة,سلبي
C485436,لو سمحتو ما عم يزبط معي سجل دخول مع إنو كلمة السر صح، رقم الطلب #79542 المبلغ 49,mobile_app,2026-03-10 17:10:55,تقني,سلبي
C283989,يا جماعة الأوردر #38927 متأخر 6 أيام ولسه ماوصلش، رقم الأوردر #71465 مش هتعامل معاكم تاني,delivery_app,2026-03-10 19:35:01,توصيل,سلبي
C955085,هلا الفاتورة هاْلشهر واجد غالية وماَ أدري ليشْ، هذي اِلمُرة اُلثاـلثْة يصيرِ كذا المبْلَغ 99 ريالّ,payment_portal,2026-03-10 22:27:46,فوترة,سلبي
C213864,رقم الطلب #55579 انتظرت ساعة على الخط ومحد رد ابي حل بسرعة,call_center,2026-03-11 02:39:55,خدمة_عملاء,سلبي
C882234,بدي احكي مع حدا مسؤول، رقم الطلب #41779 حكيتكن يوم الجمعة عن شاحن,mobile_app,2026-03-11 11:36:52,تقني,سلبي
C449378,مرحُباً، هّذه المرة الخامسة التي يحدثّ فيهُا ذلك. رقم الطلب #22713. ما هي ساعات عمل خدمة العملاء؟,call_center,2026-03-11 13:24:08,خدمة_عملاء,محايد
C730209,استلمت المنتج مكسوراً والتغليف سيئ، المبلغ الإجمالي 320 ريال. سأضطر لإلغاء الاشتراك إن لم تُحل المشكلة.,delivery_app,2026-03-11 13:56:14,توصيل,سلبي
C441609,استلمت المنتج مكسوراً والتغليف سيئ، المبلغ الإجمالي 320 ريال. سأضطر لإلغاء الاشتراك إن لم تُحل المشكلة.,delivery_app,2026-03-11 13:56:14,توصيل,سلبي
C545896,لو سمحتم، المبلغ الإجمالي 750 ريال. لدي مــشكلة منذ أمس ولم يحلها أحد,delivery_app,2026-03-11 16:45:54,توصيل,سلبي
C600111,😡😡😡,payment_portal,2026-03-11 16:59:35,فوترة,إيجابي
C933139,السلام عليكم عندي مشكلة من أمس ومحد حلها والله شي يقهر! https://example.com/orders/70321,delivery_app,2026-03-11 18:23:41,توصيل,سلبي
C226445,تأخر وصول الطلب رقم #61073 أكثر من 10 أيام عن الموعد المحدد، المبلغ الإجمالي 499 ريال. هذا غير مقبول إطلاقاً!,delivery_app,2026-03-11 20:29:58,توصيل,سلبي
C327687,السلام عليكم أبي أحذف حسابي نهائياً ما عاد أتعامل معكم,web_form,2026-03-11 22:04:14,أخرى,سلبي
C596947,هلا عندي مشكلة من أمس ومحد حلها، كلمتكم يوم الأربعاء عن عطر هذي المرة الثالثة يصير كذا ابي حل بسرعة,delivery_app,2026-03-11 23:43:32,توصيل,سلبي
C484042,الموقع بطيء جداً وتظهر رسالة خطأ عند الدفع، هذه المرة الخامسة التي يحدث فيها ذلك.,mobile_app,2026-03-12 01:20:18,تقني,سلبي
C286809,الموقع  بطيء جداً وتظهر رسالة خطأ عند الدفع، هذه المرة الخامسة التي يحدث فيها ذلك.,mobile_app,2026-03-12 04:00:18,تقني,سلبي
C384770,لو سمحتم، كيف أقدّم شكوى رسمية؟ المبلغ الإجمالي 150 ريال.,call_center,2026-03-12 05:46:23,خدمة_عملاء,محايد
C320707,السلام عليكم، رقم الطلب #24524. هذه المرة الثانية التي يحدث فيها ذلك. رمز التحقق لا يصل إلى هاتفي أرجو الحل بأسرع وقت.,mobile_app,2026-03-12 06:09:08,تقني,سلبي
C704163,تم خصم مبلغ 99 ريال من حسابي مرتين لنفس الطلب أرجو الحل بأسرع وقت.,payment_portal,2026-03-12 12:41:49,فوترة,سلبي
C312584,عندي مشكلة من مبارح وما حدا حلّها، رقم الطلب #22090 والله شي بيقهر!,payment_portal,2026-03-12 13:43:40,فوترة,سلبي
C569807,مرحباً، طلبت كتب يوم الخميس. التطبيق يتوقف عن العمل كلما حاولت فتح صفحة الطلبات هذا غير مقبول إطلاقاً!,mobile_app,2026-03-12 16:05:40,تقني,سلبي
C774365,المبلغ 250 ريال طلبت ثلاجة يوم الاثنين التطبيق يطلعني برا كل ما أفتح الطلبات ابي حل بسرعة,mobile_app,2026-03-12 20:13:33,تقني,سلبي
C933038,المبلغ 250 ريال طلبت ثلاجة يوم الاثنين التطبيق يطلعني برا كل ما أفتح الطلبات ابي حل بسرعة,mobile_app,2026-03-12 20:13:33,تقني,سلبي
C933160,لو سمحت المندوب ماكلمنيش ورجّع الشحنة، كلمتكم يوم الأحد عن ساعة ذكية طالب قهوة يوم الأحد,delivery_app,2026-03-13 02:28:58,توصيل,سلبي
C857970,كود التحقق ما يوصلني، طلبت كتب يوم الأحد كلمتكم يوم الجمعة عن جوال والله شي يقهر!,mobile_app,2026-03-13 02:59:27,تقني,سلبي
C377312,كود التحقق ما يوصلني، طلبت كتب يوم الأحد كلمتكم يوم الجمعة عن جوال والله شي يقهر!,mobile_app,2026-03-13 02:59:27,تقني,سلبي
C404137,مرحباً، المندوب كان محترماً ودقيقاً في الموعد، تواصلت معكم يوم السبت بخصوص حقيبة.,delivery_app,2026-03-13 04:38:01,توصيل,إيجابي
C595827,مرحباً، تواصلت معكم يوم الأحد بخصوص ثلاجة. هل يمكن الحصول على فاتورة ضريـبية للطلب #85713؟,payment_portal,2026-03-13 04:46:38,فوترة,محايد
C144128,وصلني الطلب ناقصاً ومنتج واحد مفقود، رقم الطلب #24527. رقمي 0547627037,delivery_app,2026-03-13 05:53:35,توصيل,سلبي
C294282,طلبت استرجاع المبلغ منذ 4 أيام ولم يصلني شيء حتى الآن، رقم الطلب #52623. سأضطر لإلغاء الاشتراك إن لم تُحل المشكلة.,payment_portal,2026-03-13 07:23:41,فوترة,سلبي
C158029,كلمتكم يوم الأربعاء عن ثلاجة مش عارف أعمل لوجين والباسورد صح مش هتعامل معاكم تاني,mobile_app,2026-03-13 14:06:36,تقني,سلبي
C161740,من بعد التحديث الجديد التطبيق ما عم يشتغل، هي المرة الخامسة بتصير هيك طالب ثلاجة يوم الاثنين,mobile_app,2026-03-13 18:44:57,تقني,سلبي
C582544,انسحب مني 250 مرتين على نفس الطلب، حكيتكن يوم الأحد عن سماعات,call_center,2026-03-14 01:15:39,خدمة_عملاء,سلبي
C959011,كلمتكم يوم السبت عن ألعاب أطفال من 11 أيام طالب استرجاع فلوسي وللحين ما وصلت,payment_portal,2026-03-14 03:01:42,فوترة,سلبي
C677267,هل تتوفر خدمة التوصيل في نفس اليوم؟ المبلغ الإجمالي 150 ريال.,delivery_app,2026-03-14 12:48:35,توصيل,محايد
C939515,السلام عليكم أبي أكلم مسؤول لو سمحتوا، هذي المرة الثالثة يصير كذا والله شي يقهر!,web_form,2026-03-14 13:06:52,أخرى,سلبي
C884493,حكيتكن يوم الأحد عن حقيـــبة الخدمة كتير سيئة والله شي بيقهر!,mobile_app,2026-03-14 14:35:50,تقني,سلبي
C461819,مرحباً، الفاتورة واضحة ومفصلة، عمل ممتاز,payment_portal,2026-03-14 20:04:15,فوترة,إيجابي
C265007,اـــلسلام عليكم كود التحقق ما يوصلني، رقم الطلب #53977 طلبت خلاط يوم السبت ما عاد أتعامل معكم,mobile_app,2026-03-14 20:12:20,تقني,سلبي
C656428,لو سمحتم، المبلغ الإجمالي 49 ريال. هذه المرة الخامسة التي يحدث فيها ذلك. كيف أقدّم شكوى رسمية؟,call_center,2026-03-15 06:18:44,خدمة_عملاء,محايد
C914717,لو سمحتم، المبلغ الإجمالي 49 ريال. هذه المرة الثالثة التي يحدث فيها ذلك. متى يتم إصدار الفاتورة الشهرية؟,payment_portal,2026-03-15 06:29:41,فوترة,محايد
C162590,لو سمحتو رقم الطـــلب #38294 من بعد التحديث الجديد التطبيق ما عم يشتغل والله شي بيقهر!,mobile_app,2026-03-15 07:18:31,تقني,سلبي
C703670,تجربة زفت بصراحة، رقم الأوردر #41574 عايز حل بسرعة,mobile_app,2026-03-15 10:56:32,تقني,سلبي
C591659,لو سمحتو الموظف كان أسلوبو مش منيح وسكّر الخط، المبلغ 320 والله شي بيقهر!,call_center,2026-03-15 17:51:14,خدمة_عملاء,سلبي
C258141,لو سمحتو الموظف كان أسلوبو مش منيح وسكّر الخط، المبلغ 320 والله شي بيقهر!,call_center,2026-03-15 17:51:14,خدمة_عملاء,سلبي
C823488,التطبيق يطلعني برا كل ما أفتح الطلبات، رقم الطلب #20082,mobile_app,2026-03-15 19:45:46,تقني,سلبي
C953627,المبلغ 150 ريال المندوب ما اتصل ورجع الطلب ما عاد أتعامل معكم,delivery_app,2026-03-16 00:24:19,توصيل,سلبي
C945933,المبلغ الإجمالي 750 ريال. طلبت ثلاجة يوم الجمعة. تأخر وصول الطلب رقم #77867 أكثر من 3 أيام عن الموعد المحدد، وكمان انتظرت على الخط أكثر من ساعة دون أن يرد أحد أرجو الحل بأسرع وقت.,delivery_app,2026-03-16 01:35:46,توصيل,سلبي
C104037,يا جماعة رقم الطلب #37231 المندوب ما اتصل ورجع الطلب ابي حل بسرعة,delivery_app,2026-03-16 03:46:58,توصيل,سلبي
C278249,يا جماعة رقم الطلب #37231 المندوب ما اتصل ورجع الطلب ابي حل بسرعة,delivery_app,2026-03-16 03:46:58,توصيل,سلبي
C684711,مكتوب إن الأوردر اتسلم وأنا ماستلمتش حاجة، الحساب كله 320 جنيه طالب جوال يوم الأربعاء مش هتعامل معاكم تاني,delivery_app,2026-03-16 06:21:49,توصيل,سلبي
C434048,تواصلت معكم يوم الأربعاء بخصوص جوال. طلبت استرجاع المبلغ منذ 10 أيام ولم يصلني شيء حتى الآن هذا غير مقبول إطلاقاً!,payment_portal,2026-03-16 10:57:10,فوترة,سلبي
C742757,لو سمحتم، المبِلغ الإجماليِ 499 ريال. المندوُب كان محترْماًَ ودقيقاًَ في الموعدْ,delivery_app,2026-03-16 15:07:48,توصيل,إيجابي
C303183,لو سمحتم، طلبت خلاط يوم الثلاثاء. هذه المرة الرابعة التي يحدث فيها ذلك. هل يمكن تغيير عنوان التوصيل للطلب #67410؟,delivery_app,2026-03-16 17:39:42,توصيل,محايد
C104884,ازيكم عندي مــشكلة من امبارح ومحدش حلها,delivery_app,2026-03-17 00:15:25,توصيل,سلبي
C468709,السلـام عليكم، هل يمكن الحصول على فاتورة ضريبية للطلب #13713؟ طلبت ألعاب أطفال يوم الاثنين.,payment_portal,2026-03-17 01:13:42,فوترة,محايد
C757960,حكيتكن يوم الجمعة عن لابتوب طالب قهوة يوم الأحد تجربة ما بتنعـــاد ما رح اتعامل معكن بعد اليوم,payment_portal,2026-03-17 03:33:23,فوترة,سلبي
C709748,مرحبا الفاتورة هالمرة كتير غالية وما حدا شرحلي ليش، هي المرة الرابعة بتصير هيك طالب نظارة شمسية يوم الاثنين,payment_portal,2026-03-17 06:18:04,فوترة,سلبي
C456763,رقم الطلب #15962. طلبت مكــــنسة كهربائية يوم الاثنين. كيف أفعّل التحقق بخطوتين؟,mobile_app,2026-03-17 07:18:59,تقني,محايد
C677401,الغرض وصل مكسور,delivery_app,2026-03-17 10:47:43,توصيل,سلبي
C773350,من 3 أيام طالب استرجاع فلوسي وللحين ما وصلت,payment_portal,2026-03-17 13:35:55,فوترة,سلبي
C230671,السلام عليكم المبلغ 320 ريال المندوب ما اتصل ورجع الطلب,delivery_app,2026-03-17 15:49:05,توصيل,سلبي
C847714,ازيَكم رقم الأوردر #44191 الحسابِ كله 49 جنيهِ مكتوب إن الَأوردر اتسلم وأناّ ماستلمتشّ حاجة مَش هْتعاْملِ معاكم تاني,delivery_app,2026-03-17 16:47:47,توصيل,سلبي
C463321,السلام عليكم طلبي #41715 متأخر 12 أيام وللحين ما وصل ابي حل بسرعة,delivery_app,2026-03-17 21:30:43,توصيل,سلبي
C110614,انسحب مني 750 مرتين على نفس الطلب، رقم الطلب #35388,payment_portal,2026-03-18 00:53:07,فوترة,سلبي
C203956,اْزيكم تجربة زفت بُصراحة، الحساب كله 250 جنَيه بجد حاجةُ تضايق!,delivery_app,2026-03-18 01:18:38,توصيل,سلبي
C387098,الحساب كله 320 جنيه طالب ألعاب أطفال يوم الأحد الأبلكيشن بيقفل لوحده كل شوية,mobile_app,2026-03-18 01:38:22,تقني,سلبي
C950758,طالب شاشة يّوم السِبت من ساعة التحديِث الجُديد والأبلكيشن واقع بجد حاجة تِضايق!,mobile_app,2026-03-18 02:44:52,تقني,سلبي
C912725,هل يدعم التطبيق الأجهزة القديمة؟ تواصلت معكم يوم الجمعة بخصوص شاحن.,mobile_app,2026-03-18 03:11:07,تقني,محايد
C151024,يا جماعة طالب حذاء رياضي يوم الخميس المندوب ما اتصل فيني ورجّع الطلبية بدي حل بسرعة,delivery_app,2026-03-18 13:51:27,توصيل,سلبي
C520043,رقم الطلب #28666. طلبت كرسي مكتب يوم الثلاثاء. هل تتوفر خدمة التوصيل في نفس اليوم؟,delivery_app,2026-03-18 17:11:44,توصيل,محايد
C823149,   ,mobile_app,2026-03-19 05:15:21,تقني,محايد
C800675,طلبت حقيبة يوم الثلاثاء. شكراً لفريق الدعم الفني على حل مشكلة تسجيل الدخول,call_center,2026-03-19 12:38:33,تقني,إيجابي
C997925,ازيكم الحساب كله 99 جنيه من ساعة التحديث الجديد والأبلكيشن واقع,payment_portal,2026-03-19 13:28:50,فوترة,سلبي
C411015,تطبيقكم رائع وأــــتمنى لكم التوفيق، رقم الطلب #70727.,web_form,2026-03-19 14:35:21,أخرى,إيجابي
C424612,تطبيقكم رائع وأــــتمنى لكم التوفيق، رقم الطلب #70727.,web_form,2026-03-19 14:35:21,أخرى,إيجابي
C366382,ازيكم طالب شاحن يوم الأحد مش عارف أعمل لوجين والباسورد صح مش هتعامل معاكم تاني,mobile_app,2026-03-19 14:49:08,تقني,سلبي
C232403,المبلغ 250 طلبيتي #34362 متأخرة 7 أيام ولسا ما وصلت,delivery_app,2026-03-20 08:41:08,توصيل,سلبي
C719898,تم تجديد الاشتراك تلقائياً دون موافقتي وخصم 320 ريال,payment_portal,2026-03-20 10:45:31,فوترة,سلبي
C134995,لو سمحتم، موظف خدمة العملاء كان غير متعاون وأغلق المكالمة، طلبت مكنسة كهربائية يوم السبت.,call_center,2026-03-20 15:32:33,خدمة_عملاء,سلبي
C280024,المبلغ الإجمالي 49 ريال. رقم الطلب #39716. هل يمكن تغيير عنوان التوصيل للطلب #85527؟,delivery_app,2026-03-21 00:20:21,توصيل,محايد
C772066,السلام عليكم طلبت سماعات يوم الجمعة الموظف كان أسلوبه مو زين وسكّر بوجهي، وفوق هذا المندوب ما اتصل ورجع الطلب,whatsapp,2026-03-21 04:17:57,خدمة_عملاء,سلبي
C735637,كيف أغيّر رقم الجوال المـرتبط بالحساب؟ طلبت جوال يوم الثلاثاء. المبلغ الإجمالي 320 ريال.,mobile_app,2026-03-21 07:26:15,تقني,محايد
C563852,لا أستطيع تسجيل الدخول إلى حسابي رغم إدخال كلمة المرور الصحيحة، المبلغ الإجمالي 750 ريال. هذه المرة الثالثة التي يحدث فيها ذلك.,mobile_app,2026-03-21 08:21:21,تقني,سلبي
C684122,المبلغ الإجمالي 199 ريال. هل يمكن الحصول على فاتورة ضريبية للطلب #28562؟,payment_portal,2026-03-21 10:56:53,فوترة,محايد
C376531,السلام عليكم، رمز التحقق لا يصل إلى هاتفي، رقم الطلب #42591. تواصلت معكم يوم الثلاثاء بخصوص نظارة شمسية. هذا غير مقبول إطلاقاً!,mobile_app,2026-03-21 11:19:39,تقني,سلبي
C847583,السلام عليكم، رمز التحقق لا يصل إلى هاتفي، رقم الطلب #42591. تواصلت معكم يوم الثلاثاء بخصوص نظارة شمسية. هذا غير مقبول إطلاقاً!,mobile_app,2026-03-21 11:19:39,تقني,سلبي
C851977,مرحباً، تم استرجاع المبلغ بسرعة، شكراً لكم https://example.com/orders/53254,payment_portal,2026-03-21 15:09:27,فوترة,إيجابي
C196930,يا جماعة انخصم مني 99 ريال مرتين على نفس الطلب، المبلغ 49 ريال,payment_portal,2026-03-21 15:48:11,فوترة,سلبي
C691098,الموقع بطيء جداً وتظهر رسالة خطأ عند الدفع، هذه المرة الرابعة التي يحدث فيها ذلك. المبلغ الإجمالي 150 ريال.,mobile_app,2026-03-22 03:05:18,تقني,سلبي
C189873,تجربة زفت بصراحة، دي المرة الثانية يحصل كده كلمتكم يوم الخميس عن شاحن عايز حل بسرعة,call_center,2026-03-22 04:39:51,خدمة_عملاء,سلبي
C630473,الحساب كله 150 جنيه دي المرة الثالثة يحصل كده اتخصم مني 150 جنيه مرتين على نفس الأوردر بجد حاجة تضايق!,payment_portal,2026-03-22 05:55:32,فوترة,سلبي
C881071,الحساب كله 150 جنيه دي المرة الثالثة يحصل كده اتخصم مني 150 جنيه مرتين على نفس الأوردر بجد حاجة تضايق!,payment_portal,2026-03-22 05:55:32,فوترة,سلبي
C843303,متى يتم إصدار الفاتورة الشهرية؟ هذه المرة الرابعة التي يحدث فيها ذلك.,payment_portal,2026-03-22 06:49:31,فوترة,محايد
C819291,لو سمحتم، المبلغ الإجمالي 750 ريال. هل يدعم التطبيق الأجهزة القديمة؟ رقمي 0563806725,mobile_app,2026-03-22 07:12:02,تقني,محايد
C465881,لو سمحتم، المبلغ الإجمالي 750 ريال. هل يدعم التطبيق الأجهزة القديمة؟ رقمي 0563806725,mobile_app,2026-03-22 07:12:02,تقني,محايد
C230841,!!!!,payment_portal,2026-03-22 07:13:41,فوترة,سلبي
C640307,الغرض وصلني مكسور ابي حل بسرعة رقمي 0564483235,delivery_app,2026-03-22 12:58:03,توصيل,سلبي
C148827,لو سمحتم، هذه المرة الرابعة التي يحدث فيها ذلك. هل يمكن الحصول على فاتورة ضريبية للطلب #28576؟,payment_portal,2026-03-22 14:13:28,فوترة,محايد
C132700,السلام عليكم، المندوب كان محترماً ودقيقاً في الموعد، تواصلت معكم يوم الأحد بخصوص ساعة ذكية.,delivery_app,2026-03-22 16:49:50,توصيل,إيجابي
C524881,اْلسلام عليكمِ هذْيَ المرة الرابعة يَصيرُ كذا كلمتكُم يوم الخميس عّن شاَحن من 8 أياْم طالب استرجاع فلوسيُ وللحين مُا وصِلت,payment_portal,2026-03-22 20:51:45,فوترة,سلبي
C615302,طلبيتي #86758 متأخرة 14 أيام ولسا ما وصلت، رقم الطلب #26009 ما رح اتعامل معكن بعد اليوم,delivery_app,2026-03-23 01:03:44,توصيل,سلبي
C999241,مرحباً، رقم الطلب #99219. كود الخصم لم يُطبَّق على الفاتورة رغم أنه ساري المفعول,payment_portal,2026-03-23 05:37:12,فوترة,سلبي
C835323,مكتوب إن الأوردر اتسلم وأنا ماستلمتش حاجة، طالب جوال يوم الجمعة عايز حل بسرعة,delivery_app,2026-03-23 11:00:44,تقني,سلبي
C462505,,call_center,2026-03-23 18:16:24,خدمة_عملاء,سلبي
C136204,الفاتورة هالشهر واجد غالية وما أدري ليش، المبلغ 250 ريال كلمتكم يوم الأحد عن عطر والله شي يقهر!,payment_portal,2026-03-24 04:19:34,فوترة,سلبي
C328900,يا جماعة رقم الأوردر #54140 الحاجة وصلت مكسورة، وكمان مش عارف أعمل لوجين والباسورد صح,delivery_app,2026-03-24 07:19:55,توصيل,سلبي
C970454,مرحباً، المبلغ الإجمالي 49 ريال. تم تجديد الاشتراك تلقائياً دون موافقتي وخصم 49 ريال,payment_portal,2026-03-24 08:54:10,فوترة,سلبي
C318354,الحساب كله 49 جنيه عندي مشكلة من امبارح ومحدش حلها,web_form,2026-03-24 09:32:24,أخرى,سلبي
C404931,هلا راسلتكم أكثر من مرة ومحد رد علي,call_center,2026-03-24 11:01:39,خدمة_عملاء,سلبي
C197155,ازيكم عايز أمسح الأكونت بتاعي خالص، الحساب كله 99 جنيه,web_form,2026-03-24 14:08:30,أخرى,سلبي
C186836,من بعد التحديث الجديد التطبيق ما عم يشتغل، المبلغ 49 هي المرة الثانية بتصير هيك ما رح اتعامل معكن بعد اليوم,mobile_app,2026-03-24 15:54:09,تقني,سلبي
C716718,لو سمحتم، متى يتم إصدار الفاتورة الشهرية؟ طلبت شاشة يوم الأحد.,payment_portal,2026-03-24 17:26:14,فوترة,محايد
C353484,لو سمحتم، متى يتم إصدار الفاتورة الشهرية؟ طلبت شاشة يوم الأحد.,payment_portal,2026-03-24 17:26:14,فوترة,محايد
C685063,يا جماعة جددولي الاشتراك بدون ما اطلب وانسحب المبلغ، المبلغ 250 والله شي بيقهر!,payment_portal,2026-03-25 01:50:43,فوترة,سلبي
C581218,كلمتكم يوم الثلاثاء عن ثلاجة هذي المرة الخامسة يصير كذا جددوا لي الاشتراك بدون ما أوافق وسحبوا 250 ريال والله شي يقهر!,payment_portal,2026-03-25 02:38:25,فوترة,سلبي
C891332,تواصلت معكم يوم الأحد بخصوص ساعة ذكية. متى يتم إصدار الفاتورة الشهرية؟,payment_portal,2026-03-25 05:32:23,فوترة,محايد
C845883,طلبي #35944 متأخر 14 أيام وللحين ما وصل، كلمتكم يوم الخميس عن خلاط رقم الطلب #23957,delivery_app,2026-03-25 08:06:44,توصيل,سلبي
C929862,كيف أتتبع الشحنة رقم #28720؟ هذه المرة الثانية التي يحدث فيها ذلك.,delivery_app,2026-03-25 11:20:09,توصيل,محايد
C895817,كيف أتتبع الشحنة رقم #28720؟ هذه المرة الثانية التي يحدث فيها ذلك.,delivery_app,2026-03-25 11:20:09,توصيل,محايد
C989592,هلا تجربة ما تنعاد، رقم الطلب #57000,delivery_app,2026-03-25 11:47:50,توصيل,سلبي
C419951,لو سمحتم، لم يتم حل المشكلة حتى الآن، تواصلت معكم يوم الأربعاء بخصوص نظارة شمسية. سأضطر لإلغاء الاشتراك إن لم تُحل المشكلة.,payment_portal,2026-03-25 15:22:13,فوترة,سلبي
C619805,لو سمحت طالب ألعاب أطفال يوم الثلاثاء بعت رسايل كتير ومحدش بيرد,call_center,2026-03-25 21:22:43,خدمة_عملاء,سلبي
C198728,كلمتكم يوم السبت عن شاشة الحساب كله 250 جنيه تجربة زفت بصراحة,delivery_app,2026-03-25 22:44:14,توصيل,سلبي
C161026,رقم الطلب #56070 هي المرة الثالثة بتصير هيك لسا المشكلة متل ما هي بدي حل بسرعة,payment_portal,2026-03-25 22:48:10,فوترة,سلبي
C178044,السلام عليكم طلبي #70331 متأخر 4 أيام وللحين ما وصل، هذي المرة الثانية يصير كذا المبلغ 49 ريال,delivery_app,2026-03-26 01:26:27,توصيل,سلبي
C341851,مرحباً، تطبيقكم رائع وأتمنى لكم التوفيق، المبلغ الإجمالي 250 ريال.,web_form,2026-03-26 20:26:13,أخرى,إيجابي
C576564,مرحبا جددولي الاشتراك بدون ما اطلب وانسحب المبلغ، حكيتكن يوم الخميس عن كتب هي المرة الثانية بتصير هيك,payment_portal,2026-03-26 20:49:11,فوترة,سلبي
C113791,كيف أتتبع الشحنة رقم #77711؟ رقم الطلب #67440. طلبت ثلاجة يوم الأحد.,delivery_app,2026-03-27 05:50:59,توصيل,محايد
C555316,المندوب ما اتصل ورجع الطلب، وأيضاً انتظرت ساعة على الخط ومحد رد، كلمتكم يوم السبت عن جوال والله شي يقهر!,delivery_app,2026-03-27 08:09:11,توصيل,سلبي
C330650,لو سمحت كود التفعيل مش بيوــصل خالص، رقم الأوردر #36385 بجد حاجة تضايق!,mobile_app,2026-03-27 18:22:52,تقني,سلبي
C900089,يا جماعة المندوب ماكلمنيش ورجّع الشحنة عايز حل بسرعة,delivery_app,2026-03-27 19:12:46,توصيل,سلبي
C532954,تجربة ما بتنعاد، حكيتكن يوم الأحد عن خلاط,mobile_app,2026-03-27 21:23:23,تقني,سلبي
C973040,هذي المرة الثالثة يصير كذا الموظف كان أسلوبه مو زين وسكّر بوجهي ابي حل بسرعة,call_center,2026-03-28 06:55:53,خدمة_عملاء,سلبي
C252913,رقم الطلب #89630 طلبيتي #36971 متأخرة 14 أيام ولسا ما وصلت,delivery_app,2026-03-28 09:04:03,توصيل,سلبي
C480375,لو سمحتو رقم الطلب #37508 حكيتكن يوم الأحد عن لابتوب التطبيق عم يسكّر لحالو كل شوي بدي حل بسرعة,mobile_app,2026-03-28 23:15:12,تقني,سلبي
C826621,المبلغ 199 هي المرة الثانية بتصير هيك الطلبية وصلت ناقصة، وأيضاً جددولي الاشتراك بدون ما اطلب وانسحب المبلغ,delivery_app,2026-03-29 01:19:38,توصيل,سلبي
C679326,الفاتوـرة واضحة ومفصلة، عمل ممتاز,payment_portal,2026-03-29 05:08:18,فوترة,إيجابي
C813509,تم اــسترجاع المبلغ بسرعة، شكراً لكم,payment_portal,2026-03-29 11:59:19,فوترة,إيجابي
C133445,تجربة ما تنعاد، رقم الطلب #91918 والله شي يقهر!,payment_portal,2026-03-29 12:11:20,فوترة,سلبي
C170866,تجربة  ما تنعاد، رقم الطلب #91918 والله شي يقهر!,payment_portal,2026-03-29 13:20:20,فوترة,سلبي
C672015,الحاجة وصلت مكسورة عايز حل بسرعة,delivery_app,2026-03-29 18:23:15,توصيل,سلبي
C195477,الحاجة وصلت مكسورة عايز حل بسرعة,delivery_app,2026-03-29 18:23:15,توصيل,سلبي
C113406,الحاجة  وصلت مكسورة عايز حل بسرعة,delivery_app,2026-03-29 18:46:15,توصيل,سلبي
C524085,من ساعة التحديث الجديد والأبلكيشن واقع، طالب لابتوب يوم السبت عايز حل بسرعة https://example.com/orders/74859,mobile_app,2026-03-30 05:46:43,تقني,سلبي
C990720,الطلب وصل ناقص غرض، وفوق هذا جددوا لي الاشتراك بدون ما أوافق وسحبوا 49 ريال، رقم الطلب #45639 طلبت شاحن يوم الاثنين ابي حل بسرعة,delivery_app,2026-03-30 07:54:14,توصيل,سلبي
C932701,عندي مشكلة من أمس ومحد حلها,payment_portal,2026-03-30 11:06:49,فوترة,سلبي
C649871,لَو سمحتَم، كيف أقدّمَ شّكِوى رسمية؟ هذهَ المَرِة الخامسةِ التي يحدْث فيها ذلُك. تواصلت معكِم يومَ الجّمعة بخصوص كتَب.,call_center,2026-03-30 14:28:41,خدمة_عملاء,محايد
C338634,هل تتوفر خدمة التوصيل في نفس اليوم؟ طلبت ثلاجة يوم الثلاثاء.,delivery_app,2026-03-30 14:37:40,توصيل,محايد
C379094,يا جماعة المندوب ماكلمنيش ورجّع الشحنة، رقم الأوردر #91655,delivery_app,2026-03-30 17:20:48,توصيل,سلبي
C557464,يا جماعة كود التفعيل مش بيوصل خالص، الحساب كله 150 جنيه عايز حل بسرعة,mobile_app,2026-03-30 18:32:47,تقني,سلبي
C662513,المندوب ما اتصل فيني ورجّع الطلبية، وفوق هذا ما عم يزبط معي سجل دخول مع إنو كلمة السر صح، حكيتكن يوم السبت عن نظارة شمسية,delivery_app,2026-03-30 21:52:46,توصيل,سلبي
C634282,الموقع بطيء جداً وتظهر رسالة خطأ عند الدفع https://example.com/orders/65571,mobile_app,2026-03-31 00:22:56,تقني,سلبي
C240686,التطبيق عم يسكّر لحالو كل شوي، رقم الطلب #30455 بدي حل بسرعة,mobile_app,2026-03-31 02:30:01,تقني,سلبي
C547114,الموظف كان أسلوبه مو زين وسكّر بوجهي، طلبت ثلاجة يوم الجمعة المبلغ 499 ريال,call_center,2026-03-31 05:28:46,خدمة_عملاء,سلبي
C414366,يا جماعة عندي مشكلة من أمس ومحد حلها، رقم الطلب #44381,mobile_app,2026-03-31 15:07:57,تقني,سلبي
C567332,تم تسجيل الطلب كمستلم ولكنه لم يصلني، رقم الطلب #85392. سأضطر لإلغاء الاشتراك إن لم تُحل المشكلة.,delivery_app,2026-03-31 17:44:20,توصيل,سلبي
C585672,تم  تسجيل الطلب كمستلم ولكنه لم يصلني، رقم الطلب #85392. سأضطر لإلغاء الاشتراك إن لم تُحل المشكلة.,delivery_app,2026-03-31 20:34:20,توصيل,سلبي
C657747,حكيتكن يوم الثلاثاء عن ساعة ذكية المندوب ما اتصل فيني ورجّع الطلبية,delivery_app,2026-03-31 21:21:49,توصيل,سلبي
C586695,السلام عليكم، أحتاج مساعدة عاجلة من فضلكم، تواصلت معكم يوم الثلاثاء بخصوص مكنسة كهربائية. هذا غير مقبول إطلاقاً!,call_center,2026-03-31 22:22:23,خدمة_عملاء,سلبي
C968537,التطبيق عم يسكّر لحالو كل شوي، طالب قهوة يوم الاثنين هي المرة الرابعة بتصير هيك بدي حل بسرعة,mobile_app,2026-04-01 01:15:23,تقني,سلبي
C726859,رقم الطلب #29445 المبلغ 499 ريال الخدمة واجد سيئة ما عاد أتعامل معكم,mobile_app,2026-04-01 01:36:30,تقني,سلبي
C163464,طلبت حذاءُ ريِاضي يُوِم الِأربعاَءَ. طلبت اُسترجاع المبلغُ منذ 4 أيام ولم يصلنيُ شيء حتى الآن سأَضطر لإلغاءَ اّلاشتِراك إنْ لِم تَُحل المشكلة.,web_form,2026-04-01 04:36:00,أخرى,سلبي
C720869,كود التحقق ما يوصلني، المبلغ 199 ريال,mobile_app,2026-04-01 11:58:08,تقني,سلبي
C432556,رقم الطلب #71117. تواصلت معكم يوم الجمعة بخصــــوص قهوة. كيف أقدّم شكوى رسمية؟,call_center,2026-04-02 01:18:28,خدمة_عملاء,محايد
C966369,الفاتورة الأخيرة أعلى بكثير من المعتاد دون أي توضيح، المبلغ الإجمالي 499 ريال. هذه المرة الثالثة التي يحدث فيها ذلك. هذا غير مقبول إطلاقاً!,payment_portal,2026-04-02 08:34:30,فوترة,سلبي
C494373,يا جماعة طلبيتي #55463 متأخرة 14 أيام ولسا ما وصلت، المبلغ 49 ما رح اتعامل معكن بعد اليوم,delivery_app,2026-04-03 04:10:11,توصيل,سلبي
C954456,طلبت لابتوب يوم الثلاثاء بعد التحديث الجديد التطبيق خربان,mobile_app,2026-04-03 07:47:51,تقني,سلبي
C224033,ازيكم الأبلكيشن بيقفل لوحده كل شوية، كلمتكم يوم الأحد عن كرسي مكتب,mobile_app,2026-04-03 08:37:39,تقني,سلبي
C303433,لو سمحت مش عارف أعمل لوجين والباسورد صح، الحساب كله 250 جنيه كلمتكم يوم الثلاثاء عن شاشة مش هتعامل معاكم تاني,mobile_app,2026-04-03 08:54:20,تقني,سلبي
C127581,ازيكم الأبلكيشن بيقفل لوحده كل شوية ، كلمتكم يوم الأحد عن كرسي مكتب,mobile_app,2026-04-03 09:04:39,تقني,سلبي
C926954,هلا طلبي #84473 متأخر 7 أيام وللحين ما وصل ابي حل بسرعة,delivery_app,2026-04-03 10:00:37,توصيل,سلبي
C744401,المبلغ الإجمالي 49 ريال. كيف أقدّم شكوى رسمية؟,call_center,2026-04-03 10:22:46,خدمة_عملاء,محايد
C818755,المبلغ الإجمالي 49 ريال. كيف أقدّم شكوى رسمية؟,call_center,2026-04-03 10:22:46,خدمة_عملاء,محايد
C767060,مرحباً، تواصلت معكم يوم السبت بخصوص حقيبة. هل يمكن تغيير عنوان التوصيل للطلب #89148؟,delivery_app,2026-04-03 14:23:21,توصيل,محايد
C723738,كيف أفعّل التحقق بخطوتين؟ المبلغ الإجماـلي 750 ريال. رقم الطلب #77908.,mobile_app,2026-04-03 17:02:36,تقني,محايد
C950920,طلبت ألعاب أطفال يوم السبت رقم الطلب #75463 الفاتورة هالشهر واجد غالية وما أدري ليش,payment_portal,2026-04-03 19:38:39,فوترة,سلبي
C405524,كود التحقق ما يوصلني، كلمتكم يوم الأربعاء عن كرسي مكتب المبلغ 199 ريال والله شي يقهر!,mobile_app,2026-04-03 21:29:34,تقني,سلبي
C140117,ازيكم كود التفعيل مش بـــيوصل خالص، رقم الأوردر #56602,mobile_app,2026-04-04 02:35:10,تقني,سلبي
C564360,متى يتم إصدار الفاتورة الشهرية؟ هذه المرة الثانية التي يحدث فيها ذلك. رقم الطلب #42943.,payment_portal,2026-04-04 02:57:56,فوترة,محايد
C106029,لو سمحتم، موظف خدمة العملاء كان غير متعاون وأغلق المكالمة، رقم الطلب #75717.,call_center,2026-04-04 04:52:54,خدمة_عملاء,سلبي
C148575,رقم الطلب #45548 أبي أكلم مسؤول لو سمحتوا ابي حل بسرعة,mobile_app,2026-04-04 06:36:13,تقني,سلبي
C690795,ازيكم دي المرة الخامسة يحصل كده عندي مشكلة من امبارح ومحدش حلها عايز حل بسرعة,mobile_app,2026-04-04 14:07:43,تقني,سلبي
C129284,ازيكم دي المرة الخامسة يحصل كده عندي مشكلة من امبارح ومحدش حلها عايز حل بسرعة!!,mobile_app,2026-04-04 15:25:43,تقني,سلبي
C660460,هلا طلبت حقيبة يوم الخميس الغرض وصلني مكسور,delivery_app,2026-04-04 15:49:22,توصيل,سلبي
C741552,كيِف أتتبِع الشحنة رقم #46820؟ رِقم الطلب #29090.,delivery_app,2026-04-04 16:40:27,توصيل,محايد
C142577,السلام عليكم الفاتورة هالشهر واجد غالية وما أدري ليش، كلمتكم يوم الجمعة عن كرسي مكتب المبلغ 750 ريال,payment_portal,2026-04-05 01:57:13,فوترة,سلبي
C953241,هذه المرة الرابعة التي يحدث فيها ذلك. التحديث الجديد ممتاز والتطبيق صار أسرع,mobile_app,2026-04-05 10:43:13,تقني,إيجابي
C488207,المبلغ الإجمالي 199 ريال. هل يدعم التطبيق الأجهزة القديمة؟ https://example.com/orders/56578,mobile_app,2026-04-05 11:03:36,تقني,محايد
C878582,لو سمحت الأوردر #36067 متأخر 10 أيام ولسه ماوصلش، كلمتكم يوم الأحد عن نظارة شمسية عايز حل بسرعة,payment_portal,2026-04-05 11:46:42,فوترة,سلبي
C557510,لو سمحتم، رقم الطلب #60088. المبلغ الإجمالي 99 ريال. المندوب كان محترماً ودقيقاً في الموعد,delivery_app,2026-04-05 13:33:47,توصيل,إيجابي
C630431,من ساعة التحديث الجديد والأبلكيشن واقع، كلمتكم يوم الجمعة عن شاشة,mobile_app,2026-04-05 16:53:25,تقني,سلبي
C617294,هذي المرة الخامسة يصير كذا كلمتكم يوم الأحد عن جوال بعد التحديث الجديد التطبيق خربان,mobile_app,2026-04-05 16:54:08,تقني,سلبي
C588611,حكيتكن يوم الثلاثاء عن ثلاجة هي المرة الثالثة بتصير هيك التطبيق عم يسكّر لحالو كل شوي,mobile_app,2026-04-05 17:36:28,تقني,سلبي
C310797,لو سمحتم، رمز التحقق لا يصل إلى هاتفي، هذه المرة الخامسة التي يحدث فيها ذلك. المبلغ الإجمالي 250 ريال. سأضطر لإلغـــاء الاشتراك إن لم تُحل المشكلة.,mobile_app,2026-04-05 18:40:07,تقني,سلبي
C249502,السلام عليكم طلبت شاحن يوم السبت المندوب ما اتصل ورجع الطلب,delivery_app,2026-04-05 20:06:41,توصيل,سلبي
C292998,يا جماعة انسحب مني 150 مرتين على نفس الطلب، طالب قهوة يوم الأربعاء,payment_portal,2026-04-06 00:55:37,فوترة,سلبي
C477310,يا جماعة انسحب مني 150 مرتين على نفس الطلب، طالب قهوة يوم الأربعاء,payment_portal,2026-04-06 00:55:37,فوترة,سلبي
C594351,طالب ثلاجة يوم الجمعة رمز التحقق ما عم يوصلني ما رح اتعامل معــــكن بعد اليوم,mobile_app,2026-04-06 01:11:09,تقني,سلبي
C809558,mesh 3aref a3mel login w el password sa7 order #22981,mobile_app,2026-04-06 01:14:21,تقني,سلبي
C289828,مرحبا ما عم يزبط معي سجل دخول مع إنو كلمة السر صح، رقم الطلب #86235 والله شي بيقهر!,mobile_app,2026-04-06 03:57:10,تقني,سلبي
C363240,يا جماعة الحساب كله 750 جنيه لسه المشكلة زي ما هي بجد حاجة تضايق!,delivery_app,2026-04-06 06:24:03,توصيل,سلبي
C380136,السلام عليكم، هذه المرة الخامسة التي يحدث فيها ذلك. هل يدعم التطبيق الأجهزة القديمة؟,mobile_app,2026-04-06 09:11:46,تقني,محايد
C204467,كلْمتكم يومَ الخمْيس عن نظارة شمسية رقم الطلْب #53118 عندي مشكلة من أمس ومحْد حلهاُ ابي حل بسرعة,payment_portal,2026-04-06 11:31:20,فوترة,سلبي
C981120,يا جماعة عندي مشكلة من أمس ومحد حلها، المبلغ 199 ريال هذي المرة الثانية يصير كذا والله شي يقهر!,mobile_app,2026-04-06 14:17:31,تقني,سلبي
C712047,لو سمحتم، كيف أغيّر رقم الجوال المرتبط بالحساب؟ رقم الطلب #53295. تواصلت معكم يوم الثلاثاء بخصوص نظارة شمسية.,mobile_app,2026-04-06 16:46:24,تقني,محايد
C638815,ازيكم دي المرة الثالثة يحصل كده من ساعة التحديث الجديد والأبلكيشن واقع مش هتعامل معاكم تاني,mobile_app,2026-04-06 20:09:12,تقني,سلبي
C459939,لو سمحتم، المبلغ الإجمالي 499 ريال. هل تتــــوفر خدمة التوصيل في نفس اليوم؟,delivery_app,2026-04-06 20:17:16,توصيل,محايد
C737683,يا جماعة كود التفعيل مش بيوصل خالص، طالب لابتوب يوم الثلاثاء رقم الأوردر #26085 بجد حاجة تضايق!,mobile_app,2026-04-06 20:27:09,تقني,سلبي
C693585,رقم الطلب #98329. تواصلت معكم يوم الثلاثاء بخصوص عطر. كيف أتتبع الشحنة رقم #85911؟,delivery_app,2026-04-06 21:39:56,توصيل,محايد
C876341,مرحباً، أريد التحدث مع مسؤول بخصوص طلبي، المبلغ الإجمالي 499 ريال. رقم الطلب #75815.,mobile_app,2026-04-07 01:54:47,تقني,سلبي
C509460,طلبت لابتوب يوم الاثنين. كيف أتتبع الشحنة رقم #11020؟,delivery_app,2026-04-07 02:12:14,توصيل,محايد
C429318,مرحبا الطلبية وصلت ناقصة، حكيتكن يوم الثلاثاء عن ألعاب أطفال هي المرة الثالثة بتصير هيك,delivery_app,2026-04-07 03:48:13,توصيل,سلبي
C678506,كلمتكم يوم الثلاثاء عن مكنسة كهربائية لسه المشكلة زي ما هي,call_center,2026-04-07 15:54:12,خدمة_عملاء,سلبي
C211166,المبلغ 199 ريال عندي مشكلة من أمس ومحد حلها,delivery_app,2026-04-07 19:50:43,توصيل,سلبي
C488881,السلام عليكم، ما هي ساعات عمل خدمة العملاء؟ المبلغ الإجمالي 320 ريال.,call_center,2026-04-08 02:36:58,خدمة_عملاء,محايد
C544329,يا جماعة رقم الأوردر #68435 دي المرة الثالثة يحصل كده الأبلكيشن بيقفل لوحده كل شوية بجد حاجة تضايق!,mobile_app,2026-04-08 08:20:20,تقني,سلبي
C828673,المبلغ 150 ريال هذي المرة الثالثة يصير كذا راسلتكم أكثر من مرة ومحد رد علي,call_center,2026-04-08 15:05:18,خدمة_عملاء,سلبي
C713794,ba2ali sa3a mestanni 7ad yerod 3alaya,call_center,2026-04-08 16:28:11,خدمة_عملاء,سلبي
C978454,السلام عليكم طلبت قهوة يوم الجمعة ما أقدر أسجل دخول والباسوورد صحيح,mobile_app,2026-04-08 19:16:19,تقني,سلبي
C321395,يا جماعة ما عم يزبط معي سجل دخول مع إنو كلمة السر صح، رقم اـــلطلب #66746 حكيتكن يوم الخميس عن مكنسة كهربائية والله شي بيقهر!,mobile_app,2026-04-08 20:48:40,تقني,سلبي
C373844,التطبيق عم يسكّر لحالو كل شوي، المبلغ 320,mobile_app,2026-04-08 23:40:58,تقني,سلبي
C405107,كلمتكم يوم الأحد عن نظارة شمسية هذي المرة الثانية يصير كذا بعد التحديث الجديد التطبيق خربان، وفوق هذا الفاتورة هالشهر واجد غالية وما أدري ليش,mobile_app,2026-04-09 00:17:02,تقني,سلبي
C460772,يا جماعة الحساب كله 99 جنيه مش عارف أعمل لوجين والباسورد صح,mobile_app,2026-04-09 00:39:25,تقني,سلبي
C695346,عايز أُمّسح اِلُأكونت بتاعي خاَلص عّـَـــُاَيِز حل بسرعَة,web_form,2026-04-09 12:11:06,أخرى,سلبي
C553582,الموظفة كانت متعاونة جداً وحلّت مشكلتي، طلبت سماعات يوم الأربعاء.,call_center,2026-04-09 17:07:53,خدمة_عملاء,إيجابي
C586474,el mowazaf 2afal el sekka fi weshi order #52569,call_center,2026-04-09 20:09:54,خدمة_عملاء,سلبي
C178210,كيف أتتبع الشحنة رقم #13144؟,delivery_app,2026-04-10 01:15:13,توصيل,محايد
C134650,مرحباً، هل يمكن الحصول على فاتورة ضريبية للطلب #55500؟ طلبت شاشة يوم الأربعاء.,payment_portal,2026-04-10 03:16:23,فوترة,محايد
C664497,لو سمحتو طالب جوال يوم الخميس بدي احكي مع حدا مسؤول والله شي بيقهر!,mobile_app,2026-04-10 04:09:30,تقني,سلبي
C878001,السلام عليكم انخصم مني 199 ريال مرتين على نفس الطلب ما عاد أتعامل معكم,payment_portal,2026-04-10 04:44:18,فوترة,سلبي
C400675,المندوب كان محترماً ودقيقاً في الموعد، طلبت شاحن يوم الخميس.,delivery_app,2026-04-10 04:55:26,توصيل,إيجابي
C239337,هذي المرة الخامسة يصير كذا طلبت عطر يوم الخميس انخصم مني 150 ريال مرتين على نفس الطلب,payment_portal,2026-04-10 08:08:43,فوترة,سلبي
C551259,المبلغ 250 ريال الموظف كان أسلوبه مو زين وسكّر بوجهي,call_center,2026-04-10 12:27:18,خدمة_عملاء,سلبي
C334197,طلبت كتب يوم الخميس. المبلغ الإجمالي 199 ريال. كيف أفعّل التحقق بخطوتين؟,mobile_app,2026-04-10 12:36:10,تقني,محايد
C155085,السلام عليكم للحين المشكلة ما انحلت، كلمتكم يوم الأحد عن حقيبة,mobile_app,2026-04-10 20:01:40,تقني,سلبي
C859903,مش عارف أعمل لوجين والباسورد صح، الحساب كله 199 جنيه,mobile_app,2026-04-10 22:01:05,تقني,سلبي
C208293,يا جماعة المندوب ما اتصل ورجع الطلب، طلبت خلاط يوم الجمعة ما عاد أتعامل معكم,delivery_app,2026-04-11 00:40:13,توصيل,سلبي
C499495,لو سمحتم، هل يدعم التطبيق الأجهزة القديمة؟ رقم الطلب #48901.,mobile_app,2026-04-11 17:17:19,تقني,محايد
C702730,اّلفاتورة الأخيرة أعلىّ بكثير من المَعتاد دون أي توضيح أرجو الحلِ بأسرع وقت.,payment_portal,2026-04-11 19:16:14,فوترة,سلبي
C449121,يا جماعة الخدمة كتير سيئة، هي المرة الخامسة بتصير هيك طالب شاشة يوم الأربعاء والله شي بيقهر!,delivery_app,2026-04-11 20:20:35,توصيل,سلبي
C884908,هلا هذي المرة الرابعة يصير كذا الفاتورة هــالشهر واجد غالية وما أدري ليش,payment_portal,2026-04-12 06:37:04,فوترة,سلبي
C891337,كلمتكم يوم الأربعاء عن مكنسة كهربائية بعت رسايل كتير ومحدش بيرد,call_center,2026-04-12 14:20:22,خدمة_عملاء,سلبي
C114798,لو سمحت رقم الأوردر #62663 كلمتكم يوم الأحد عن قهوة تجربة زفت بصراحة عايز حل بسرعة,mobile_app,2026-04-12 16:01:11,تقني,سلبي
C263677,السلام عليكم، كيف أغيّر رقم الجوال المرتبط بالحساب؟ تواصلت معكم يوم اـــلجمعة بخصوص خلاط.,mobile_app,2026-04-12 16:33:49,تقني,محايد
C110235,للحين المشكلة ما انحلت، هذي المرة الرابعة يصير كذا,delivery_app,2026-04-12 17:47:13,توصيل,سلبي
C939113,انخصم مني 199 ريال مرتين على نفس الطلب، هذي المرة الثانية يصير كذا كلمتكم يوم الخميس عن شاحن ابي حل بسرعة,payment_portal,2026-04-12 18:57:21,فوترة,سلبي
C157201,السلام عليكم، متى يتم إصدار الفاتورة الشهرية؟ هذه المرة الثالثة التي يحدث فيها ذلك. طلبت شاحن يوم السبت.,payment_portal,2026-04-12 20:00:37,فوترة,محايد
C607776,التطبيق يتوْقفْ عنّ العمل كلُمْا حاولت فتح صفْحةُ الطّلْبات، رقم الطلب #13446. طلبت خْلاطْ يّوّمُ الخميس.,mobile_app,2026-04-12 22:18:41,تقني,سلبي
C233224,المبلغ الإجمالي 250 ريال. طلبت ساعة ذكية يوم الأربعاء. تم استرجاع المبلغ بسرعة، شكراً لكم,payment_portal,2026-04-12 22:56:38,فوترة,إيجابي
C822164,مش عارف أعمل لوجين والباسورد صح، دي المرة الثانية يحصل كده كلمتكم يوم الثلاثاء عن ثلاجة بجد حاجة تضايق! رقمي 0592655703,mobile_app,2026-04-13 08:59:40,تقني,سلبي
C629347,ازيكم الموظف كان أسلوبه وحش وقفل السكة في وشي، طالب كتب يوم الأحد,call_center,2026-04-13 16:04:35,خدمة_عملاء,سلبي
C741818,لو سمحتم، هل يمكن الحصول على فاتورة ضريبية للطلب #21192؟ طلبت ألعاب أطفال يوم الأربعاء.,payment_portal,2026-04-13 18:08:45,فوترة,محايد
C432307,الَحسُاُب كلهْ 99 جنيه الحاجة وصلت مْكسورة، وأُيضِاً بعت رسايلِ كتُير وِمحدش بيرد مش هْتعامل معاكم تاني,delivery_app,2026-04-14 00:02:26,توصيل,سلبي
C105890,الطلب وصل ناقص غرض، طلبت قهوة يوم الأحد كلمتكم يوم الأحد عن قهوة ما عاد أتعامل معكم,delivery_app,2026-04-14 04:13:49,توصيل,سلبي
C915918,لو سمحتم، هل يمكن الحصول على فاتورة ضريبية للطلب #48185؟ هذه المرة الخامسة التي يحدث فيها ذلك.,payment_portal,2026-04-14 08:39:55,فوترة,محايد
C212804,مرحباً، المبلغ الإجمالي 250 ريال. طلبت ساعة ذكية يوم الجمعة. كيف أقدّم شكوى رسمية؟,call_center,2026-04-14 11:08:25,خدمة_عملاء,محايد
C480684,هلا كود التحقق ما يوصلني، طلبت ثلاجة يوم السبت ما عاد أتعامل معكم,call_center,2026-04-14 14:44:38,خدمة_عملاء,سلبي
C510261,عايز أمسح الأكونت بتاعي خالص، دي المرة الخامسة يحصل كده كلمتكم يوم الأربعاء عن حذاء ريـــاضي بجد حاجة تضايق!,web_form,2026-04-14 18:19:49,أخرى,سلبي
C580862,ازيكم دي المرة الثالثة يحصل كده رقم الأوردر #88395 عايز أكلم حد مسؤول,payment_portal,2026-04-14 19:32:50,فوترة,سلبي
C964233,السلام عليكم رقم الطلب #75089 طلبت طابعة يوم الاثنين ما أقدر أسجل دخول والباسوورد صحيح,mobile_app,2026-04-14 19:43:50,تقني,سلبي
C268733,الحساب كله 199 جنيه الخدمة وحشة جداً بجد حاجة تضايق!,call_center,2026-04-14 19:45:36,خدمة_عملاء,سلبي
C980390,المبلغ 99 ريال رقم الطلب #25350 أبي أكلم مسؤول لو سمحتوا ما عاد أتعامل معكم,mobile_app,2026-04-14 21:40:41,تقني,سلبي
C905419,مرحباً، هل تتوفر خدمة التوصيل في نفس اليوم؟ رقم الطلب #22059.,delivery_app,2026-04-15 09:38:05,توصيل,محايد
C752976,ازيكم المندوب ماكلمنيش ورجّع الشحنة، رقم الأوردر #83267 عايز حل بسرعة,delivery_app,2026-04-16 01:52:19,توصيل,سلبي
C529968,لو سمحتم، المبلغ الإجمالي 99 ريال. وصل الطلب قبل الموعد والتغليف ممتاز,delivery_app,2026-04-16 03:49:00,توصيل,إيجابي
C322030,بعد التحديث الأخير لم يعد التطبيق يعمل على هاتفي، هذه المرة الخامسة التي يحدث فيها ذلك. رقم الطلب #41281.,mobile_app,2026-04-16 03:55:43,تقني,سلبي
C986430,لو سمحت بقالي 4 أيام مستني فلوسي ترجع ومفيش حاجة، طالب جوال يوم الأحد مش هتعامل معاكم تاني,payment_portal,2026-04-16 07:52:59,فوترة,سلبي
C729931, ,mobile_app,2026-04-16 08:05:07,تقني,سلبي
C903105, ,mobile_app,2026-04-16 08:05:07,تقني,سلبي
C357225,ما أقدر أسجل دخول والباسوورد صحيح، رقم الطلب #72818 ما عاد أتعامل معكم,mobile_app,2026-04-17 00:00:54,تقني,سلبي
C236818,يا جماعة كلمتكم يوم الجمعة عن كتب رقم الطلب #94305 كود التحقق ما يوصلني والله شي يقهر!,mobile_app,2026-04-17 05:13:34,تقني,سلبي
C644111,الفاتورة هالمرة كتير غالية وما حدا شرحلي ليش,payment_portal,2026-04-17 08:15:14,فوترة,سلبي
C710984,اتخصم مني 750 جنيه مرتين على نفس الأوردر، طالب نظارة شمسية يوم الثلاثاء مش هتعامل معاكم تاني,payment_portal,2026-04-17 10:49:21,فوترة,سلبي
C870515,هلا جددوا لي الاشتراك بدون ما أوافق وسحبوا 199 ريال، وأيضاً طلبي #55954 متأخر 6 أيام وللحين ما وصل، طلبت قهوة يوم الجمعة كلمتكم يوم الجمعة عن عطر,payment_portal,2026-04-17 14:04:10,فوترة,سلبي
C825635,رقم الطلب #66964. كيف أفعّل التحقق بخطوتين؟,mobile_app,2026-04-17 15:52:26,تقني,محايد
C747582,السلام عليكم تجربة ما تنعاد، طلبت جوال يوم الجمعة ما عاد أتعامل معكم,mobile_app,2026-04-17 18:34:47,تقني,سلبي
C904341,أبي أكلم مسؤول لو سمحتوا، طلبت ساعة ذكية يوم الأربعاء كلمتكم يوم الأربعاء عن ساعة ذكية ما عاد أتعامل معكم,delivery_app,2026-04-17 22:43:59,توصيل,سلبي
C569484,طلبت استرجاع الُمبلغ منذ 14 أيام ولم يصُلني شيء حتى اَلآن، هذْهَ المرة اِلخّامَسة التّي يحَدث فيَها ذلكّ. أرجو اْلِحل بأسرع وقت.,payment_portal,2026-04-17 23:42:09,فوترة,سلبي
C686724,لو سمحتو تجربة ما بتنعاد، هي المرة الثانية بتصير هيك طالب حقيبة يوم الأربعاء,payment_portal,2026-04-18 02:03:51,فوترة,سلبي
C431441,السلام عليكم، هذه المرة الرابعة التي يحدث فيها ذلك. كيف أغيّر رقم الجوال المرتبط بالحساب؟,mobile_app,2026-04-18 02:18:50,تقني,محايد
C355977,السلام عليكم، المبلغ الإجمالي 150 ريال. كيف أفعّل التحقق بخطوتين؟,mobile_app,2026-04-18 02:24:16,تقني,محايد
C977245,السلام عليكم، المبلغ الإجمالي 150 ريال. كيف أفعّل التحقق بخطوتين؟,mobile_app,2026-04-18 02:24:16,تقني,محايد
C698841,جددولي الاشتراك بدون ما اطلب وانسحب المبلغ، وفوق هذا الطلبية وصلت ناقصة، طالب جوال يوم الأربعاء المبلغ 750,payment_portal,2026-04-18 05:00:10,فوترة,سلبي
C931576,يا جماعة رقم الطلب #81524 بعتتلكن كذا رسالة وما حدا رد,call_center,2026-04-18 06:39:20,خدمة_عملاء,سلبي
C707040,راسلتكم أكثر من مرة ومحد رد علي، المبلغ 199 ريال والله شي يقهر!,call_center,2026-04-18 17:03:43,خدمة_عملاء,سلبي
C964318,مرحبا صرلي 10 أيام ناطر يرجعولي المصاري وما في شي، طالب لابتوب يوم الجمعة,payment_portal,2026-04-18 17:26:35,فوترة,سلبي
C769274,ازيكم الأوردر #79306 متأخر 14 أيام ولسه ماوصلش,delivery_app,2026-04-18 18:26:34,توصيل,سلبي
C250600,وصل الطلب قبل الموعد والتغليف ممتاز، رقم الطلب #10683. المبلغ الإجمالي 199 ريال.,delivery_app,2026-04-19 03:14:39,توصيل,إيجابي
C454711,من ساعة التحديث الجديد والأبلكيشن واقع، طالب قهوة يوم السبت عايز حل بسرعة,mobile_app,2026-04-19 06:12:06,تقني,سلبي
C227745,هلا رقم الطلب #53269 انخصم مني 99 ريال مرتين على نفس الطلب,payment_portal,2026-04-19 09:44:19,فوترة,سلبي
C340364,كلمتكم يوم الاثنين عن ساعة ذكية طلبت جوال يوم السبت كود التحقق ما يوصلني والله شي يقهر!,mobile_app,2026-04-19 20:58:46,تقني,سلبي
C743958,كود الخِصم لم يَُطبَّْقُ علْى اّلفاتورّة رغم أنه سارَي المفعول، هذه المرةُ الراُبعة التي يحدث فيها ذَلك.,payment_portal,2026-04-19 21:04:44,فوترة,سلبي
C296925,يا جماعة طالب حذاء رياضي يوم الخميس حكيتكن يوم الأحد عن خلاط رمز التحقق ما عم يوصلني والله شي بيقهر!,delivery_app,2026-04-19 21:27:19,توصيل,سلبي
C760771,جددوا لي الاشتراك بدون ما أوافق وسحبوا 320 ريال، هذي المرة الثالثة يصير كذا,payment_portal,2026-04-19 23:00:28,فوترة,سلبي
C416715,..؟,call_center,2026-04-20 03:12:55,خدمة_عملاء,إيجابي
C172378,لو سمحتم، تواصلت معكم يوم الخميس بخصوص جوال. استلمت المنـتج مكسوراً والتغليف سيئ رقمي 0582247437,delivery_app,2026-04-20 09:35:31,توصيل,سلبي
C595053,بعد التحديث الجديد التطبيق خربان، رقم الطلب #91416 كلمتكم يوم الخميس عن ألعاب أطفال,mobile_app,2026-04-20 10:40:56,تقني,سلبي
C433314,لو سمحتم، رقم الطلب #98664. المبلغ الإجمالي 250 ريال. كل موظف يعطيني معلومة مختلفة عن الآخر,call_center,2026-04-20 12:33:01,خدمة_عملاء,سلبي
C907595,هذي المرة الثانية يصير كذا رقم الطلب #40453 انخصم مني 150 ريال مرتين على نفس الطلب,payment_portal,2026-04-20 18:12:13,فوترة,سلبي
C650247,وصل الطلب قبل الموعد والتغليف ممتاز، المبلغ الإجمالي 199 ريال. تواصلت معكم يوم الجمعة بخصوص كرسي مكتب.,delivery_app,2026-04-20 19:20:30,توصيل,إيجابي
C655826,يا جماعة للحين المشكلة ما انحلت، المبلغ 99 ريال,delivery_app,2026-04-21 03:37:54,تقني,سلبي
C309663,لو سمحتو الطلبية وصلت ناقصة، حكيتكن يوم الأحد عن كتب هي المرة الثالثة بتصير هيك بدي حل بسرــــعة,email,2026-04-21 21:00:31,فوترة,سلبي
C525181,التطبيق يطلعني برا كل ما أفتح الطلبات، طلبت كرسي مكتب يوم الثلاثاء,mobile_app,2026-04-21 21:08:10,تقني,سلبي
C260566,الموظف كان أسلوبه مو زين وسكّر بوجهي، طلبت كتب يوم الخميس رقمي 0565640764,call_center,2026-04-22 01:49:06,خدمة_عملاء,سلبي
C620396,السلام عليكم عندي مشكلة من أمس ومحد حلها، طلبت لابتوب يوم الأربعاء المبلغ 750 ريال والله شي يقهر!,mobile_app,2026-04-22 05:25:15,تقني,سلبي
C425170,هي المرة الثانية بتصير هيك رقم الطلب #90669 طلبيتي #57855 متأخرة 9 أيام ولسا ما وصلت ما رح اتعامل معكن بعد اليوم,delivery_app,2026-04-22 07:32:44,توصيل,سلبي
C963491,مرحباً، رقم الطلب #48951. هل يدعم التطبيق الأجهزة القديمة؟,mobile_app,2026-04-22 09:05:32,تقني,محايد
C564847,هل يدعم الــتطبيق الأجهزة القديمة؟,mobile_app,2026-04-22 11:48:45,تقني,محايد
C138003,هلا هذي المرة الرابعة يصير كذا ما أقدر أسجل دخول والباسوورد صحيح، وأيضاً الغرض وصلني مكسور,mobile_app,2026-04-22 12:03:55,تقني,سلبي
C496347,للحيْنّ المشكلة ما انحلت، طُلْبت كرسي مكتب يومُ اّـلأحد كّلمتكم يوَمَ الثلّاثّاء عن مكنَسة كهربائية ما عادَ أَتعامل معكم,payment_portal,2026-04-22 15:42:22,فوترة,سلبي
C790122,هلا الخدمة واجد سيئة، كلمتكمُ يوم السبتّ عِن لابُتوبْ ابي حل بسرعة,payment_portal,2026-04-22 17:48:11,فوترة,سلبي
C236942,طلبي #88044 متأخر 2 أيام وللحين ما وصل ابي حل بسرعة,delivery_app,2026-04-22 19:41:12,توصيل,سلبي
C449386,ازيكم طالب شاحن يوم الأربعاء بعت رسايل كتير ومحدش بيرد,call_center,2026-04-22 21:46:04,خدمة_عملاء,سلبي
C703334,مش عارف أعمل لوجين والباسورد صح، الحساب كله 750 جنيه,mobile_app,2026-04-22 21:57:44,تقني,سلبي
C740521,هل لديكم وظائف شاغرة في قسم التسويق، المبلغ الإجمالي 320 ريال. رقم الطلب #97318.,web_form,2026-04-23 04:13:10,أخرى,سلبي
C634267,هل لديكم وظائف شاغرة في قسم التسويق، المبلغ الإجمالي 320 ريال. رقم الطلب #97318.,web_form,2026-04-23 04:13:10,أخرى,سلبي
C851387,لو سمحت عايز أكلم حد مسؤول,payment_portal,2026-04-23 07:53:31,فوترة,سلبي
C236787,كيف أتتبع الشحنة رقم #15085؟ رقمي 0520729122,delivery_app,2026-04-23 09:15:00,توصيل,محايد
C755141,مرحبا جددولي الاشتراك بدون ما اطلب وانسحب المبلغ، طالب قهوة يوم الـأربعاء,payment_portal,2026-04-23 15:05:45,فوترة,سلبي
C842027,مرحبا جددولي الاشتراك بدون ما اطلب وانسحب المبلغ، طالب قهوة يوم الـأربعاء..,payment_portal,2026-04-23 17:06:45,فوترة,سلبي
C373836,رقم الطلب #86791. هذه المرة الخامسة التي يحدث فيها ذلك. كيف أفعّل التحقق بخطوتين؟,mobile_app,2026-04-23 17:25:10,تقني,محايد
C615008,يا جماعة طالب نظارة شمسية يوم الأربعاء الأبلكيشن بيقفل لوحده كل شوية مش هتعامل معاكم تاني,mobile_app,2026-04-23 18:03:17,تقني,سلبي
C154957,مرحباً، فكرة برنامج النقاط ممتازة رقمي 0577971181,web_form,2026-04-23 19:03:16,أخرى,إيجابي
C664633,ازيكم رقم الأوردر #40667 الكوبون مااشتغلش والفلوس اتسحبت كاملة بجد حاجة تضايق!,payment_portal,2026-04-23 21:47:24,فوترة,سلبي
C368673,هي المرة الثالثة بتصير هيك لسا المشكلة متل ما هي,mobile_app,2026-04-24 15:13:50,تقني,سلبي
C380935,يا جماعة طالب كرسي مكتب يوم الثلاثــــاء من ساعة التحديث الجديد والأبلكيشن واقع,mobile_app,2026-04-24 17:03:16,تقني,سلبي
C951927,رقم الطلب #56788. كيف أتتبع الشحنة رقم #45670؟,delivery_app,2026-04-25 02:43:57,توصيل,محايد
C555053,لو سمحتم، تواصلت معكم يوم الاثنين بخصوص خلاط. المبلغ الإجمالي 499 ريال. هل تتوفر خدمة التوصيل في نفس اليوم؟,delivery_app,2026-04-25 03:56:55,توصيل,محايد
C591864,يا جماعة طالب خلاط يوم الجمعة ضليت ناطر ع التلفون ساعة وما حدا رد ما رح اتعامل معكن بعد اليوم,web_form,2026-04-25 10:56:11,خدمة_عملاء,سلبي
C391559,دي المرة الثالثة يحصل كده عايز أمسح الأكونت بتاعي خالص بجد حاجة تضايق!,web_form,2026-04-25 11:11:42,أخرى,سلبي
C273770,هلا هذي المرة الثالثة يصير كذا أبي أكلم مسؤول لو سمحتوا,mobile_app,2026-04-25 15:45:17,تقني,سلبي
C111349,رقم الطلب #30212 طالب قهوة يوم الاثنين ما عم يزبط معي سجل دخول مع إنو كلمة السر صح,mobile_app,2026-04-25 17:22:16,تقني,سلبي
C324585,هذه المرة الثانية التي يحدث فيها ذلك. الموظفة كانت متعاونة جداً وحلّت مشكلتي,call_center,2026-04-25 22:40:30,خدمة_عملاء,إيجابي
C181410,رقم الطلب #90012. الفاتورة الأخيرة أعلى بكثير من المعتاد دون أي توضيح,payment_portal,2026-04-25 22:51:52,فوترة,سلبي
C745693,يا جماعة رقم الطلب #84835 راسلتكم أكثر من مرة ومحد رد علي والله شي يقهر!,call_center,2026-04-25 23:14:27,خدمة_عملاء,سلبي
C712742, يا جماعة رقم الطلب #84835 راسلتكم أكثر من مرة ومحد رد علي والله شي يقهر! ,call_center,2026-04-26 01:40:27,خدمة_عملاء,سلبي
C986785,السلام عليكم، المبلغ الإجمالي 750 ريال. هل يدعم التطبيق الأجهزة القديمة؟,mobile_app,2026-04-26 03:16:02,تقني,محايد
C202817,مش عارف أعمل لوجين والباسورد صح، وكمان بقالي 11 أيام مستني فلوسي ترجع ومفيش حاجة، طالب ثلاجة يوم الأحد رقم الأوردر #70485,mobile_app,2026-04-26 14:08:41,تقني,سلبي
C335358,مرحباً، أحتاج مساعدة عاجلة من فضلكم، تواصلت معكم يوم الأحد بخصوص كتب. هذه المرة الثانية التي يحدث فيها ذلك.,payment_portal,2026-04-26 14:29:21,فوترة,سلبي
C489908,رقم الطلب #37479 ما عم يزبط معي سجل دخول مع إنو كلمة السر صح بدي حل بسرعة,mobile_app,2026-04-26 15:49:37,تقني,سلبي
C725790,ما عم يزبط معي سجل دخول مع إنو كلمة السر صح بدي حل بسرعة https://example.com/orders/98032,mobile_app,2026-04-26 20:59:46,تقني,سلبي
C916661,لو سمــــحت الأبلكيشن بيقفل لوحده كل شوية، طالب ثلاجة يوم السبت دي المرة الرابعة يحصل كده,mobile_app,2026-04-26 22:16:47,تقني,سلبي
C119552,طالب شاشة يوم السبت الغرض وصل مكسور، وكمان انسحب مني 49 مرتين على نفس الطلب بدي حل بسرعة,delivery_app,2026-04-27 03:57:23,توصيل,سلبي
C259633,ما أقدر أسجل دخول والباسوورد صحيح، هذي المرة الرابعة يصير كذا ابي حل بسرعة,mobile_app,2026-04-27 09:44:13,تقني,سلبي
C988288,لو سمحتم، تواصلت معكم يوم السبت بخصوص خلاط. الخدمة سيئة جداً ولن أتعامل معكم مرة أخرى هذا غير مقبول إطلاقاً!,mobile_app,2026-04-27 12:22:20,تقني,سلبي
C773334,السلام عليكم، كيف أغيّر رقم الجوال المرتبط بالحساب؟,mobile_app,2026-04-27 15:19:12,تقني,محايد
C579341,لو سّمحِتم، كّل موظف يعُطيني معلوْمة مختلفة عن اُلآخر، هذه المرة الخامسة التُي يحدَث فيها ذلك. المبِلغ الإجماِلي 49 ريْال. هذّا غير مقبول إطلاقاً!,call_center,2026-04-27 16:57:03,خدمة_عملاء,سلبي
C943375,لو  سّمحِتم، كّل موظف يعُطيني معلوْمة مختلفة عن اُلآخر، هذه المرة الخامسة التُي يحدَث فيها ذلك. المبِلغ الإجماِلي 49 ريْال. هذّا غير مقبول إطلاقاً!,call_center,2026-04-27 18:49:03,خدمة_عملاء,سلبي
C771052,كود التفعيل مش بيوصل خالص، دي المرة الخامسة يحصل كده بجد حاجة تضايق!,mobile_app,2026-04-27 20:56:12,تقني,سلبي
C102309,مرحباً، كيف أغيّر طريقة الدفع المسجلة في حسابي؟ المبلغ الإجمالي 250 ريال.,payment_portal,2026-04-27 22:32:34,فوترة,محايد
C522310,5asamto mni el mablagh marten 3ala nafs el order order #13953,payment_portal,2026-04-28 12:20:44,فوترة,سلبي
C591605,بعتتلكن كذا رسالة وما حدا رد، رقم الطلب #78135 طالب قهوة يوم الاثنين ما رح اتعامل معكن بعد اليوم,payment_portal,2026-04-28 15:17:10,خدمة_عملاء,سلبي
C557949,لو سمحتو من بعد التحديث الجديد التطبيق ما عم يشتغل، هي المرة الخامسة بتصير هيك,call_center,2026-04-28 16:09:25,خدمة_عملاء,سلبي
C714564,كلمتكم يوم الجمعة عن قهوة المندوب ماكلمنيش ورجّع الشحنة بجد حاجة تضايق!,web_form,2026-04-28 16:13:32,أخرى,سلبي
C221741,دي المرة الخامسة يحصل كده تجربة زفت بصراحة عايز حل بسرعة,mobile_app,2026-04-28 17:57:53,تقني,سلبي
C612675,يا جماعة ما أقدر أسجل دخول والباسوورد صحيح، رقم الطلب #90199,mobile_app,2026-04-28 18:46:34,تقني,سلبي
C640816,المندوب ما اتصل فيني ورجّع الطلبية، حكيتكن يوم الأربعاء عن شاشة,delivery_app,2026-04-28 22:58:48,توصيل,سلبي
C475540,الأبلكيشن بيقفل لوحده كل شوية، طالب لابتوب يوم الأحد كلمتكم يوم الخميس عن قهوة عايز حل بسرعة,mobile_app,2026-04-29 01:07:41,تقني,سلبي
C477096,لو سمحت الخدمة وحشة جداً، كلمتكم يوم الاثنين عن حذاء رياضي طالب ساعة ذكية يوم الاثنين عايز حل بسرعة,mobile_app,2026-04-29 05:31:09,تقني,سلبي
C704451,السلام عليكم، هل يمكن الحصول على فاتورة ضريبية للطلب #65183؟ رقمي 0512920081,payment_portal,2026-04-29 16:44:52,فوترة,محايد
C490476,شكراً لْفريقَ الدعم الفني على حل مشكلة تسجيل الْدخِول، رقم الطلب #55070. تواصلت معْكّمّ يوم الثلِاَثّاءّ بّخصوص كتب.,mobile_app,2026-04-29 17:30:24,تقني,إيجابي
C532790,دي المرة الخامسة يحصل كده طالب شاحن يوم الثلاثاء عندي مشكلة من امبارح ومحدش حلها,delivery_app,2026-04-29 18:47:22,توصيل,سلبي
C419049,!!!!,call_center,2026-04-29 19:24:09,خدمة_عملاء,سلبي
C785357,,mobile_app,2026-04-29 20:25:57,تقني,سلبي
C903159,السلام عليكم، هل يمكن الحصول على فاتورة ضريبية للطلب #85840؟ طلبت ثلاجة يوم الثلاثاء.,payment_portal,2026-04-30 04:13:58,فوترة,محايد
C246232,شكراً لفريق الدعم الفني على حل مشكلة تسجيل الدخول رقمي 0510318496,mobile_app,2026-04-30 04:16:28,تقني,إيجابي
C447504,السلام عليكم جددوا لي الاشتراك بدون ما أوافق وسحبوا 499 ريال، طلبت طابعة يوم الجمعة ما عاد أتعامل معكم,payment_portal,2026-04-30 16:59:26,فوترة,سلبي
C867806,السلام عليكم، هل يمكن تغيير عنوان التوصيل للطلب #27490؟,delivery_app,2026-04-30 17:23:30,توصيل,محايد
C627120,لو سمحتم، تم تسجيل الطلب كمستلم ولكنه لم يصلني، هذه المرة الرابعة التي يحدث فيها ذلك.,delivery_app,2026-04-30 17:24:51,توصيل,سلبي
C276144,هل يدعم التطبيق الأجهزة القديمة؟ طلبت لابتوب يوم الجمعة. تواصلت معكم يوم الأحد بخصوص شاحن.,mobile_app,2026-04-30 20:30:03,تقني,محايد
C525682,كلمتكم يوم الاثنين عن سماعات ما أقدر أسجل دخول والباسوورد صحيح ما عاد أتعامل معكم,mobile_app,2026-04-30 21:19:25,تقني,سلبي
C718970,يا جماعة الطلبية وصلت ناقصة، طالب حقيبة يوم الاثنين والله شي بيقهر!,payment_portal,2026-05-01 03:44:26,توصيل,سلبي
C150093,السلام عليكم، كيف أفعّل التحقق بخطوتين؟ طلبت نظارة شمسية يوم الثلاثاء.,mobile_app,2026-05-01 06:14:52,تقني,محايد
C877723,انسحب مني 199 مرتين على نفس الطلب، المبلغ 499 حكيتكن يوم الجمعة عن سماعات بدي حل بسرعة,payment_portal,2026-05-01 08:18:28,فوترة,سلبي
C546159,مرحباً، رقم الطلب #61495. ما هي ساعات عمل خــــدمة العملاء؟,call_center,2026-05-01 11:28:55,خدمة_عملاء,محايد
C539035,السلام عليكم، متى يتم إصدار الفاتورة الشهرية؟ طلبت كتب يوم السبت.,payment_portal,2026-05-01 12:25:57,فوترة,محايد
C439458,السلام عليكم، طلبت لابتوب يوم الخميس. تم تسجيل الطلب كمستلم ولكنه لم يصلني هذا غير مقبول إطلاقاً!,delivery_app,2026-05-01 14:40:39,توصيل,سلبي
C468840,مرحباً، المندوب كان محترماً ودقيقاً في الموعد، هذه المرة الثالثة التي يحدث فيها ذلك. طلبت شاشة يوم الثلاثاء.,delivery_app,2026-05-01 17:58:31,توصيل,إيجابي
C779372,كيف أغيّر رقم الجوال المرتبط بالحساب؟ رقم الطلب #63385. طلبت شاشة يوم الخميس.,mobile_app,2026-05-01 20:45:21,تقني,محايد
C928462,مرحباً، هل لديكم برنامج ولاء أو نقاط؟ https://example.com/orders/90374,web_form,2026-05-01 21:48:35,أخرى,محايد
C741924,ما هي ساعات عمل خدمة العملاء؟ هذه المرة الثالثة التي يحدث فيها ذلك. المبلغ الإجمالي 750 ريال.,call_center,2026-05-01 22:19:06,خدمة_عملاء,محايد
C358331,مرحباً، طلبت خلاط يوم السبت. شكراً لفريق الدعم الفني على حل مشكلة تسجيل الدخول,mobile_app,2026-05-01 23:59:20,تقني,إيجابي
C177826,بعد التحديث الجديد التطبيق خربان، المبلغ 750 ريال طلبت حذاء رياضي يوم الخميس والله شي يقهر!,mobile_app,2026-05-02 05:12:42,تقني,سلبي
C312163,هل تتوفر خدمة التوصيل في نفس اليوم؟ رقم الطلب #15194.,delivery_app,2026-05-02 05:49:15,توصيل,محايد
C839034,مرحباً، تواصلت معكم يوم الثلاثاء بخصوص حذاء رياضي. كود الخصم لم يُطبَّق على الفاتورة رغم أنه ساري المفعول سأضطر لإلغاء الاشتراك إن لم تُحل المشكلة.,payment_portal,2026-05-02 17:26:09,فوترة,سلبي
C859641,لو سمحتم، هل يمكن الحصول على فاتورة ضريبية للطلب #10856؟ تواصلت معكم يوم الثلاثاء بخصوص ثلاجة.,payment_portal,2026-05-02 20:18:36,فوترة,محايد
C548405,لو سمحتم، هل يمكن الحصول على فاتورة ضريبية للطلب #10856؟ تواصلت معكم يوم الثلاثاء بخصوص ثلاجة.,payment_portal,2026-05-02 20:18:36,فوترة,محايد
C678949,مرحباً، كيف أغيّر رقم الجوال المرتبط بالحساب؟ طلبت ألعاب أطفال يوم الجمعة. المبلغ الإجمالي 99 ريال.,mobile_app,2026-05-03 05:09:40,تقني,محايد
C928267,المندوب كان محترماً ودقيقاً في الموعد، هذه المرة الرابعة التي يحدث فيها ذلك.,delivery_app,2026-05-03 07:40:58,توصيل,إيجابي
C969349,هلا انخصم مني 250 ريال مرتين على نفس الطلب، المبلغ 750 ريال رقم الطلب #12616 والله شي يقهر!,payment_portal,2026-05-03 17:28:28,فوترة,سلبي
C311240,mesh 3aref a3mel login w el password sa7 order #89725,mobile_app,2026-05-03 21:02:35,تقني,سلبي
C838520,لو سمحتم، أرسلت عدة رسائل ولم أتلقَّ أي رد، المبلغ الإجمالي 320 ريال. هذا غير مقبول إطلاقاً!,call_center,2026-05-04 03:23:37,خدمة_عملاء,سلبي
C329164,السلام عليكم المبلغ 49 ريال راسلتكم أكثر من مرة ومحد رد علي,call_center,2026-05-04 06:34:30,خدمة_عملاء,سلبي
C116289,الفاتورة هالشهر واجد غالية وما أدري ليش، رقم الطلب #77396 هذي المرة الثانية يصير كذا والله شي يقهر! https://example.com/orders/51205,payment_portal,2026-05-04 10:01:08,فوترة,سلبي
C441369,هلا طلبت طابعة يوم الاثنين راسلتكم أكثر من مرة ومحد رد علي والله شي يقهر!,call_center,2026-05-04 10:23:55,خدمة_عملاء,سلبي
C198326,يا جماعة اتخصم مني 150 جنيه مرتين على نفس الأوردر، طالب قهوة يوم الجمعة,payment_portal,2026-05-04 16:13:25,فوترة,سلبي
C652183,عندي مشكلة من مبارح وما حدا حلّها، رقم الطلب #21920,mobile_app,2026-05-04 16:17:13,تقني,سلبي
C849708,مرحبا حكيتكن يوم السبت عن كرسي مكتب التطبيق عم يسكّر لحالو كل شوي,mobile_app,2026-05-04 16:32:04,تقني,سلبي
C187986,التطبيق يطلعني برا كل ما أفتح الطلبات، كلمتكم يوم الجمعة عن شاحن طلبت عطر يوم الأربعاء,mobile_app,2026-05-04 17:37:31,تقني,سلبي
C919498,لو سمحتو رمز التحقق ما عم يوصلني، هي المرة الخامسة بتصير هيك المبلغ 250 ما رح اتعامل معكن بعد اليوم,mobile_app,2026-05-05 07:59:57,تقني,سلبي
C998788,يا جماعة ما عم يزبط معي سجل دخول مع إنو كلمة السر صح، حكيتكن يوم الثلاثاء عن كرسي مكتب هي المرة الخامسة بتصير هيك والله شي بيقهر! https://example.com/orders/16505,mobile_app,2026-05-05 15:21:51,تقني,سلبي
C651633,السلام عليكم، تواصلت معكم يوم الاثنين بخصوص حذاء رياضي. بعد التحديث الأخير لم يعد التطبيق يعمل على هاتفي,mobile_app,2026-05-05 15:26:03,تقني,سلبي
C212654,ازيكم الخدمة وحشة جداً، طالب طابعة يوم الجمعة عايز حل بسرعة,payment_portal,2026-05-05 15:27:59,فوترة,سلبي
C388838,يا جماعة للحين المشكلة ما انحلت، هذي المرة الخامسة يصير كذا ما عاد أتعامل معكم,mobile_app,2026-05-05 21:33:15,تقني,سلبي
C273740,!!!!,mobile_app,2026-05-05 21:59:05,تقني,سلبي
C829673,اْلّسَلامَ عليكم، المُوْقع بطيء جداً وتظهر رسالة خطأ عِند الدفِع، تواصلت مْعكم يِوم الْسبت بخُصوص حقيبْة.,mobile_app,2026-05-05 23:58:42,تقني,سلبي
C529550,الخدمة كتير سيئة، هي المـــرة الرابعة بتصير هيك طالب سماعات يوم الأحد ما رح اتعامل معكن بعد اليوم,payment_portal,2026-05-06 01:53:19,فوترة,سلبي
C385438,السلام عليكم، هذه المرة الثالثة التي يحدث فيها ذلك. كيف أتتبع الشحنة رقم #84650؟,delivery_app,2026-05-06 06:38:01,توصيل,محايد
C318608,هلا ما أقدر أسجل دخول والباسوورد صحيح، هذي المرة الثالثة يصير كذا,mobile_app,2026-05-06 07:21:54,تقني,سلبي
C257355,ودي تضيفون خيار الدفع عند الاستلام، هذي المرة الثانية يصير كذا والله شي يقهر!,web_form,2026-05-06 11:01:49,أخرى,سلبي
C424320,هلا المبلغ 320 ريالَ رقم الِطلب #51038 كود التحقق مِا يوصلني مَا عادِ أتعاُملِ معّكم,mobile_app,2026-05-06 13:07:34,تقني,سلبي
C330475,يا جماعة هذي المرة الخامسة يصير كذا كلمتكم يوم الجمعة عن كرسي مكتب عندي مشكلة من أمس ومحد حلها https://example.com/orders/67431,delivery_app,2026-05-06 22:32:34,توصيل,سلبي
C910566,ازيكم كلمتكم يوم الجمعة عن ساعة ذكية فضلت مستني على التليفون ساعة ومحدش رد,call_center,2026-05-06 23:42:00,خدمة_عملاء,سلبي
C395385,السلام عليكم، تواصلت معكم يوم الاثنين بخصوص ألعاب أطفال. هل يمكن الحصول على فاتورة ضريبية للطلب #88969؟,payment_portal,2026-05-07 03:16:17,فوترة,محايد
C866678,يا جماعة رقم الطلب #63252 الخدمة كتير سيئة,mobile_app,2026-05-07 07:02:52,تقني,سلبي
C599150,ازيكم تجربة زفت بصراحة، كلمتكم يوم الاثنين عن طابعة,payment_portal,2026-05-07 16:22:24,فوترة,سلبي
C288937,السلام عليكم، تواصلت معكم يوم الثلاثاء بخصوص نظارة شمسية. المبلغ الإجمالي 150 ريال. هل يمكن تغيير عنوان التوصيل للطلب #75842؟,delivery_app,2026-05-07 22:31:54,توصيل,محايد
C279544,تجربة زفت بصراحة، الحساب كله 250 جنيه طالب جوال يوم الثلاثاء رقمي 0575061190,payment_portal,2026-05-07 23:41:06,فوترة,سلبي
C992986,يا جماعة رقم الطلب #99340 حكيتكن يوم السبت عن ساعة ذكية تجربة ما بتنعاد,delivery_app,2026-05-08 01:40:26,توصيل,سلبي
C783800,هلا بعد التحديث الجديد التطبيق خربان، هذي المرة الرابعة يصير كذا رقم الطلب #10138 والله شي يقهر!,payment_portal,2026-05-08 02:40:05,فوترة,سلبي
C872044,يا جماعة هي المرة الرابعة بتصير هيك بدي امحي حسابي نهائياً والله شي بيقهر!,web_form,2026-05-08 10:13:26,أخرى,سلبي
C846576,راسلتكم أكثر من مرة ومحد رد علي، هذي المرة الرابعة يصير كذا ما عاد أتعاـــمل معكم,call_center,2026-05-08 12:49:44,خدمة_عملاء,سلبي
C913050,السلام عليكم، كيف أقدّم شكوى رسمية؟ رقم الطلب #30724.,call_center,2026-05-08 21:07:35,خدمة_عملاء,محايد
C903289,هل يدعم التطبيق الأجهزة القديمة؟ رقم الطلب #36494.,mobile_app,2026-05-08 23:47:04,تقني,محايد
C751713,شكراً لفريق الدعم الفني على حل مشكلة تسجيل الدخول,twitter,2026-05-09 00:00:55,تقني,إيجابي
C797307,التحديث الجديد ممتاز والتطبيق صار أسرع، رقم الطلب #73776.,mobile_app,2026-05-09 00:44:33,تقني,إيجابي
C299876,لو سمحتو رقم الطلب #67774 ما عم يزبط معي سجل دخول مع إنو كلمة السر صح ما رح اتعامل معكن بعد اليوم,mobile_app,2026-05-09 04:25:39,تقني,سلبي
C133143,بعتتلكن كذا رسالة وما حدا رد، رقم الطلب #45641 والله شي بيقهر!,call_center,2026-05-09 04:42:10,خدمة_عملاء,سلبي
C803502,تواصلت معكم يوم الأربعاء بخصوص شاحن. هل يوجد رقم مباشر للتواصل مع مشرف؟,call_center,2026-05-09 05:26:54,خدمة_عملاء,محايد
C445295,يا جماعة راسلتكم أكثر من مرة ومحد رد علي، طلبت طابعة يوم الأحد المبلغ 199 ريال والله شي يقهر!,call_center,2026-05-09 10:05:03,خدمة_عملاء,سلبي
C905441,هذه المرة الثانية التي يحدث فيها ذلك. طلبت عطر يوم الاثنين. كيف أغيّر رقم الجوال المرتبط بالحساب؟,mobile_app,2026-05-09 10:08:33,تقني,محايد
C887020,مرحباً، كيف أفعّل التحقق بخطوتين؟ طلبت ثلاجة يوم الاثنين. هذه المرة الثانية التي يحدث فيها ذلك.,mobile_app,2026-05-09 13:06:06,تقني,محايد
C383952,السلام عليكم، هل يوجد رقم مباشر للتواصل مع مشرف؟ هذه المرة الرابعة التي يحدث فيها ذلك. تواصلت معكم يوم الخميس بخصوص ثلاجة.,call_center,2026-05-09 16:11:00,خدمة_عملاء,محايد
C927617,ازيكم الكوبون مااشتغلش والفلوس اتسحبت كاملة، دي المرة الثالثة يحصل كده مش هتعامل معاكم تاني,payment_portal,2026-05-09 18:30:48,فوترة,سلبي
C453785,لو سمحتم، أحتاج مساعدة عاجلة من فضلكم، هذه المرة الثـــانية التي يحدث فيها ذلك. طلبت حذاء رياضي يوم الأربعاء.,web_form,2026-05-09 19:14:32,تقني,سلبي
C776190,تم تجديد الاشتراك تلقائياً دون موافقتي وخصم 250 ريال، طلبت شاحن يوم الجمعة.,payment_portal,2026-05-09 19:21:15,فوترة,سلبي
C930113,جددولي الاشتُراُك بدوَن ما اطلُب وانسحب المبلغ، حْكيّتكن يُوم اْلأحد عن قهوة,payment_portal,2026-05-10 02:19:14,فوترة,سلبي
C558058,التطبيق يطلعني برا كل ما أفتح الطلبات، هذي المرة الرابعة يصير كذا ما عاد أتعامل معكم,mobile_app,2026-05-10 05:29:38,تقني,سلبي
C949564,التطبيق يطلعني برا كل ما أفتح الطلبات، هذي المرة الرابعة يصير كذا ما عاد أتعامل معكم,mobile_app,2026-05-10 05:29:38,تقني,سلبي
C674181,ازيكم كلمتكم يوم الخميس عن خلــاط تجربة زفت بصراحة رقمي 0521495364,mobile_app,2026-05-10 05:47:43,تقني,سلبي
C879614, التطبيق يطلعني برا كل ما أفتح الطلبات، هذي المرة الرابعة يصير كذا ما عاد أتعامل معكم ,mobile_app,2026-05-10 06:40:38,تقني,سلبي
C615150,مِكتّوِب إن اَلأُوردر اّتسلم وأنا ماّستلمتش حاجةَ، الحّساب كَله 750 جنَيه,delivery_app,2026-05-10 07:25:03,توصيل,سلبي
C733357,مِكتّوِب إن اَلأُوردر اّتسلم وأنا ماّستلمتش حاجةَ ، الحّساب كَله 750 جنَيه,delivery_app,2026-05-10 09:12:03,توصيل,سلبي
C771630,السلام عليكم، طلبت كرسي مكتب يوم الخميس. هذه المرة الثانية التي يحدث فيها ذلك. لدي مشكلة منذ أمس ولم يحلها أحد أرجو الحل بأسرع وقت.,mobile_app,2026-05-10 13:32:41,تقني,سلبي
C887930,3ayez amsa7 el account,web_form,2026-05-10 14:52:49,أخرى,سلبي
C735849,هذي المرة الرابعة يصير كذا طلبت حقيبة يوم السبت كود التحقق ما يوصلني رقمي 0557459760,mobile_app,2026-05-11 00:32:18,تقني,سلبي
C748225,هذي المرة الرابعة يصير كذا طلبت حقيبة يوم السبت كود التحقق ما يوصلني رقمي 0557459760,mobile_app,2026-05-11 00:32:18,تقني,سلبي
C921711,السلام عليكم، المندوب كان محترماً ودقيقاً في الموعد,delivery_app,2026-05-11 16:27:49,توصيل,إيجابي
C627606,مرحبا الطلبية وصلت ناقصة، حكيتكن يوم الأحد عن ألعاب أطفال هي المرة الخامسة بتصير هيك ما رح اتعامل معكن بعد اليوم,delivery_app,2026-05-11 18:17:31,توصيل,سلبي
C170407,😡😡😡,mobile_app,2026-05-11 23:10:18,تقني,سلبي
C168077,رقم الطلب #70273 رمز التـحقق ما عم يوصلني، وكمان بعتتلكن كذا رسالة وما حدا رد والله شي بيقهر!,mobile_app,2026-05-12 03:11:55,تقني,سلبي
C516526,لو سمحتم، طلبت جوال يوم الخميس. تم استرجاع المبلغ بسرعة، شكراً لكم,payment_portal,2026-05-12 04:50:27,فوترة,إيجابي
C503156,رقم اــلطلب #82164. هل يمكن الحصول على فاتورة ضريبية للطلب #44847؟,payment_portal,2026-05-12 09:16:23,فوترة,محايد
C233517,بقالي 12 أيام مستني فلوسي ترجع ومفيش حاجة، دي المرة الثانية يحصل كده,payment_portal,2026-05-12 09:37:24,فوترة,سلبي
C632591,التطبيق يطلعني برا كل ما أفتح الطلبات، طلبت عطر يوم الاثنين ابي حل بسرعة,mobile_app,2026-05-12 10:48:52,تقني,سلبي
C636183,مرحباً، كيف أفعّل التحقق بخطوتين؟ المبلغ الإجمالي 150 ريال. رقم الطلب #18600.,mobile_app,2026-05-12 11:54:55,تقني,محايد
C234723,تم تسجيل الطلب كمستلم ولكنه لم يصلني، هذه المرة الثانية التي يحدث فيها ذلك. رقم الطلب #61672.,delivery_app,2026-05-12 13:01:16,توصيل,سلبي
C684881,مرحباً، هل يمكن الحصول على فاتورة ضريــــبية للطلب #24640؟ تواصلت معكم يوم الخميس بخصوص ألعاب أطفال.,payment_portal,2026-05-12 14:41:07,فوترة,محايد
C802396,مرحبا بعتتلكن كذا رسالة وما حدا رد، وكمان صرلي 2 أيام ناطر يرجعولي المصاري وما في شي، رقم الطلب #51931 والله شي بيقهر!,call_center,2026-05-13 01:14:02,خدمة_عملاء,سلبي
C459161,مرحبا بعتتلكن كذا رسالة وما حدا رد، وكمان صرلي 2 أيام ناطر يرجعولي المصاري وما في شي، رقم الطلب #51931 والله شي بيقهر!,call_center,2026-05-13 01:14:02,خدمة_عملاء,سلبي
C168194,!!!!,mobile_app,2026-05-13 02:05:58,تقني,سلبي
C648750,يا جماعة طالب طابعة يوم الخميس المندوب ما اتصل فيني ورجّع الطلبية ما رح اتعامل معكن بعد اليوم,delivery_app,2026-05-13 04:53:13,توصيل,سلبي
C398795,التطبيق يطلعني برا كل ما أفتح الطلبات، كلمتكم يوم الاثنين عن عطر والله شي يقهر!,mobile_app,2026-05-13 11:07:37,تقني,سلبي
C828465,مرحباً، هلُ يدعم التطبيق الأجهّزة القديمة؟ رقمَ الطلبْ #74473. المبلغ الإُجَمالي 250 ريال.,mobile_app,2026-05-13 15:57:49,تقني,محايد
C357390,مرحباً، هلُ يدعم التطبيق الأجهّزة القديمة؟ رقمَ الطلبْ #74473. المبلغ الإُجَمالي 250 ريال.,mobile_app,2026-05-13 15:57:49,تقني,محايد
C986983,تجربة ما تنعاد، هذي المرة الخامسة يصير كذا رقم الطلب #21435 ابي حل بسرعة,call_center,2026-05-14 03:29:31,خدمة_عملاء,سلبي
C768362,طالب لابتوب يوم الأحد حكيتكن يوم الخميس عن شــــاشة التطبيق عم يسكّر لحالو كل شوي، وكمان ضليت ناطر ع التلفون ساعة وما حدا رد ما رح اتعامل معكن بعد اليوم,mobile_app,2026-05-14 12:31:33,تقني,سلبي
C150954,أبي أكلم مسؤول لو سمحتوا، رقم الطلب #14840,mobile_app,2026-05-14 14:56:39,تقني,سلبي
C959268,لو سمحت طالب قهوة يوم الأحد لسه المشكلة زي ما هي مش هتعامل معاكم تاني,mobile_app,2026-05-14 17:43:34,تقني,سلبي
C624579,لو سمحتو جددولي الاشتراك بدون ما اطلب وانسحب المبلغ، حكيتكن يوم الاثنين عن حقيبة بدي حل بسرعة,payment_portal,2026-05-14 18:32:55,فوترة,سلبي
C243849,كيف أغيّر رقم الجوال المرتبط بالحساب؟ رقم الطلب #67535. طلبت مكنسة كهربائية يوم الأحد.,mobile_app,2026-05-14 22:03:27,تقني,محايد
C138586,لو سمحَتم، تم تجديد الاشتَراَك تلَقائياً دوَن موافْقتْي وخْصم 99 رُيّال، تواصِلت معكم يوِم الجمَعَةَ بخصوصّ شاحن. طلْبت نظَارة شمسية يوم الاِثَنين. هذاُ غير مُقبول إطلاقاً!,payment_portal,2026-05-14 23:20:29,فوترة,سلبي
C461021,انتظرت على الخط أكثر من ساعة دون أن يرد أحد، هذه المرة الثالثة التي يحدث فيها ذلك. رقم الطلب #25869.,call_center,2026-05-15 03:10:54,خدمة_عملاء,سلبي
C430774,مش عارف أعمل لوـــجين والباسورد صح، كلمتكم يوم الاثنين عن سماعات رقم الأوردر #50939,mobile_app,2026-05-15 05:30:21,تقني,سلبي
C149674,🙄🙄,payment_portal,2026-05-15 07:21:27,فوترة,محايد
C732182,يا جماعة هي المرة الرابعة بتصير هيك المبلغ 320 ما عم يزبط معي سجل دخول مع إنو كلمة السر صح https://example.com/orders/68522,mobile_app,2026-05-15 07:40:26,تقني,سلبي
C480132,لو سمحت رقم الأوردر #51562 عايز أكـلم حد مسؤول,mobile_app,2026-05-15 09:19:18,تقني,سلبي
C789861,هل يدعم التطبيق الأجهزة القديمة؟,mobile_app,2026-05-15 11:28:08,تقني,محايد
C569929,لو سمحُتم، تْم تسجيل الطلب كـــمستْلم ولكنه لْم يصْلنُي، تواصلت معكم يوم الثلاثاء بخصوِص كِرسي مكتب. طلبت كرسي مكتب يوم الّأِربعاء.,delivery_app,2026-05-15 12:05:53,توصيل,سلبي
C437807,الغرض وصلني مكسور، رقْم الطَلَب #36709,delivery_app,2026-05-15 17:15:40,توصيل,سلبي
C151135,المبلغ الإجمالي 750 ريال. التحديث الجديد ممتاز والتطبيق صار أسرع,mobile_app,2026-05-15 19:46:43,تقني,إيجابي
C311527,مرحباً، كيف أفعّل التحقق بخطوتين؟ رقم الطلب #45562. طلبت نظارة شمسية يوم الثلاثاء.,mobile_app,2026-05-15 20:12:37,تقني,محايد
C335425,ازيكم طالب عطر يوم الأحد الحاجة وصلت مكسورة,delivery_app,2026-05-15 20:39:41,توصيل,سلبي
C677393,لو سمحتم، المبلغ الإجمالي 99 ريال. رقم الطلب #43444. شكراً على سرعة الرد والتعامل الراـــقي,call_center,2026-05-15 21:15:36,خدمة_عملاء,إيجابي
C475620,يا جماعة مكتوب إن الـــأوردر اتسلم وأنا ماستلمتش حاجة، الحساب كله 199 جنيه بجد حاجة تضايق!,delivery_app,2026-05-15 22:38:12,توصيل,سلبي
C844268,تم استرجاع المِبلغ بسرعة، شكراً لكم,payment_portal,2026-05-15 23:36:44,فوترة,إيجابي
C889382,للحين المشكلة ما انحلت، رقم الطلب #29478 ابي حل بسرعة,mobile_app,2026-05-16 00:37:15,تقني,سلبي
C868695,هلا الموظف كان أسلوبه مو زين وسكّر بوجهي، المبلغ 49 ريال هذي المـــرة الثالثة يصير كذا ما عاد أتعامل معكم,call_center,2026-05-16 03:12:32,خدمة_عملاء,سلبي
C422754,لو سمحت مش عارف أعمل لوجين والباسورد صح، رقم الأوردر #83235,mobile_app,2026-05-16 04:10:50,تقني,سلبي
C950462,السلام عليكم كلمتكم يوم الجمعة عن نظارة شمسية طلبت حذاء رياضي يوم الثلاثاء انتظرت ساعة على الخط ومحد رد ما عاد أتعامل معكم,call_center,2026-05-16 11:00:38,خدمة_عملاء,سلبي
C841118,لو سمحت الحساب كله 99 جنيه كلمتكم يوم السبت عن حذاء رياضي الفاتورة المرة دي غالية جداً ومش فاهم ليه مش هتعامل معاكم تاني,payment_portal,2026-05-16 13:03:30,فوترة,سلبي
C166832,لو سمحتو رقم الطلب #39293 هي المرة الرابعة بتصير هيك بعتتلكن كذا رسالة وما حدا رد,call_center,2026-05-16 14:38:28,خدمة_عملاء,سلبي
C163848,لو سمحتم، تواصلت معكم يوم الاثنين بخصوص شاشة. المبلغ الإجمالي 199 ريال. الموقع بطيء جداً وتظهر رسالة خطأ عند الدفع سأضطر لإلغاء الاشتراك إن لم تُحل المشكلة.,mobile_app,2026-05-16 18:31:49,تقني,سلبي
C771017,المبلغ الإجمالي 150 ريال. المندوب كان محترماً ودقيقاً في الموعد,delivery_app,2026-05-16 21:30:22,توصيل,إيجابي
C984590,تواصلت معكم يوم الخميس بخصوص مكنسة كهربائية. هل يدعم التطبيق الأجهزة القديمة؟,mobile_app,2026-05-17 09:30:03,تقني,محايد
C950493,ضليت ناطر ع التلفون ساعة وما حدا رد، هي المرة الرابعة بتصير هيك ما رح اتعامل معكن بعد اليوم,call_center,2026-05-17 12:18:17,خدمة_عملاء,سلبي
C383973,ضليت ناطر ع التلفون ساعة وما حدا رد، هي المرة الرابعة بتصير هيك ما رح اتعامل معكن بعد اليوم,call_center,2026-05-17 12:18:17,خدمة_عملاء,سلبي
C779052,ودي تضيفون خيار الدفع عند الاستلام، رقم الطلب #11049 المبلغ 499 ريال,web_form,2026-05-17 12:39:48,أخرى,سلبي
C637736,ما هي ساعات عمل خدمة العملاء؟ طلبت مكنسة كهربائية يوم الجمعة.,call_center,2026-05-17 16:52:05,خدمة_عملاء,محايد
C885795,طلبت لابتوب يوم الخميس ما أقدر أسجل دخول والباسوورد صحيح ابي حل بسرعة,mobile_app,2026-05-17 17:02:03,تقني,سلبي
C569626,لو سمحتم، هذه المرة الثانية التي يحدث فيها ذلك. تواصلت معكم يوم السبت بخصوص شاحن. هل يدعم التطبيق الأجهزة القديمة؟,mobile_app,2026-05-17 17:07:00,تقني,محايد
C770789,السلام عليكم الموظف كان أسلوبه مو زين وسكّر بوجهي، المبلغ 199 ريال ما عاد أتعامل معكم,call_center,2026-05-17 19:27:15,خدمة_عملاء,سلبي
C792596,هلا كلمتكم يوم الجمعة عن جوال المبلغ 150 ريال ما أقدر أسجل دخول والباسوورد صحيح ابي حل بسرعة,mobile_app,2026-05-18 01:03:37,تقني,سلبي
C895386,...,call_center,2026-05-18 02:06:10,خدمة_عملاء,سلبي
C516545,مرحباً، رمز التحقق لا يصل إلى هاتفي، هذه المرة الثانية التي يحدث فيها ذلك.,mobile_app,2026-05-18 05:57:47,تقني,سلبي
C385797,يا جماعة الطلبية وصلت ناقصة، طالب حقيبة يوم الأحد والله شي بيقهر!,delivery_app,2026-05-18 09:10:11,توصيل,سلبي
C407576,الحساب كله 320 جنيه كود التفعيل مش بيوصل خالص https://example.com/orders/27023,mobile_app,2026-05-18 12:43:12,تقني,سلبي
C274603,انخصم مني 150 ريال مرتين على نفس الطلب، طلبت ألعاب أطفال يوم الخميس,payment_portal,2026-05-19 10:27:34,فوترة,سلبي
C884212,الغرض وصلني مكسور، رقم اـلطلب #47436 ما عاد أتعامل معكم,delivery_app,2026-05-19 13:28:46,توصيل,سلبي
C392663,السلام عليكم الخدمة واجد سيئة، رقم الــــطلب #74545,mobile_app,2026-05-19 13:51:31,تقني,سلبي
C606023,تم تجديد الاشتراك تلقائياً دون موافقتي وخصم 320 ريال، تواصلت معكم يوم السبت بخصوص شاحن. المبلغ الإجمالي 99 ريال.,payment_portal,2026-05-19 14:01:09,فوترة,سلبي
C956618,كلمتكم يوم السبت عن كرسي مكتب الطلب وصل ناقص غرض ما عاد أتعامل معكم,delivery_app,2026-05-19 15:06:42,توصيل,سلبي
C388339,تجربة ما بتنعاد,payment_portal,2026-05-19 20:04:29,فوترة,سلبي
C793770,كيف أغيّر رقم الجوال المرتبط بّالحّسُاْب؟ رقم اَلطلب #71385. المبلغِ الإُجماِلي 320 رياّل.,mobile_app,2026-05-20 02:52:31,تقني,محايد
C427870,السلام عليكم كلمتكم يوم الجمعة عن حقيبة جددوا لي الاشتراك بدون ما أوافق وسحبوا 250 ريال ما عاد أتعامل معكم,payment_portal,2026-05-20 03:32:41,فوترة,سلبي
C151053,طالب شاشة يوم الخميس رقم الطلب #60966 المندوب ما اتصل فيني ورجّع الطلبية,delivery_app,2026-05-20 03:36:20,توصيل,سلبي
C464539,لو سمحتم، تواصلت معكم يوم الخميس بخصوص طابعة. لا أستطيع تسجيل الدخول إلى حسابي رغم إدخال كلمة المرور الصحيحة,mobile_app,2026-05-20 08:57:37,تقني,سلبي
C127977,مرحباً، رقم الطلب #64255. طلبت استرجاع المبلغ منذ 5 أيام ولم يصلني شيء حتى الآن,payment_portal,2026-05-20 09:16:22,فوترة,سلبي
C973833,المندوب ما اتصل ورجع الطلب، رقم الطلب #44756 كلمتكم يوم الثلاثاء عن عطر,delivery_app,2026-05-20 09:47:29,توصيل,سلبي
C853564,حكيتكن يوم الثلاثاء عن سماعات رمز التحقق ما عم يوصلني بدي حل بسرعة,mobile_app,2026-05-20 10:03:42,تقني,سلبي
C310013,المبلغ 250 ريال ما أقدر أسجل دخول والباسوورد صحيح,mobile_app,2026-05-20 13:33:54,تقني,سلبي
C547366,السلام عليكم، ما هي ساعات عمل خدمة العملاء؟ تواصلت مـعكم يوم الخميس بخصوص كرسي مكتب.,call_center,2026-05-20 16:15:22,خدمة_عملاء,محايد
C285272,السلام عليكم، ما هي ساعات عمل خدمة العملاء؟ تواصلت مـعكم يوم الخميس بخصوص كرسي مكتب.,call_center,2026-05-20 16:15:22,خدمة_عملاء,محايد
C478401,يِا جماّعَة اُلِحاجة وّصلت مكسورةّ، كلمتكم يوم الأربعِاْءِ عَن حقيبة مَش هتعامِلَ معْاكم تاّنْي,delivery_app,2026-05-20 20:16:04,توصيل,سلبي
C236402,هل يدعم التطبيق الأجهزة القديمة؟ رقم الطلب #45924.,mobile_app,2026-05-21 05:13:39,تقني,محايد
C669869,السلام عليكم، متى يتم إصدار الفاتورة الشهرية؟ تواصلت معكم يوم الثلاثاء بخصوص ألعاب أطفال. رقم الطلب #20747.,payment_portal,2026-05-21 10:21:45,فوترة,محايد
C702755,لو سّمحتمُ، كيف أغَيّر رقمُ الجّوال المرتّبط بالّحّساب؟ تواصلتْ معكم يوم الخميس بَخصوص ثلاجة. هذه الِمرّة الثاَلثةْ التي يحدث فيهاّ ذلكّ.,mobile_app,2026-05-21 19:51:47,تقني,محايد
C621410,اـزيكم رقم الأوردر #48624 عايز أكلم حد مسؤول,payment_portal,2026-05-22 03:38:24,فوترة,سلبي
C437361,ازيكم بقالي 12 أيام مستني فلوسي تــــرجع ومفيش حاجة,payment_portal,2026-05-22 12:36:41,فوترة,سلبي
C922842,طالب حذاء رياضي يوم الجمعة الكوبون مااشتغلش والفلوس اتسحبت كاملة بجد حاجة تضايق!,payment_portal,2026-05-23 04:54:41,فوترة,سلبي
C739062,لو سمحتم، تواصلت مــــعكم يوم الخميس بخصوص كرسي مكتب. طلبت كتب يوم الجمعة. هل يدعم التطبيق الأجهزة القديمة؟,mobile_app,2026-05-23 07:19:39,تقني,محايد
C232957,مرحباً، كيف أفعّل التحقق بخطوتين؟ تواصلت معـكم يوم الخميس بخصوص شاشة. رقم الطلب #38442.,mobile_app,2026-05-23 10:05:00,تقني,محايد
C502787,السلام عليكم انخصم مني 199 ريال مرتين على نفس الطلب، رقم الطلب #17619,payment_portal,2026-05-23 13:35:22,فوترة,سلبي
C669028,الفاتورة هالشهر واجد غالية وما أدري ليش، المبلغ 499 ريال https://example.com/orders/54274,payment_portal,2026-05-23 23:17:53,فوترة,سلبي
C426698,لو سمحتو لسا المشكلة متل ما هي، حكيتكن يوم الاثنين عن ساعة ذكية,payment_portal,2026-05-24 05:58:25,فوترة,سلبي
C400199,السلام عليكم، وصل الطلب قبل الموـــعد والتغليف ممتاز، طلبت خلاط يوم الأربعاء.,delivery_app,2026-05-24 09:17:40,توصيل,إيجابي
C429043,الحساب كله 150 جنيه مش عارف أعمل لوجين والباسورد صح بجد حاجة تضايق!,mobile_app,2026-05-24 13:29:45,تقني,سلبي
C756646,ازيكم الفاتورة المرة دي غالية جداً ومش فاهم ليه,payment_portal,2026-05-24 14:24:05,فوترة,سلبي
C534455,يا جماعة الأبلكيشن بيقفل لوحده كل شوية، الحساب كله 250 جنيه كلمتكم يوم الأحد عن حقيبة,mobile_app,2026-05-24 16:12:15,تقني,سلبي
C937549,الحساب كله 49 جنيه طالب ساعة ذكية يوم الخميس تجربة زفت بصراحة بجد حاجة تضايق!,payment_portal,2026-05-24 17:39:15,فوترة,سلبي
C628561,لو سمحت الأبلكيشن بيقفل لوحده كل شوية، دي المرة الخامسة يحصل كده,mobile_app,2026-05-25 04:29:34,تقني,سلبي
C501100,😡😡😡,mobile_app,2026-05-25 05:58:50,تقني,إيجابي
C575279,ازيكم الــموظف كان أسلوبه وحش وقفل السكة في وشي، كلمتكم يوم الخميس عن لابتوب مش هتعامل معاكم تاني,call_center,2026-05-25 11:35:54,خدمة_عملاء,سلبي
C488970,من ساعة التحديث الجديد والأبلكيشن واقع، طالب حقيبة يوم الأحد كلمتكم يوم الأحد عن خلاط مش هتعامل معاكم تاني,delivery_app,2026-05-25 12:47:38,توصيل,سلبي
C726735,لو سمحت الفاتورة المرة دي غالية جداً ومش فاهم ليه، كلمتكم يوم الجمعة عن سماعات,payment_portal,2026-05-25 15:48:51,فوترة,سلبي
C125513,لو سمحت الفاتورة المرة دي غالية جداً ومش فاهم ليه، كلمتكم يوم الجمعة عن سماعات,payment_portal,2026-05-25 15:48:51,فوترة,سلبي
C491529,,payment_portal,2026-05-25 19:30:08,فوترة,محايد
C892443,هذه المرة الثانية التي يحدث فيها ذلك. طلبت نظارة شمسية يوم الأربعاء. هل يدعم التطبيق الأجهزة القديمة؟,mobile_app,2026-05-26 08:37:45,تقني,محايد
C133329,التطبيق يطلعني برا كل ما أفتح الطلبات والله شي يقهر!,mobile_app,2026-05-26 12:49:35,تقني,سلبي
C935567,يا جماعة عندي مشكلة من امبارح ومحدش حلها، الحساب كله 320 جنيه بجد حاجة تضايق!,delivery_app,2026-05-26 21:51:03,توصيل,سلبي
C757200,طلبت شاحن يوم الأربعاء. هل تتوفر خدمة التوصيل في نفس اليوم؟,delivery_app,2026-05-27 04:04:18,توصيل,محايد
C248404,مرحبا بــعتتلكن كذا رسالة وما حدا رد,call_center,2026-05-27 04:10:37,خدمة_عملاء,سلبي
C780659,مرحباً، هذه المرة الخامسة التي يحدث فيها ذلك. المبلغ الإجمالي 320 ريال. لا أستطيع تسجيل الدخول إلى حسابي رغم إدخال كلمة المرور الصحيحة هذا غير مقبول إطلاقاً!,mobile_app,2026-05-27 04:22:21,تقني,سلبي
C809680,,payment_portal,2026-05-27 05:38:30,فوترة,سلبي
C390903,هلا رقم الطلب #49970 كلمتكم يوم الأحد عن شاحن تجربة ما تنعاد والله شي يقهر! رقمي 0529922281,delivery_app,2026-05-27 09:45:40,توصيل,سلبي
C589940,التحديث الجديد ممتاز واَلتطبيق صار أسرع، طلبت كتب يوم الأربعاء. رقم الطلب #99266.,mobile_app,2026-05-27 12:42:22,تقني,إيجابي
C128340,كلمتكم يوم الأربعاء عن حذاء رياضي طالب شاحن يوم السبت مش عارف أعمل لوجين والباسورد صح عايز حل بسرعة,web_form,2026-05-27 13:26:21,أخرى,سلبي
C566389,مرحباً، التحديث الجديد ممتاز والتطبيق صار أسرع، رقم الطلب #84803. هذه المرة الثانية التي يحدث فيها ذلك.,twitter,2026-05-27 21:53:50,تقني,إيجابي
C865302,صرلي 4 أيام ناطر يرجعولي المصاري وما في شي، رقم الطلب #51200 طالب طابعة يوم الجمعة بدي حل بسرعة,payment_portal,2026-05-28 07:38:51,فوترة,سلبي
C634184,لو سمحتم، هل يمكن الحصول على فاتورة ضريبية للطلب #46134؟,payment_portal,2026-05-28 07:42:06,فوترة,محايد
C435348,السلام عليكم، ما هي ساعات عمل خدمة العملاء؟ طلبت ساعة ذكية يوم الجمعة. تواصلت معكم يوم السبت بخصوص سماعات.,call_center,2026-05-28 09:36:44,خدمة_عملاء,محايد
C694689, ,mobile_app,2026-05-28 19:52:30,تقني,محايد
C991763,الحساب كله 750 جّنيه طالب قهوة يوم الّأحد الكوبون مااشْتغلش والّفِلوس اتسَحبِتَ كاملة,payment_portal,2026-05-29 00:45:43,فوترة,سلبي
C110539,انخصم مني 250 ريال مرتين على نفس الطلب، كلمتكم يوم الخميس عن خلاط,payment_portal,2026-05-29 03:58:36,فوترة,سلبي
C722894,مرحباً، الخدمة سيئة جداً ولن أتعامل معكم مرة أخرى، رقم الطلب #24920.,payment_portal,2026-05-29 10:07:59,فوترة,سلبي
C659679,لو سمحت الحساب كله 250 جنيه كلمتكم يوم السبت عن قهوة الكوبون مااشتغلش والفلوس اتسحبت كاملة,payment_portal,2026-05-29 14:55:55,فوترة,سلبي
C274656,الحساب كله 499 جنيه كود التفعيل مش بيوصل خالص مش هتعامل معاكم تاني,mobile_app,2026-05-29 16:35:35,تقني,سلبي
C468927,بعد التحديث الأخير لم يعد التطبيق يعمل على هاتفي، تواصلت معكم يوم الخميس بخصوص خلاط.,mobile_app,2026-05-29 18:48:08,تقني,سلبي
C268586,هلا هذي المرة الثالثة يصير كذا الموظف كان أسلوبه مو زين وسكّر بوجهي,call_center,2026-05-29 22:49:20,خدمة_عملاء,سلبي
C527045,لو سمحتم، شكراً على سرعة الرد والتعامل الراقي، رقم الطلب #82947. المبلغ الإجمالي 499 ريال.,call_center,2026-05-29 23:53:38,خدمة_عملاء,إيجابي
C773558,السلام عليكم، هل يوجد رقم مباشر للتواصل مع مشرف؟ تواصلت معكم يوم السبت بخصوص ألعاب أطفال. هذه المرة الثانية التي يحدث فيها ذلك.,call_center,2026-05-30 00:41:57,خدمة_عملاء,محايد
C542086,يا جماعة طالب حذاء رياضي يوم الثلاثاء الحسـاب كله 199 جنيه كود التفعيل مش بيوصل خالص,mobile_app,2026-05-30 01:32:13,تقني,سلبي
C454129,كود التحقق ما يوصلني، المبلغ 49 ريال,mobile_app,2026-05-30 10:07:34,تقني,سلبي
C336469,لو سمحتو الطلبية وصلت ناقصة، طالب قهوة يوم الأحد ما رح اتعامل معكن بعد اليوم,delivery_app,2026-05-30 16:11:53,توصيل,سلبي
C534625,لو سمحتو الفاتورة هالمرة كتير غالــية وما حدا شرحلي ليش، رقم الطلب #34856,payment_portal,2026-05-30 22:55:44,فوترة,سلبي
C585515,لو سمحتم، المبلغ الإجمالي 750 ريال. الخدمة سيئة جداً ولن أتعامل معكم مرة أخرى,mobile_app,2026-05-31 01:37:30,تقني,سلبي
C924709,الأبلكيشن بيقفل لوحده كل شوية، وكمان بعت رسايل كتير ومحدش بيرد، طالب شاشة يوم الخميس,mobile_app,2026-05-31 05:25:20,تقني,سلبي
C469652,الفاتورة المرة دي غالية جداً ومش فاهم ليه، الحساب كله 499 جنيه طالب حقيبة يوم الأربعاء بجد حاجة تضايق!,payment_portal,2026-05-31 08:37:05,فوترة,سلبي
C811734,انتظرت ساعة على الخط ومحد رد، كلمتكم يوم الخميس عن عطر المبلغ 150 ريال ابي حل بسرعة,call_center,2026-05-31 09:11:00,خدمة_عملاء,سلبي
C477309,كلمتكم يوم الأربعاء عن لابتوب بعد التحديث الجديد التطبيق خربان والله شي يقهر!,mobile_app,2026-05-31 12:34:33,تقني,سلبي
C178708,لو سمحت من ساعة التحديث الجديد والأبلكيشن واقع، دي المرة الخامسة يحصل كده رقم الأوردر #38634 عايز حل بسرعة,delivery_app,2026-05-31 14:20:47,تقني,سلبي
C608202,ازيكم دي المرة الرابعة يحصل كده من ساعة التحديث الجديد والأبلكيشن واقع بجد حاجة تضايق!,mobile_app,2026-05-31 19:46:22,تقني,سلبي
C673162,السلام عليكم، هذه المرة الرابعة التي يحدث فيها ذلك. كود الخصم لم يُطبَّق على الفاتورة رغم أنه ساري المفعول,call_center,2026-05-31 23:00:17,فوترة,سلبي
C104634,يا جماعة تجربة زفت بصراحة، طالب كتب يوم الجمعة بجد حاجة تضايق!,mobile_app,2026-06-01 04:39:24,تقني,سلبي
C898128,بعد التحديث الأخير لم يعد التطبيق يعمل على هاتفي، هذه المرة الثانية التي يحدث فيها ذلك.,mobile_app,2026-06-01 11:51:11,تقني,سلبي
C881147,السلام عليكم بعد التحديث الجديد التطبيق خربان، كلمتكم يوم الأحد عن نظارة شمسية هذي المرة الثالثة يصير كذا ابي حل بسرعة,mobile_app,2026-06-01 13:41:11,تقني,سلبي
C625759,مرحباً، كيف أتتبع الشحنة رقم #59181؟,delivery_app,2026-06-01 17:00:07,توصيل,محايد
C456454,السلامّ عليكمُ المندْوْبْ مُا اْتصل وّرجع الْطلب، هذي اْلمرة الثالثة يصير كذُا,delivery_app,2026-06-02 07:02:25,توصيل,سلبي
C352428,مرحبا حكيتكن يوم الأحد عن سماعات الموظف كان أسلوبو مش منيح وسكّر الخط بدي حل بسرعة,call_center,2026-06-02 08:12:35,خدمة_عملاء,سلبي
C718993,يا جماعة بدي احكي مع حدا مسؤول، رقم الطلب #30648,mobile_app,2026-06-02 08:45:23,تقني,سلبي
C742364,هلا كلمتكم يوم السبت عن كرسي مكتب التطبيق يطلعني برا كل ما أفتح الطلبات,mobile_app,2026-06-02 14:22:24,تقني,سلبي
C930330,لو سمحت رقم الأوردر #11815 ياريت تضيفوا الدفع عند الاستلام,web_form,2026-06-02 14:55:50,أخرى,سلبي
C524797,المبلغ 250 بدي احكي مع حدا مسؤــــول,delivery_app,2026-06-02 20:44:48,توصيل,سلبي
C576117,الغرض وصلني مكسور، طلبت خلاط يوم الخميس والله شي يقهر!,delivery_app,2026-06-03 02:27:25,توصيل,سلبي
C876064,مَرحبُاً، هلّ يدعم التطبَيق الأجهزة القديمةِ؟,mobile_app,2026-06-03 03:11:51,تقني,محايد
C502669,يا جماعة انتظرت ساعة على الخط ومحد رد، هذي المرة الثالثة يصير كذا كلمتكم يوم الجمعة عن مكنسة كهربائية والله شي يقهر!,call_center,2026-06-03 07:29:14,خدمة_عملاء,سلبي
C883894,السلام عليكم، هل يدعم التطبيق الـأجهزة القديمة؟,mobile_app,2026-06-03 16:35:01,تقني,محايد
C787769,يا جماعة ما عم يزبط معي سجل دخول مع إنو كلمة السر صح، رقم الطلب #56324 طالب طابعة يوم الأربعاء والله شي بيقهر! https://example.com/orders/87382,mobile_app,2026-06-03 17:57:12,تقني,سلبي
C255125,الخدمة واجد سيئة ابي حل بسرعة,mobile_app,2026-06-03 21:13:09,تقني,سلبي
C134344,لو سمحتو رقم الطلب #55964 هي المرة الثانية بتصير هيك المندوب ما اتصل فيني ورجّع الطلبية,delivery_app,2026-06-04 12:47:45,توصيل,سلبي
C978283,عندي مشكلة من امبارح ومحدش حلها، طالب خلـــاط يوم الأربعاء عايز حل بسرعة,mobile_app,2026-06-04 18:22:16,تقني,سلبي
C551523,مرحباً، المبلغ الإجمالي 320 ريال. طلبت قهوة يوم الأحد. متى يتم إصدار الفاتورة الشهرية؟,payment_portal,2026-06-04 20:23:58,فوترة,محايد
C898101,رقم الطلب #15260 المندوب ما اتصل ورجع الـطلب,delivery_app,2026-06-04 20:53:46,توصيل,سلبي
C228095,رقم الطلب #15260 المندوب ما اتصل ورجع الـطلب,delivery_app,2026-06-04 20:53:46,توصيل,سلبي
C745917,بدي احكي مع حدا مسؤول، حكيتكن يوم السبت عن حذاء رياضي,call_center,2026-06-05 01:46:15,خدمة_عملاء,سلبي
C968250,السلام عليكم رقم الطلب #93807 الطلب وصل ناقص غرض,delivery_app,2026-06-05 15:52:05,توصيل,سلبي
C506436,المندوب ماكلمنيش ورجّع الشحنة، وــفوق هذا كود التفعيل مش بيوصل خالص مش هتعامل معاكم تاني,delivery_app,2026-06-05 16:45:26,توصيل,سلبي
C674373,السلام عليكم المبلغ 499 ريال راسلتكم أكثر من مرة ومحد رد علي والله شي يقهر!,call_center,2026-06-05 21:29:30,خدمة_عملاء,سلبي
C608509,مرحباً، هل تتوفر خدمة التوصيل في نفس اليوم؟ تواصلت معكم يوم الاثنين بخصوص كتب.,delivery_app,2026-06-05 21:46:37,توصيل,محايد
C912027,رَقم الطلب #40344 بعُد التحديِثُ الجديد التطبيقْ خُربان,mobile_app,2026-06-06 03:23:24,تقني,سلبي
C133697,هلا الخدمة واجد سيئة، كلمتـــكم يوم الاثنين عن ثلاجة ما عاد أتعامل معكم,payment_portal,2026-06-06 07:35:19,أخرى,سلبي
C546609,هلا الخدمة واجد سيَئُة، كْلَمْتِـُــِكم يوْمْ الاثنين عنِ ثلاجِة ما عْاد أّتعامل معكم,payment_portal,2026-06-06 09:46:19,أخرى,سلبي
C177386,طلبت ألعاب أطفال يوم الأحد. الموظفة كانت متعاونة جداً وحلّت مشكلتي,call_center,2026-06-06 13:39:32,خدمة_عملاء,إيجابي
C596230,بعت رسايل كتير ومحدش بيرد، طالب سماعات يوم الخميس الحساب كله 199 جنيه مش هتعامل معاكم تاني,call_center,2026-06-06 16:42:07,خدمة_عملاء,سلبي
C846107,الحساب كله 150 جنيه عايز أكلم حد مسؤول عايز حل بسرعة,payment_portal,2026-06-07 00:00:13,فوترة,سلبي
C557099,مرحبا الموظف كان أسلوبو مش منيح وسكّر الخط، هي المرة الرابعة بتصير هيك المبلغ 99,call_center,2026-06-07 01:06:47,خدمة_عملاء,سلبي
C574584,ما عمْ يزِبط معي سَجل دخوْل مع إنو كلمة السَر صح، طالب عطَر يوم اّلسبت,mobile_app,2026-06-07 06:44:22,تقني,سلبي
C549502,السلام عليكم رقم اــــلطلب #59670 انخصم مني 199 ريال مرتين على نفس الطلب,payment_portal,2026-06-07 06:44:40,فوترة,سلبي
C503937,مرحباً، هل يمكن تغيير عنوان التوصيل للطلب #68059؟ رقم الطلب #99318. طلبت حقيبة يوم السبت.,delivery_app,2026-06-07 07:46:05,توصيل,محايد
C466368,طلبت كرسي مكتب يوم السبت. تواصلت معكم يوم السبت بخصوص طابعة. لا أستطيع تسجيل الدخول إلى حسابي رغم إدخال كلمة المرور الصحيحة هذا غير مقبول إطلاقاً!,delivery_app,2026-06-08 04:19:16,توصيل,سلبي
C516924,الأوردر #96127 متأخر 14 أيام ولسه ماوصلش، رقم الأوردر #94097 عايز حل بسرعة رقمي 0588405299,delivery_app,2026-06-08 04:49:21,توصيل,سلبي
C123736,الأوَردَر #96127 متّأخرَ 14 أُيام ولسه ماوصلِش، رُقم الّأوردرّ #94097 عايزّ حل بسرْعة رقمي 0588405299,delivery_app,2026-06-08 05:41:21,توصيل,سلبي
C531013,كيف أتتبع الشحنة رقم #52423؟ تواصلت معكم يوم الاثنين بخصوص سماعات.,delivery_app,2026-06-08 10:21:23,توصيل,محايد
C299136,السلام عليكم، هذه المرة الثالثة التي يــــحدث فيها ذلك. كيف أغيّر رقم الجوال المرتبط بالحساب؟ https://example.com/orders/53349,mobile_app,2026-06-08 10:54:53,تقني,محايد
C197461,يا جماعة التطبيق يطلعني برا كل ما أفتح الطلبات، المبلغ 320 ريال رقم الطلب #10843,mobile_app,2026-06-08 15:05:41,تقني,سلبي
C108840,مرحباً، هل يوجد رقم مباشر للتواصل مع مشرف؟ تواصلت معكم يوم الثلاثاء بخصوص كرسي مكتب.,call_center,2026-06-08 15:39:00,خدمة_عملاء,محايد
C161781,المبلغ 99 الخدمة كتير سيئة ما رح اتعامل معكن بعد اليوم,payment_portal,2026-06-08 18:30:55,فوترة,سلبي
C944635,لو سمحتم، شكراً لفريق الدعم الفني على حل مشكلة تسجيل الدخول، طلبت سماعات يوم الأحد. هذه المرة الرابعة التي يحدث فيها ذلك.,mobile_app,2026-06-08 23:18:46,تقني,إيجابي
C956741,السلام عليكم، تم تسجيل الطلب كمستلم ولكنه لم يصلني، المبلغ الإجمالي 250 ريال.,delivery_app,2026-06-09 01:59:32,توصيل,سلبي
C941277,كود التحقق ما يوصلني، هذي المرة الثانية يصير كذا,mobile_app,2026-06-09 02:17:00,تقني,سلبي
C459790,ازيكم الكوبون مااشتغلش والفلوس اتسحبت كاملة، رقم الأوردر #79448 طالب لابتوب يوم الجمعة,payment_portal,2026-06-09 04:42:35,فوترة,سلبي
C103819,لو سمحتم، تواصلت معكم يوم الخميس بخصوص طابعة. متى يتم إصدار الـــفاتورة الشهرية؟,payment_portal,2026-06-09 05:05:04,فوترة,محايد
C574691,هلا الغرض وصلني مكسور، كلمتكم يوم الجمعة عن لابتوب والله شي يقهر!,delivery_app,2026-06-09 10:42:01,توصيل,سلبي
C839790,الموظف كان أسلوبو مش منيح وسكّر الخط، طالب ثلاجة يوم الخميس,call_center,2026-06-10 00:22:33,خدمة_عملاء,سلبي
C155931,لو سمحتو جددولي الاشتراك بدون ما اطلب وانسحب المبلغ، حكيتكن يوم الجمعة عن نظارة شمسية,payment_portal,2026-06-10 07:37:35,فوترة,سلبي
C894824,لو سمحتو جددولي الاشتراك بدون ما اطلب وانسحب المبلغ، حكيتكن يوم الجمعة عن نظارة شمسية,payment_portal,2026-06-10 07:37:35,فوترة,سلبي
C663627,5asamto mni el mablagh marten 3ala nafs el order order #51018,payment_portal,2026-06-10 07:57:22,فوترة,سلبي
C699897,لو سمحت مش عارف أعمل لوجين والباسورد صح، طالب لابتوب يوم الجمعة,mobile_app,2026-06-10 11:14:07,تقني,سلبي
C473654,المبلغ 99 ريال ما أقدر أسجل دخول والباسوورد صحيح,mobile_app,2026-06-10 13:54:13,تقني,سلبي
C975114,تم تجديد الاشتراك تلقائياً دون موافقتي وخصم 250 ريال، طلبت سماعات يوم الأحد. هذه المرة الثالثة التي يـحدث فيها ذلك. سأضطر لإلغاء الاشتراك إن لم تُحل المشكلة.,payment_portal,2026-06-10 23:19:17,فوترة,سلبي
C844911,mesh 3aref a3mel login w el password sa7 order #53569,mobile_app,2026-06-11 00:14:15,تقني,محايد
C610961,رقم الطلب #58910 كلمتكم يوم الخميس عن ساعة ذكية التطبيق يطلعني برا كل ما أفتح الطلبات والله شي يقهر!,mobile_app,2026-06-11 03:49:13,تقني,سلبي
C286445,يا جماعة مش عارف أعمل لوجين والباسورد صح,mobile_app,2026-06-11 10:22:19,تقني,سلبي
C179222,لو سمحتم، طلبت استرجاع المبلغ منذ 13 أيام ولم يصلني شيء حتى الآن,payment_portal,2026-06-11 21:45:39,فوترة,سلبي
C883453,يا جماعة الخدمة كتير سيئة، المبلغ 320,mobile_app,2026-06-12 02:51:36,تقني,سلبي
C788586,يا جماعة الخدمة كتير سيئة، المبلغ 320,mobile_app,2026-06-12 02:51:36,تقني,سلبي
C819417,يا جماعة المبلغ 750 ريال هذي المرة الثانية يصير كذا جددوا لي الاشتراك بدون ما أوافق وسحبوا 199 ريال,payment_portal,2026-06-12 06:23:17,فوترة,سلبي
C967475,يا جماعة المبلغ 750 ريال هذي المرة الثانية يصير كذا جددوا لي الاشتراك بدون ما أوافق وسحبوا 199 ريال,payment_portal,2026-06-12 06:23:17,فوترة,سلبي
C250308,يا جماعة الموظف كان أسلوبه مو زين وسكّر بوجهي، رقم الطلب #98326 هذي المرة الرابعة يصير كذا,payment_portal,2026-06-12 06:27:25,خدمة_عملاء,سلبي
C982435,يا جماعة بقالي 12 أيام مستني فلوسي ترجع ومفيش حاجة، كلمتكم يوم الأربعاء عن حقيبة بجد حاجة تضايق!,payment_portal,2026-06-12 09:55:58,فوترة,سلبي
C326694,..؟,call_center,2026-06-12 16:06:56,خدمة_عملاء,سلبي
C894893,رقم الطلب #68408. هذه المرة الثانية اــلتي يحدث فيها ذلك. ما هي ساعات عمل خدمة العملاء؟,call_center,2026-06-12 19:14:58,خدمة_عملاء,محايد
C733214,تجربة زفت بصراحة، كلمتكم يوم الاثنين عن حذاء رياضي طالب ساعة ذكية يوم الأربعاء,mobile_app,2026-06-12 22:56:38,تقني,سلبي
C115172,تجربة  زفت بصراحة، كلمتكم يوم الاثنين عن حذاء رياضي طالب ساعة ذكية يوم الأربعاء,mobile_app,2026-06-13 00:01:38,تقني,سلبي
C844385,مرحبا الخدمة كتير سيئة، طالب شاشة يوم الخميس هي المرة الثالثة بتصير هيك,payment_portal,2026-06-13 00:45:32,فوترة,سلبي
C500544,طالب حذاء رياضي يوم الاثنين الكوبون مااشتغلش والفلوس اتسحبت كاملة,payment_portal,2026-06-13 04:03:09,فوترة,سلبي
C498897,السلام عليكم، استلمت المنتج مكسوراً والتغليف سيئ، المبلغ الإجمالي 49 ريال.,delivery_app,2026-06-13 17:33:48,توصيل,سلبي
C927716,هي المرة الرابعة بتصير هيك جددولي الاشتراك بدون ما اطلب وانسحب المبلغ,payment_portal,2026-06-13 17:35:52,فوترة,سلبي
C246360,يا جماعة الفاتورة هالشهر واجد غالية وما أدري ليش,payment_portal,2026-06-13 20:45:54,فوترة,سلبي
C187786,يا جماعة الأوردر #23817 متأخر 9 أيام ولسه ماوصلش، رقم الأوردر #70607,delivery_app,2026-06-14 03:05:16,توصيل,سلبي
C768567,مرحباً، رقم اـــلطلب #34271. الموظفة كانت متعاونة جداً وحلّت مشكلتي,call_center,2026-06-14 06:36:47,خدمة_عملاء,إيجابي
C432736,السلام عليكم، تواصلت معكم يوم الخميس بخصوص قهوة. شكراً لفريق الدعم الفني على حل مشكلة تسجيل الدخول,mobile_app,2026-06-14 06:58:14,تقني,إيجابي
C563048,ازيكم الحاجة وصلت مكسورة، كلمتكم يوم الاثنين عن نظارة شمسية دي المرة اـلثانية يحصل كده,delivery_app,2026-06-14 12:24:46,توصيل,سلبي
C953847,عندي مشكلة من مبارح وما حدا حلّها ما رح اتعامل معكن بعد اليوم,mobile_app,2026-06-14 19:40:23,تقني,سلبي
C161368,بدي احكي مع حدا مسؤول بدي حل بسرعة,payment_portal,2026-06-15 06:02:30,فوترة,سلبي
C574526,السلام عليكم، تم تجديد الاشتراك تلقائياً دون موافقتي وخصم 199 ريال، تواصلت معكم يوم الجمعة بخصوص ثلاجة. هذا غير مقبول إطلاقاً!,mobile_app,2026-06-15 14:37:47,تقني,سلبي
C834981,مرحباً، هل يدعم التطبيق الأجهزة القديمة؟ هذه المرة الثالثة التي يحدث فيها ذلك.,mobile_app,2026-06-15 20:21:51,تقني,محايد
C999854,طلبت خلاط يوم الأحد من 10 أيام طالب استرجاع فلوسي وللحين ما وصلت، وفوق هذا راسلتكم أكثر من مرة ومحد رد علي,payment_portal,2026-06-16 18:11:27,فوترة,سلبي
C596565,تواصلت معكم يوم الخميس بخصوص سماعات. الفاتورة الأخيرة أعلى بكثير من المعتاد دون أي توضيح,payment_portal,2026-06-16 20:27:10,فوترة,سلبي
C812130,السلام عليكم، التطبيق يتوقف عن العمل كلما حاولت فتح صفحة الطلبات، المبلغ الإجمالي 250 ريال. هذا غير مقبول إطلاقاً!,mobile_app,2026-06-17 03:22:59,تقني,سلبي
C740648,كيف أغيّر طريقة الدفع المسجلة في حسابي؟,payment_portal,2026-06-17 03:40:12,فوترة,محايد
C247641,أبي أكلم مسؤول لو سمحتوا ما عاد أتعامل معكم,mobile_app,2026-06-17 14:10:46,تقني,سلبي
C349489,طلبت مكنسة كهربائية يوم الثلاثاء كود التحقق ما يوصلني والله شي يقهر!,mobile_app,2026-06-17 21:29:19,تقني,سلبي
C718186,يا جماعة طالب حذاء رياضي يوم الأحد كلمتكم يوم الأربعاء عن مكنسة كهربائية الحاجة وصلت مكسورة,delivery_app,2026-06-18 13:09:44,توصيل,سلبي
C847570,الموظف كان أسلوبه وحش وقفل السكة في وشي,call_center,2026-06-18 13:11:58,خدمة_عملاء,سلبي
C623630,المبلغ 750 ريال انتظرت ساعة على الخط ومحد رد,call_center,2026-06-18 18:24:27,خدمة_عملاء,سلبي
C620020,المبلغ 49 ريال طلبت جوال يوم الأحد انتظرت ساعة على الخط ومحد رد,call_center,2026-06-18 19:48:50,خدمة_عملاء,سلبي
C692645,الّمّبلْغ 750 رّيال انتظُرت سِاعة علىْ الخِطَ وَمحِد ردّ,call_center,2026-06-18 21:15:27,خدمة_عملاء,سلبي
C183083,الطلب وصل ناقص غرض، رقم الطلب #92187,delivery_app,2026-06-19 04:12:06,توصيل,سلبي
C849248,الموظف كان أسلوبه مو زين وسكّر بوجهي، رقم الطلب #10178 والله شي يقهر!,call_center,2026-06-19 05:48:01,خدمة_عملاء,سلبي
C377644,السلام عليكم هذي المرة الثانية يصير كذا طلبت جوال يوم الثلاثاء انخصم مني 499 ريال مرتين على نفس الطلب، وفوق هذا بعد التحديث الجديد التطبيق خربان,payment_portal,2026-06-19 07:43:34,فوترة,سلبي
C764414,el app bi2fel lwa7do kol shwaya order #45859,mobile_app,2026-06-19 11:28:38,تقني,سلبي
C226082,وصل الطلب قبل الموعد والتغليف ممتاز، طلبت خلاط يوم الجمعة.,delivery_app,2026-06-19 12:16:23,توصيل,إيجابي
C676417,كيف أفعّل التحقق بخطوتين؟ طلبت ألعاب أطفال يوم السبت.,mobile_app,2026-06-20 00:17:40,تقني,محايد
C496976,كيف أقدّم شكِوى رسميةّ؟,call_center,2026-06-20 03:31:58,خدمة_عملاء,محايد
C638052,رقم الأوردر #50272 دي المرة الثالثة يحصل كده اتخصم مني 49 جنيه مرتين على نفس الأوردر,payment_portal,2026-06-20 05:29:15,فوترة,سلبي
C437906,رقم الأوردر #50272 دي المرة الثالثة يحصل كده اتخصم مني 49 جنيه مرتين على نفس الأوردر,payment_portal,2026-06-20 05:29:15,فوترة,سلبي
C209910,يا جمــــاعة طلبت كتب يوم الثلاثاء أبي أكلم مسؤول لو سمحتوا رقمي 0529861924,call_center,2026-06-20 08:03:18,خدمة_عملاء,سلبي
C958808,مرحبا حكيتكن يوم الأربعاء عن ألعاب أطفال المندوب ما اتصل فيني ورجّع الطلـبية,delivery_app,2026-06-20 10:41:09,توصيل,سلبي
C902073,هذي المرةَ الثاُلِثة يصْيرَ كذا كِلمتكم يِومِ الُسبت عن كْتب الطلب وصل ناقصَ غرُض,delivery_app,2026-06-20 10:57:10,توصيل,سلبي
C846418,تواصلت معكم يوم الثلاثاء بخصوص حقيبة. طلــــبت طابعة يوم الأحد. أتلقى رسائل تسويقية كثيرة رغم إلغاء الاشتراك,web_form,2026-06-20 12:41:15,أخرى,سلبي
C393936,جددوا لي الاشتراك بدون ما أوافق وسحبوا 49 ريال، المبلغ 150 ريال,payment_portal,2026-06-20 14:33:58,فوترة,سلبي
C237269,لو سمحتو رقم الطلب #32199 صرلي 10 أيـــام ناطر يرجعولي المصاري وما في شي والله شي بيقهر!,payment_portal,2026-06-20 18:54:56,فوترة,سلبي
C983897,بعْدْ التحديث الجديد التطبيَق خربان، هذي اُلمرة الثانية يصَير كذا,mobile_app,2026-06-20 22:24:36,تقني,سلبي
C430810,هي المرة الخامسة بتصيرُ هيك حّكيتكن يوم الُأربعاء عِن ألعاب أطفال تجربْة ما بُتنّعاد,call_center,2026-06-21 01:27:13,توصيل,سلبي
C613638,مرحبا جددولي الاشتراك بدون ما اطلب وانسحب المبلغ، رقم الطلب #96268 طالب شاحن يوم الخميس,payment_portal,2026-06-21 05:06:20,فوترة,سلبي
C512400,عايز أكلم حد مسؤول، الحساب كله 99 جنيه,delivery_app,2026-06-21 14:12:05,توصيل,سلبي
C472584,يا جماعة الكوبون مااشتغلش والفلوس اتسحبت كاملة، كلمتكم يوم السبت عن ألعاب أطفال,payment_portal,2026-06-21 14:31:21,فوترة,سلبي
C791578,يا جماعة الكوبون مااشتغلش والفلوس اتسحبت كاملة، كلمتكم يوم السبت عن ألعاب أطفال,payment_portal,2026-06-21 14:31:21,فوترة,سلبي
C517545,رقم الطلب #40373 بعد التحديث الجديد التطبـيق خربان ما عاد أتعامل معكم,mobile_app,2026-06-21 14:49:58,تقني,سلبي
C231147,رقم الطلب #96492. هذه المرة الخامسة التي يحدث فيها ذلك. التحديث الجديد ممتاز والتطبيق صار أسرع,mobile_app,2026-06-21 15:12:21,تقني,إيجابي
C918692,الفاتورة الأخيرة أعلى بكثير من المعتاد دون أي توضيح أرجو الحل بأسرع وقت.,payment_portal,2026-06-21 18:41:02,فوترة,سلبي
C639837,يا جماعة بعد التحديث الجديد التطبيق خربان، هذي المرة الرابعة يصير كذا رقمي 0542550031,mobile_app,2026-06-21 22:36:20,تقني,سلبي
C414163,لوُ سمحتَ اتخصُم مني 150 جنيِه مَرِتّيُنّ على نفس الأوردر، اِلَحساب كله 499 جنيه عّايز حلَ بسرعُة,delivery_app,2026-06-22 12:24:35,توصيل,سلبي
C847586,تواصلت مــعكم يوم الاثنين بخصوص كتب. هل يوجد رقم مباشر للتواصل مع مشرف؟,call_center,2026-06-22 17:53:41,خدمة_عملاء,محايد
C491295,ضليت ناطر ع اـلتلفون ساعة وما حدا رد، المبلغ 750 رقم الطلب #55585,call_center,2026-06-22 19:42:08,خدمة_عملاء,سلبي
C639551,لو سمحت كود التفعيل مش بيوصل خالص، الحساب كله 320 جنيه بجد حاجة تضايق!,mobile_app,2026-06-22 20:36:16,تقني,سلبي
C914973,يا جماعة طلبي #22879 متأخر 9 أيام وللحين ما وصل، كلمتكم يوم الخميس عن كتب رقم الطلب #48291,delivery_app,2026-06-22 21:45:31,توصيل,سلبي
C173851,السلام عليكم، تواصلت معكم يوم الخميس بخصوص ساعة ذكية. شكراً لفريق الدعم الفني على حل مشكلة تسجيل الدخول,mobile_app,2026-06-22 22:33:47,تقني,إيجابي
C622422,لو سمحت فضلت مستني على التليفون ساعة ومحدش رد، رقم الأوردر #87441,call_center,2026-06-23 00:31:37,خدمة_عملاء,سلبي
C272838,السلام عليكم، تم استرجاع المبلغ بسرعة، شكراً لكم، تواصلت معكم يوم الخميس بخصوص ثلاجة. هذه المرة الخامسة التي يحدث فيها ذلك.,payment_portal,2026-06-23 02:38:08,فوترة,إيجابي
C994723,تجرــبة ما بتنعاد، المبلغ 99,payment_portal,2026-06-23 04:38:11,فوترة,سلبي
C322517,انتظرت ساعة على الخط ومحد رد، المبلغ 199 ريال ما عاد أتعامل معكم,call_center,2026-06-23 07:26:17,خدمة_عملاء,سلبي
C694310,المبلغ الإجمالي 320 ريال. تواصلت معكم يوم الاثنين بخصوص ثلاجة. موظف خدمة العملاء كان غير متعاون وأغلق المكالمة,call_center,2026-06-23 12:26:47,خدمة_عملاء,سلبي
C248937,هلا طلبي #89895 متّأخر 9 أيام وْللحين ما وصل، كلمتكم يِوم الْخميس عن كرسي مِكّتب ما عاد أتعامل معكم https://example.com/orders/35372,delivery_app,2026-06-23 20:52:37,توصيل,سلبي
C180143,يا جماعة طلبت حقيبة يوم الثلاثاء انتظرت ساعة على الخط ومحد رد والله شي يقهر!,call_center,2026-06-23 22:40:11,خدمة_عملاء,سلبي
C974369,ازيكم اتخصم مني 150 جنيه مرتين على نفس الأوردر، كلمتكم يوم الأربعاء عن حقيبة الحساب كله 150 جنيه مش هتعامل معاكم تاني,payment_portal,2026-06-24 06:19:47,فوترة,سلبي
C149949,من ساعة التحديث الجديد والأبلكيشن واقع، طالب كرسي مكتب يوم السبت كلمتكم يوم الخميس عن نظارة شمسية عايز حل بسرعة,delivery_app,2026-06-24 11:23:59,توصيل,سلبي
C271597,الأبلكيشن بيقفل لوحده كل شوية، رقم الأوردر #11993 عايز حل بسرعة,mobile_app,2026-06-24 16:49:20,تقني,سلبي
C213050,هذي المرة الثانية يصير كذا رقم الطلب #46393 أبي أكلم مسؤول لو سمحتوا,call_center,2026-06-24 18:09:43,خدمة_عملاء,سلبي
C859290,عايز أكلم حد مسؤول، دي المرة الثانية يحصل كده مش هتعامل معاكم تاني,mobile_app,2026-06-24 19:40:28,تقني,سلبي
C240427, عايز أكلم حد مسؤول، دي المرة الثانية يحصل كده مش هتعامل معاكم تاني ,mobile_app,2026-06-24 20:34:28,تقني,سلبي
C748340,شكراً لفريق الدعم الفني على حل مشكلة تسجيل الدخول، تواصلت معكم يوم السبت بخصوص لابتوب.,mobile_app,2026-06-24 20:52:42,تقني,إيجابي
C443973,يا جماعة هي المرة الثالثة بتصير هيك عندي مشكلة من مبارح وما حدا حلّها,delivery_app,2026-06-24 22:10:15,توصيل,سلبي
C669929,مرحبا من بعد التحديث الجديد التطبيق ما عم يشتغل,mobile_app,2026-06-24 23:43:15,تقني,سلبي
C863543,المبلغ الإجمالي 250 ريال. رقم الطلب #21694. هل تتوفر خدمة التوصيل في نفس اليوم؟,delivery_app,2026-06-25 04:24:42,توصيل,محايد
C141367,!!!!,mobile_app,2026-06-25 07:03:53,تقني,محايد
C363203,طلبت قهوة يوم الأحد. التطبيق يتوقف عن العمل كلما حاولت فتح صفحة الطلبات,mobile_app,2026-06-25 07:26:25,تقني,سلبي
C718834,تجربة ما بتنعاد، رقم الطلب #87004,payment_portal,2026-06-25 13:58:58,فوترة,سلبي
C289817,التطبيق يطلعني برا كل ما أفتح الطلبات، طلبت ثلاجة يوم الجمعة,mobile_app,2026-06-25 16:18:03,تقني,سلبي
C418522,مرحباً، طلبت مكنسة كهربائية يوم الأربعاء. هل تقدمون خدمات للشركات؟,web_form,2026-06-25 18:15:39,أخرى,محايد
C578187,مرحبا رمز التحقق ما عم يوصلني، رقم الطلب #71721 هي المرة الثانية بتصير هيك بدي حل بسرعة,mobile_app,2026-06-25 22:00:28,تقني,سلبي
C705327,بعد التحديث الجديد التطبيق خربان، كلمتكم يوم الأحد عن قهوة رقم الطلب #96728 والله شي يقهر!,mobile_app,2026-06-25 23:17:39,تقني,سلبي
C586610,كيف أقدّم شكوى رسمية؟ رقم الطلب #99261.,call_center,2026-06-25 23:23:19,خدمة_عملاء,محايد
C236348,شكراً لفريق الدعم الفني على حل مشكلة تسجيل الدخول، تواصلت معكم يوم السبت بخصوص ثلاجة.,mobile_app,2026-06-26 00:19:49,تقني,إيجابي
C245813,ازيكم الحساب كله 499 جنيه عايز أكلم حد مسؤول عايز حل بسرعة,mobile_app,2026-06-26 05:09:43,تقني,سلبي
C733337,مرحباً، لدي مــــشكلة منذ أمس ولم يحلها أحد، رقم الطلب #78860.,call_center,2026-06-26 06:20:41,خدمة_عملاء,سلبي
C471551,مُرحباً، أريْد التْحَدث مع مسؤول بخصوص طلبِي,mobile_app,2026-06-26 07:36:43,تقني,سلبي
C944994,هذه المرة الثالثة التي يحدث فيها ذلك. وصل الطلب قبل الموعد والتغليف ممتاز,delivery_app,2026-06-26 07:54:34,توصيل,إيجابي
C484555,مّرِحَباً، لدي مــــْشكلَة منْذ أُمس ولم يحلها أحّد، رقم اُلطلِب #78860.,call_center,2026-06-26 07:54:41,خدمة_عملاء,سلبي
C784080,مُرحباً، أريْد التْحَدث مع مسؤول بخصوص طلبِي؟,mobile_app,2026-06-26 09:02:43,تقني,سلبي
C747678,اـلمندوب ما اتصل ورجع الطلب، كلمتكم يوم الاثنين عن كتب,payment_portal,2026-06-26 11:07:21,فوترة,سلبي
C755909,يا جماعة طلبي #42456 متأخر 10 أيام وللحين ما وصل، طلبت خلاط يوم الاثنين,delivery_app,2026-06-26 14:54:57,توصيل,سلبي
C161277,لو سمحتم، المندوب لم يتصل بي وأعاد الشحنة هذا غير مقبول إطلاقاً!,web_form,2026-06-26 18:27:34,أخرى,سلبي
C823338,هذه المرة الخْامسة التي يحدث فيها ذلك. رقم الطُلب #37780. المندوب كانِ مْحتِرِماً ودقَيقّاًْ في الموعدَ,delivery_app,2026-06-27 05:30:26,توصيل,إيجابي
C291483,🙄🙄,mobile_app,2026-06-27 06:20:48,تقني,سلبي
C695955,يا جماعة كود التفعيل مش بيوصل خالص، رقم الأوردر #42091,mobile_app,2026-06-27 08:57:43,تقني,سلبي
C567187,يا جماعة اتخصم مني 49 جنيه مرتين على نفس الأوردر,payment_portal,2026-06-27 09:15:50,فوترة,سلبي
C952717,يا جماعة رمز التحقق ما عم يوصلني، هي المرة الرابعة بتصير هيك والله شي بيقهر!,mobile_app,2026-06-27 12:55:04,تقني,سلبي
C884933,يا جماعة جددوا لي الاشتراك بدون ما أوافق وسحبوا 499 ريال، المبلغ 250 ريال رقم الطلب #60307 ابي حل بسرعة,payment_portal,2026-06-27 16:26:06,فوترة,سلبي
C946290,رمز التحققُ لا يُصل إلى هاتفي,mobile_app,2026-06-27 16:34:00,تقني,سلبي
C118250,لّوِ سمّحتم، الموّظفة كانت متعاونةّ جدّاً وحلّت مشكلتي,call_center,2026-06-27 19:18:11,خدمة_عملاء,إيجابي
C641998,ازيكم بعت رسايل كتير ومحدش بيرد، رقم الأوردر #70686 عايز حل بسرعة,email,2026-06-27 19:44:49,خدمة_عملاء,سلبي
C628391,ازيكم دي المرة الخامسة يحصل كده من ساعة التحديث الجديد والأبلكيشن واقع عايز حل بسرعة,mobile_app,2026-06-27 21:11:32,تقني,سلبي
C680604,يا جماعة رقم الطلب #85934 المبلغ 750 ريال تجربة ما تنعاد ابي حل بسرعة,mobile_app,2026-06-28 00:15:19,تقني,سلبي
C136965,مرحباً، المبلغ الإجمالي 150 ريال. هل يمكن تغيير عنوان التوصيل للطلب #26947؟,delivery_app,2026-06-28 06:11:20,توصيل,محايد
C116431,السلام عليكم الفاتورة هالشهر واجد غالية وما أدري ليش، رقم الطلب #26599,payment_portal,2026-06-28 07:37:14,فوترة,سلبي
C483893,الخدمة كتير سيئة، طالب مكنسة كهربائية يوم الأربعاء رقم الطلب #34083,web_form,2026-06-28 09:59:28,أخرى,سلبي
C749404,الخدمة كتير سيئة، طالب مكنسة كهربائية يوم الأربعاء رقم الطلب #34083,web_form,2026-06-28 09:59:28,أخرى,سلبي
C629780,كيف أفعّل التحقق بخطوتين؟ المبلغ الإجمالي 199 ريال. هذه المرة الخامسة التي يحدث فيها ذلك.,mobile_app,2026-06-28 10:16:02,تقني,محايد
C121856,طلبت عطر يوم الجمعة. شكراً لفريق الدعم الفني على حل مشكلة تسجيل الدخول,mobile_app,2026-06-28 11:07:05,تقني,إيجابي
C710507, الخدمة كتير سيئة، طالب مكنسة كهربائية يوم الأربعاء رقم الطلب #34083 ,web_form,2026-06-28 11:08:28,أخرى,سلبي
C689955,كلمتكم يوم الخميس عن خلاط عندي مشكلة من امبارح ومحدش حلها بجد حاجة تضايق!,call_center,2026-06-28 17:28:03,خدمة_عملاء,سلبي
C896760,المبلغ 199 تجربة ما بتنعاد ما رح اتعامل معكن بعد اليوم,payment_portal,2026-06-28 20:24:53,فوترة,سلبي
C710172,مرحبا هي المرة الخامسة بتصير هيك المبلغ 250 الطلبية وصلت ناقصة ما رح اتعامل معكن بعد اليوم,delivery_app,2026-06-28 22:45:07,توصيل,سلبي
C329348,المندوب ما اتصل فيني ورجّع الطلبية، المبلغ 99 والله شي بيقهر!,delivery_app,2026-06-28 22:52:35,توصيل,سلبي
C509685,لو سمحت دي المرة الثالثة يحصل كده الفاتورة المرة دي غالية جداً ومش فاهم ليه,payment_portal,2026-06-29 01:49:46,فوترة,سلبي
C905454,هي المرة الثالثة بتصير هيك المندوب ما اتصل فيني ورجّع الطلبية,call_center,2026-06-29 15:43:40,خدمة_عملاء,سلبي
C636549,دي المرة الثانية يحصل كده عايز أكلم حد مسؤول,mobile_app,2026-06-29 16:01:56,تقني,سلبي
C765092,لو سمحت بقالي 3 أيام مستني فلوسي ترجع ومفيش حاجة، رقم الأوردر #27281,payment_portal,2026-06-29 21:17:15,فوترة,سلبي
C418904,أرسلت عدة رسائل ولم أتلقَّ أي رد، رقم الطلب #18465. سأضطر لإلغاء الاشتراك إن لم تُحل المشكلة.,call_center,2026-06-29 23:09:43,خدمة_عملاء,سلبي
C802045,رقم الطلب #97891. أريد التحدث مع مسؤول بخصوص طلبي هذا غير مقبول إطلاقاً!,mobile_app,2026-06-30 02:19:20,تقني,سلبي
C314514,ازيكم الحاجة وصلت مكسورة، الحساب كله 199 جنيه,delivery_app,2026-06-30 04:49:11,توصيل,سلبي
C939645,اُلسلام عِلْيكّم هُذي اَلمِرة الخامسةْ يصير كذا رْاسلتكم أَكثر مّنِ مرة وُمَحد رد علي والله شي يقهرُ!,call_center,2026-06-30 13:10:27,خدمة_عملاء,سلبي
C414629,كيف أقدّم شكوى رسمية؟ رقم الطلب #68185.,call_center,2026-06-30 15:55:23,خدمة_عملاء,محايد
C670574,صرلي 9 أيام ناطر يرجعولي المصاري وما في شي، حكيتكن يوم الجمعة عن نظارة شمسية,payment_portal,2026-06-30 15:56:01,فوترة,سلبي
C944284,يا جماعة جددولي الاشتراك بدون ما اطلب وانسحب المبلغ، هي المرة الثانية بتصير هيك ما رح اتعامل معكن بعد اليوم,payment_portal,2026-06-30 21:23:25,فوترة,سلبي
C959106,لو سمحت عندي مشكلة من امبارح ومحدش حلها، رقم الأوردر #74446 https://example.com/orders/90897,mobile_app,2026-06-30 21:49:40,تقني,سلبي
C370192,مرحبا انسحب مني 250 مرتين على نفس الطلب، المبلغ 49 رقم الطلب #28889,payment_portal,2026-07-01 00:18:43,فوترة,سلبي
C273695,لو سمحتم، بعد التحديث الأخير لم يعد التطبيق يعمل على هاتفي، المبلغ الإجمالي 199 ريال. تواصلت معكم يوم الأحد بخصوص طابعة. هذا غير مقبول إطلاقاً!,payment_portal,2026-07-01 02:00:56,فوترة,سلبي
C931256,بعتتلكن كذا رسالة وما حدا رد ما رح اتعامل معكن بعد اليوم https://example.com/orders/53616,call_center,2026-07-01 07:41:28,خدمة_عملاء,سلبي
C757863,السلام عليكم التطبيق يطلعني برا كل ما أفتح الطلبات والله شي يقهر!,mobile_app,2026-07-01 13:34:57,تقني,سلبي
C828087,لوْ سمحت منِ ساعة التحديثّ الجُدْيَد واُلأبلكيشنَ واقع، دي المرُة اَلخامسة يحصل كده,payment_portal,2026-07-01 20:34:12,فوترة,سلبي
C725774,يا جماعة رقم الطلب #41337 هي المرة الخامسة بتصير هيك ضليت ناطر ع التلفون ساعة وما حدا رد ما رح اتعامل معكن بعد اليوم,call_center,2026-07-01 20:57:49,خدمة_عملاء,سلبي
C873199,يا جـــماعة الحساب كله 199 جنيه الأوردر #84347 متأخر 6 أيام ولسه ماوصلش مش هتعامل معاكم تاني,delivery_app,2026-07-01 22:56:44,توصيل,سلبي
C529176,؟؟؟,delivery_app,2026-07-02 03:23:54,توصيل,سلبي
C777753,مرحبا التطبيق عم يسكّر لحالو كل شوي، هي المرة الثانية بتصير هيك ما رح اتعامل معكن بعد اليوم,web_form,2026-07-02 03:39:36,أخرى,سلبي
C969694,السلام عليكم، المبلغ الإجمالي 199 ريال. رقم الطلب #41884. التطبيق يتوقف عن العمل كلما حاولت فتح صفحة الطلبات,mobile_app,2026-07-02 04:49:41,تقني,سلبي
C103340,السلام عليكم، كيف أفعّل التحقق بخطوتين؟ المبلغ الإجمالي 49 ريال.,mobile_app,2026-07-02 06:18:26,تقني,محايد
C466214,الغرض وصل مكسور، المبلغ 99 والله شي بيقهر!,delivery_app,2026-07-02 10:20:07,توصيل,سلبي
C803887,الخدمة كتير سيئة، المبلغ 320,mobile_app,2026-07-03 10:19:10,تقني,سلبي
C494888,ضليت ناطر ع التلفون ساعة وما حدا رد، طالب شاشة يوم الأربعاء ما رح اتعامل معكن بعد اليوم,call_center,2026-07-03 15:16:21,خدمة_عملاء,سلبي
C813892,المبلغ الإجمالي 750 ريال. هل يمكن تغيير عنوان التوصيل للطلب #39976؟,delivery_app,2026-07-04 00:12:41,توصيل,محايد
C267637,رقم الأوردر #26700 اتخصم مني 320 جنيه مرتين على نفس الأوردر,payment_portal,2026-07-04 00:36:26,فوترة,سلبي
C835372,هَل يدِعم التطبيق اَلأجهزة القديمة؟ تّواصلت معكُم يوُمّ الُخميس بخصوص طابعةُ.,mobile_app,2026-07-04 01:57:04,تقني,محايد
C273553,رقم الأورَدّرُ #26700 اتخْصم منْي 320 جُنيَه مُرتين على نّفّس الأوردر,payment_portal,2026-07-04 02:42:26,فوترة,سلبي
C661125,هلا عندي مشكلة من أمس ومحد حلها، المبلغ 320 ريال ما عاد أتعامل معكم,web_form,2026-07-04 06:18:26,أخرى,سلبي
C320648,هلا عندي مشكلة من أمس ومحد حلها، المبلغ 320 ريال ما عاد أتعامل معكم,web_form,2026-07-04 06:18:26,أخرى,سلبي
C418625,توَاصلت مَعكم يوم اُلأرّبعاْء بخصوص عطر. هل يمكْن تغيير عَنوان اّلتوصيل للطلب #89498؟,delivery_app,2026-07-04 07:28:37,توصيل,محايد
C815293,الكوبون مااشتغلش والفلوس اتسحبت كاملة، كلمتكم يوم الثلاثاء عن خلاط بجد حاجة تضايق!,payment_portal,2026-07-04 10:12:59,فوترة,سلبي
C314730,السلام عليكم تجربة ما تنعاد، كلمتكم يوم الجمعة عن مكنسة كهربائية والله شي يقهر!,mobile_app,2026-07-04 15:44:29,تقني,سلبي
C856489,ما هي ساعات عمل خدمة العملاء؟ رقم الطلب #15872. المبلغ الإجمالي 199 ريال.,call_center,2026-07-04 18:29:47,خدمة_عملاء,محايد
C512084,لو سـمحت الأبلكيشن بيقفل لوحده كل شوية، رقم الأوردر #26566,mobile_app,2026-07-05 03:14:34,تقني,سلبي
C612670,لو سمحتو ما عم يزبط معي سجل دخول مع إنو كلمة السر صح، رقم الطلب #53507,mobile_app,2026-07-05 03:31:19,تقني,سلبي
C484373,لو سمحت الحساب كله 49 جنيه طالب ألعاب أطفال يوم الثلاثاء مش عارف أعمل لوجين والباسورد صح,mobile_app,2026-07-05 04:11:47,تقني,سلبي
C418891,مرحباً، رقم الطلب #25503. هل يدعم التطبيق الأجهزة القديمة؟,mobile_app,2026-07-05 06:38:28,تقني,محايد
C892551,لسه المشكلة زي ما هي، كلمتكم يوم الأحد عن حقيبة طالب سماعات يوم السبت,call_center,2026-07-05 09:15:01,خدمة_عملاء,سلبي
C174758,طلبت عطر يوم الثلاثاء. تم استرجاع المبلغ بسرعة، شكراً لكم,payment_portal,2026-07-05 10:33:14,فوترة,إيجابي
C192865,رقم الطلُب #63444 طْلْبي #41685 متأِخر 3 أيام وْللحين ما وصل,delivery_app,2026-07-05 11:47:00,توصيل,سلبي
C849496,لو سمحتم، طلبت ألعاب أطفال يوم الاثنين. هل تتوفر خدمة التوصيل في نفس اليوم؟,delivery_app,2026-07-05 12:25:40,توصيل,محايد
C788485,طالب حذاء رياضي يوم السبت من بعد التحديث الجديد التطبيق ما عم يشتغل والله شي بيقهر!,mobile_app,2026-07-05 14:50:51,تقني,سلبي
C205686,شكراً لفريق الدعم الفني على حل مــشكلة تسجيل الدخول، تواصلت معكم يوم السبت بخصوص قهوة. هذه المرة الرابعة التي يحدث فيها ذلك.,mobile_app,2026-07-05 15:38:27,تقني,إيجابي
C528511,شكراً لفريق الدعم الفني على حل مــشكلة تسجيل الدخول، تواصلت معكم يوم السبت بخصوص قهوة. هذه المرة الرابعة التي يحدث فيها ذلك.,mobile_app,2026-07-05 15:38:27,تقني,إيجابي
C224165,ازيكم كود التفعيل مش بيوصل خالص، كلمتكم يوم الاثنين عن ثلاجة مش هتعامل معاكم تاني,mobile_app,2026-07-05 18:50:21,تقني,سلبي
C120361,يا جماعة طلبيتي #54602 متأخرة 4 أيام ولسا ما وصلت ما رح اتعامل معكن بعد اليوم,delivery_app,2026-07-05 20:35:43,توصيل,سلبي
C701699,يا جماعة طلبيتي #54602 متأخرة 4 أيام ولسا ما وصلت ما رح اتعامل معكن بعد اليوم,delivery_app,2026-07-05 20:35:43,توصيل,سلبي
C304884,لدي مشكلة منذ أمس ولم يحلها أحد، طلبت شاشة يوم الثلاثاء. أرجو الحل بأسرع وقت.,mobile_app,2026-07-06 02:49:30,تقني,سلبي
C152910,الخدمة وحشة جداً، رقم الأوردر #85366 طالب ألعاب أطفال يوم الأحد رقمي 0568157867,mobile_app,2026-07-06 04:40:07,تقني,سلبي
C870322,يا جماعة عايّز أكلم حد مسـّـُـؤِول,mobile_app,2026-07-06 07:39:45,تقني,سلبي
C743052,هلا كلمتكم يوم الثلاثاء عن خلاط رقم الطلب #91736 ما أقدر أسجل دخول والباسوورد صحيح,mobile_app,2026-07-06 16:59:26,تقني,سلبي
C454551,مرحبا المبلغ 320 هي المرة الثانية بتصير هيك ما عم يزبط معي سجل دخول مع إنو كلمة السر صح ما رح اتعامل معكن بعد اليوم,mobile_app,2026-07-06 17:03:16,تقني,سلبي
C826622,تم خصم مبلغ 750 ريال من حسابي مرتين لنفس الطلب، تواصلت معكم يوم الثلاثاء بخصوص شاشة.,payment_portal,2026-07-06 17:21:03,فوترة,سلبي
C130554,الطلب وصل ناقص غرض، وأيضاً الموظف كان أسلوبه مو زين وسكّر بوجهي، كلمتكم يوم السبت عن قهوة,delivery_app,2026-07-06 22:29:38,توصيل,سلبي
C125207,السلام عليكم، تواصلت معكم يوم السبت بخصوص كرسي مكتب. هذه المرة الثالثة التي يحدث فيها ذلك. التحديث الجديد ممتاز والتطبيق صار أسرع رقمي 0582449185,mobile_app,2026-07-07 02:20:39,تقني,إيجابي
C190392,السلام عليكم، تواصلت معكم يوم السبت بخصوص كرسي مكتب. هذه المرة الثالثة التي يحدث فيها ذلك. التحديث الجديد ممتاز والتطبيق صار أسرع رقمي 0582449185,mobile_app,2026-07-07 02:20:39,تقني,إيجابي
C526245,لو سمحت مكتوب إن الأوردر اتسلم وأنا ماستلمتش حاجة، دي المرة الثالثة يحصل كده,delivery_app,2026-07-07 05:08:56,توصيل,سلبي
C409445,هل يمكن الحصول على فاتورة ضريبية للطلب #18405؟ هذه المرة الخامسة التي يحدث فيها ذلك.,payment_portal,2026-07-07 11:40:11,فوترة,محايد
C593436,تواصلت معكم يوم السبت بخصوص قهوة. طلبت ألعاب أطفال يوم الخميس. التحديث الجديد ممتاز والتطبيق صار أسرع,mobile_app,2026-07-07 17:55:12,تقني,إيجابي
C955105,السِلاّم عليكم، متَى يتِم إصداَر الفاتورّة الشهرية؟ تْواصلت مَعُكم يوّم الاثنين بخصوص ثلاجّة.,payment_portal,2026-07-07 20:09:17,فوترة,محايد
C402334,لو سمحتو رقم الطلب #27506 المبلغ 150 الغرض وصل مكسور,delivery_app,2026-07-07 21:47:40,توصيل,سلبي
C267741,دي المرة الرابعة يحصل كده كلمتكم يوم الأحد عن عطر الأوردر #78005 متأخر 11 أيام ولسه ماوصلش,delivery_app,2026-07-08 01:17:11,توصيل,سلبي
C426010,رمز التحقق لا يصل إلى هاتفي، طلبت حقيبة يوم الثلاثاء. سأضطر لإلغاء الاشتراك إن لم تُحل المشكلة.,mobile_app,2026-07-08 09:57:56,تقني,سلبي
C958416,,delivery_app,2026-07-08 12:05:33,توصيل,سلبي
C313222,المندوب كان محترماً ودقيقاً في الموعد، تواصلت معكم يوم الجمعة بخصوص خلاط.,delivery_app,2026-07-08 19:03:51,توصيل,إيجابي
C339504,كود التحقق ما يوصلني، طلبت شاشة يوم الجمعة ما عاد أتعامل معكم,web_form,2026-07-08 20:05:52,أخرى,سلبي
C753162,من ساعة التحديث الجديد والأبلكيشن واقع، كلمتكم يوم الجمعة عن ألعاب أطفال رقم الأوردر #82898 مش هتعامل معاكم تاني,mobile_app,2026-07-09 02:00:28,تقني,سلبي
C412427,رقم الأوردر #42015 طالب خلاط يوم الأحد الخدمة وحشة جداً,mobile_app,2026-07-09 03:19:55,تقني,سلبي
C982681,يا جماعة انخصم مني 49 ريال مرتين على نفس الطلب، رقم الطلب #82918 ابي حل بـــسرعة,payment_portal,2026-07-09 08:18:58,فوترة,سلبي
C657378,السلام عليكم، هذه المرة الرابعة التي يحدث فيها ذلك. كيف أتتبع الشحنة رقم #14288؟,delivery_app,2026-07-09 08:26:57,توصيل,محايد
C234218,الخـدمة واجد سيئة، هذي المرة الرابعة يصير كذا والله شي يقهر!,delivery_app,2026-07-09 08:47:45,توصيل,سلبي
C118733,فضلت مستني على التليفون ساعة ومحدش رد، دي المرة الخامسة يحصل كده عايز حل بسرعة,call_center,2026-07-09 09:30:29,خدمة_عملاء,سلبي
C411044,يا جماعة هي المرة الـثانية بتصير هيك جددولي الاشتراك بدون ما اطلب وانسحب المبلغ,payment_portal,2026-07-09 15:02:33,فوترة,سلبي
C196698,الفاتورة المرة دي غالية جداً ومش فاهم ليه، رقم الأوردر #24802 طالب ألعاب أطفال يوم السبت مش هتعامل معاكم تاني,payment_portal,2026-07-09 20:53:24,فوترة,سلبي
C403879,ما أقدر أسجل دخول والباسوورد صحيح، كلمتكم يوم الجمعة عن حقيبة رقم الطلب #13491,mobile_app,2026-07-09 22:35:09,تقني,سلبي
C649575,السلام عليكم جددوا لي الاشتراك بدــــون ما أوافق وسحبوا 49 ريال، رقم الطلب #26594,payment_portal,2026-07-10 05:44:46,فوترة,سلبي
C934508,لو سمحتم، هل لديكم وـظائف شاغرة في قسم التسويق، هذه المرة الثانية التي يحدث فيها ذلك.,web_form,2026-07-10 06:26:20,أخرى,سلبي
C309054,رّقم الطلب #36530 ما أقْدرِ أَسجل دْخُول والباسوورد صحيح,mobile_app,2026-07-10 08:40:53,تقني,سلبي
C184712,el app bi2fel lwa7do kol shwaya order #61106,mobile_app,2026-07-10 10:19:34,تقني,سلبي
C452785,المبلغ الإجمالي 250 ريال. هذه المرة الخامسة التي يحدث فيها ذلك. بعد التحديث الأخير لم يعد التطبيق يعمل على هاتفي هذا غير مقبول إطلاقاً!,call_center,2026-07-10 10:25:41,خدمة_عملاء,سلبي
C924368,المبلغ الإجمالي 250 ريال. هذه المرة الخامسة التي يحدث فيها ذلك. بعد التحديث الأخير لم يعد التطبيق يعمل على هاتفي هذا غير مقبول إطلاقاً!,call_center,2026-07-10 10:25:41,خدمة_عملاء,سلبي
C389005,لو سمحتم، رقم الطلب #18078. رمز التحقق لا يصل إلى هاتفي,mobile_app,2026-07-10 10:45:18,تقني,سلبي
C822007,دي المرة الخامسة يحصل كده عندي مشكلة من امبارح ومحدش حلها بجد حاجة تضايق!,mobile_app,2026-07-10 14:10:58,تقني,سلبي
C295054,طالب خلاط يوم الاثنين تجربة زفت بصراحة مش هتعامل معاكم تاني,call_center,2026-07-10 14:23:21,خدمة_عملاء,سلبي
C673770,يا جماعة تجربة زفت بصراحة، كلمتكم يوم الأربعاء عن سماعات بجد حاجة تضايق!,mobile_app,2026-07-10 15:43:06,تقني,سلبي
C142846,مرحبا المندوب ما اتصل فيني ورجّع الطلبية ما رح اتعامل معكن بعد اليوم,delivery_app,2026-07-10 18:54:38,توصيل,سلبي
C806144,لو سمحتم، ما هي ساعات عمل خدمة العملاء؟ تواصلت معكم يوم الأربعاء بخصوص كرسي مكتب.,call_center,2026-07-10 19:17:40,خدمة_عملاء,محايد
C845851,الُسلام علْيُكمُ جددوا ليِ الاشتراك بدون ما أوافق وسّحبواِ 499 ريالَ، هذي المرة الخامسةُ يصير كذا,payment_portal,2026-07-11 04:25:46,فوترة,سلبي
C878649,السلام عليكم، المندـوب كان محترماً ودقيقاً في الموعد، المبلغ الإجمالي 199 ريال.,delivery_app,2026-07-11 08:46:39,توصيل,إيجابي
C225641,ازيكم دي المرة الرابعة يحصل كده كلمتكم يوم الثلاثاء عن حقيبة كود التفعيل مش بيوصل خالص بجد حاجة تضايق!,mobile_app,2026-07-11 19:54:17,تقني,سلبي
C407114,لو سمحتم، هل يوجد رقم مباشر لــــلتواصل مع مشرف؟ https://example.com/orders/61732,call_center,2026-07-12 03:09:47,خدمة_عملاء,محايد
C652730,مرحباً، المبلغ الإجمالي 750 ريال. وصل الطـلب قبل الموعد والتغليف ممتاز,delivery_app,2026-07-12 14:26:47,توصيل,إيجابي
C311014,مرحباً، المبلغ الإجمالي 250 ريال. وصلني الطلب ناقصاً ومنتج واحد مفقود أرجو الحل بأسرع وقت.,delivery_app,2026-07-12 16:21:25,توصيل,سلبي
C481952,الغرض وصل مكسور، طالب مكنسة كهربائية يوم السبت,delivery_app,2026-07-12 18:40:15,توصيل,سلبي
C900830,هذه المرة الثانية التي يحدث فيها ذلك. كيف أتتبع الشحنة رقم #82682؟,delivery_app,2026-07-12 18:47:09,توصيل,محايد
C234746,هل يمـــكن الحصول على فاتورة ضريبية للطلب #30650؟,payment_portal,2026-07-12 19:58:47,فوترة,محايد
C341180,هل  يمـــكن الحصول على فاتورة ضريبية للطلب #30650؟,payment_portal,2026-07-12 20:19:47,فوترة,محايد
C473013,السلام عليكم، هل يوجد رقم مباشر للتواصل مع مشرف؟,call_center,2026-07-12 20:23:27,خدمة_عملاء,محايد
C595438,هلا ما أقدر أسجل دخول والباسوورد صحيح، رقم الطلب #99291 والــــله شي يقهر!,mobile_app,2026-07-13 00:34:27,تقني,سلبي
C820718,مرحباً، رقم الطلب #63309. تواصلت معكم يوم الأربعاء بخصوص شاحن. كيف أقدّم شكوى رسمية؟,call_center,2026-07-13 02:20:17,خدمة_عملاء,محايد
C739354,السلام عليكم هذي المرة الثالثة يصير كذا كلمتكم يوم الثلاثاء عن نظارة شمسية ما أقدر أسجل دخول والباسوورد صحيح والله شي يقهر!,mobile_app,2026-07-13 05:33:11,تقني,سلبي
C964577,من ساعة التحديث اـــلجديد والأبلكيشن واقع، الحساب كله 99 جنيه https://example.com/orders/76411,mobile_app,2026-07-13 14:12:52,تقني,سلبي
C210730,يا جماعة الأبلكيشن بيقفل لوحده كل شوية، طالب ثلاجة يوم الأحد الحساب كله 99 جنيه بجد حاجة تضايق!,mobile_app,2026-07-13 15:03:58,تقني,سلبي
C117956,المبلغ الإجمالي 199 ريال. طلبت طابعة يوم الخميس. أحتاج مساعدة عاجلة من فضلكم رقمي 0526647276,mobile_app,2026-07-13 19:40:04,تقني,سلبي
C523712,السلام عليكم رقم الطلب #40887 طلبت ثلاجة يوم الجمعة بعد التحديث الجديد التطبيق خربان ما عاد أتعامل معكم,mobile_app,2026-07-13 20:50:11,تقني,سلبي
C509028,الفاتورة هالمرة كتير غالية وما حدا شرحلي ليش، حكيتكن يوم الأربعاء عن عطر بدي حل بسرعة,payment_portal,2026-07-13 23:04:33,فوترة,سلبي
C649809,ازيكم الخدمة وحشة جداً، رقم الأوردر #20890 الحساب كله 499 جنيه,mobile_app,2026-07-14 00:43:55,تقني,سلبي
C817633,كيف أغيّر طريقة الدفع المسجلة في حسابي؟ المبلغ الإجمالي 99 ريال.,payment_portal,2026-07-14 01:00:19,فوترة,محايد
C265597,هلا الخدمة واجد سيئة، كلمتكم يوم الخميس عن خلاط,mobile_app,2026-07-14 01:47:58,تقني,سلبي
C551123,لو سمحتو ضليت ناطر ع التلفون ساعة وما حدا رد، طالب مكنسة كهربائية يوم الاثنين بدي حل بسرعة,call_center,2026-07-14 04:24:31,خدمة_عملاء,سلبي
C885910,التطبيق عم يسكّر لحالو كل شوي، طالب كرسي مكتب يوم الأربعاء,mobile_app,2026-07-14 08:48:37,تقني,سلبي
C897292,الفاتورة واضحة ومفصلة، عمل ممتاز رقمي 0533075814,payment_portal,2026-07-14 09:25:00,فوترة,إيجابي
C927778,طلبي #84205 متأخر 7 أيام وللحين ما وصل، هذي المرة الثانية يصير كذا والله شي يقهر!,delivery_app,2026-07-14 11:44:47,توصيل,سلبي
C533343,هذه المرة الرابعة التي يحدث فيها ذلك. كل موظف يعطيني معلومة مختلفة عن الآخر سأضطر لإلغاء الاشتراك إن لم تُحل المشكلة.,call_center,2026-07-14 18:51:20,خدمة_عملاء,سلبي
C316346,السلام عليكم، طلبت نظارة شمسية يوم الاثنين. وصلني الطلب ناقصاً ومنتج واحد مفقود,delivery_app,2026-07-15 01:14:45,توصيل,سلبي
C627758,لم يتم حل المشكلة حتى الآن، طلبت ألعاب أطفال يوم الاثنين. هذا غير مقبول إطلاقاً!,mobile_app,2026-07-15 09:47:31,تقني,سلبي
C635926,شكرْاً لفريق الدعمِ الُفني على حُل مشَكلة تسُجيْل الدخول، الُمِبلغ الإجمالي 199 ريال.,mobile_app,2026-07-15 15:28:19,تقني,إيجابي
C577147,المبلغ الإجمالي 320 ريال. الفاتورة واضحة ومفصلة، عمل ممتاز,payment_portal,2026-07-15 15:59:33,فوترة,إيجابي
C855855,رمز التحقق ما عم يوصــــلني بدي حل بسرعة,mobile_app,2026-07-15 17:44:44,تقني,سلبي
C308642,دي المرة الخامسة يحصل كده الأبلكيشن بيقفل لوحده كل شوية,mobile_app,2026-07-15 19:19:19,تقني,سلبي
C703045,صرلي 6 أيام ناطر يرجعولي المصاري وما في شي، المبلغ 250,payment_portal,2026-07-16 01:52:31,فوترة,سلبي
C255931,هلا رقم الطلب #54588 التطبيق يطلعني برا كل ما أفتح الطلبات,mobile_app,2026-07-16 04:11:21,تقني,سلبي
C770448,السلام عليكم التطبيق يطلعني برا كل ما أفتح الطلبات، وأيضاً انتظرت ساعة على الخط ومحد رد,mobile_app,2026-07-16 08:04:50,تقني,سلبي
C584081,لو سمحتم، أحتاج مساعدة عاجلة من فضلكم، رقم الطلب #40494. سأضطر لإلغاء الاشتراك إن لم تُحل المشكلة.,web_form,2026-07-16 13:53:22,أخرى,سلبي
C622463,ازيكم لسه المشكلة زي ما هي، كلمتكم يوم السبت عن كتب مش هتعامل معاكم تاني https://example.com/orders/38270,delivery_app,2026-07-17 05:38:02,توصيل,سلبي
C534906,هلا رقم الطلب #92721 كود التحقق ما يوصلني,mobile_app,2026-07-17 08:04:43,تقني,سلبي
C324918,يا جماعة هذي المرة الثالثة يصير كذا التطبيق يطلعني برا كل ما أفتح الطلبات,mobile_app,2026-07-17 11:02:00,تقني,سلبي
C870386,هلا طلبي #50205 متأخر 3 أيام وللحين ما وصل، رقم الطلب #50375 ابي حل بسرعة,delivery_app,2026-07-17 19:20:10,توصيل,سلبي
C342219,كلمتكم يوم الأربعاء عن ثلاجة الكوبون مااشتغلش والفلوس اتسحبت كاملة عايز حل بسرعة,payment_portal,2026-07-18 22:27:12,فوترة,سلبي
C565730,كلمتكم يوم الأربعاء عن ثلاجة الكوبون مااشتغلش والفلوس اتسحبت كاملة عايز حل بسرعة,payment_portal,2026-07-18 22:27:12,فوترة,سلبي
C946875,لو سمحتو الغرض وصل مكسور، طالب نظارة شمسية يوم الأحد بدي حل بسرعة,delivery_app,2026-07-19 12:20:37,توصيل,سلبي
C546925,هذي المرة الثانية يصير كذا عندي مشكلة من أمس ومحد حلها والله شي يقهر!,payment_portal,2026-07-19 17:05:12,فوترة,سلبي
C692914,لو سمحتم، رقم الطلب #99422. المبلغ الإجمالي 150 ريال. هل يدعم التطبيق الأجهزة القديمة؟ https://example.com/orders/30801,mobile_app,2026-07-19 21:23:33,تقني,محايد
C994107,استلمت المنتج مكسوراً والتغليف سيئ، المبلغ الإجمالي 150 ريال. أرجو الحل بأسرع وقت.,delivery_app,2026-07-20 05:05:13,توصيل,سلبي
C455827,ازيكم كود التفعيل مش بيوصل خالص، رقم الأوردر #40480 مش هتعامل معاكم تاني,mobile_app,2026-07-20 20:04:30,تقني,سلبي
C596727,هي المرة الثانية بتصير هيك الطلبية وصلت ناقصة، وكمان صرلي 7 أيام ناطر يرجعولي المصاري وما في شي بدي حل بسرعة,payment_portal,2026-07-21 01:28:01,توصيل,سلبي
C764479,تواصلت معكم يوم الثلاثاء بـــخصوص ألعاب أطفال. التحديث الجديد ممتاز والتطبيق صار أسرع,mobile_app,2026-07-21 17:49:05,تقني,إيجابي
C650041,ازيكم ياريت تضيفوا الدفع عند الاستلام، وفوق هذا من ساعة التحديث الجديد والأبلكيشن واقع، رقم الأوردر #72582 مش هتعامل معاكم تاني,web_form,2026-07-22 02:05:53,أخرى,سلبي
C411552,ازيكم ياريت تضيفوا الدفع عند الاستلام، وفوق هذا من ساعة التحديث الجديد والأبلكيشن واقع، رقم الأوردر #72582 مش هتعامل معاكم تاني,web_form,2026-07-22 02:05:53,أخرى,سلبي
C837630,التحديث الجديد ممتاز والتطبيق صار أسرع، طلبت ألعاب أطفال يوم الاثنين.,mobile_app,2026-07-22 04:25:42,تقني,إيجابي
C487194,التحديث الجديد ممتاز والتطبيق صار أسرع، طلبت ألعاب أطفال يوم الاثنين.,mobile_app,2026-07-22 04:25:42,تقني,إيجابي
C574384,هلا المبلغ 499 ريال أبي أكلَمَ مسَؤولُ لو سمحتوا,call_center,2026-07-22 17:23:42,خدمة_عملاء,سلبي
C529353,لو سمحتم، كيف أقدّم شكوى رسمية؟ المبلغ الإجمالي 499 ريال.,call_center,2026-07-22 20:07:31,خدمة_عملاء,محايد
C274695,حكيتكن يوم الخميس عن ثلاجة من بعد التحديث الجديد التطبيق ما عم يشتغل,delivery_app,2026-07-22 21:51:13,توصيل,سلبي
C601872,تجربة ما تنعاد,mobile_app,2026-07-22 23:50:38,تقني,سلبي
C901489,فكرة برنامج النقاط ممتازة، هذه المرة الرابعة التي يحدث فيها ذلك. طلبت شاشة يوم الخميس.,web_form,2026-07-23 00:14:16,أخرى,إيجابي
C210333,ازيكم الأوردر #31514 متأخر 8 أيام ولسه ماوصلش,delivery_app,2026-07-23 03:17:02,توصيل,سلبي
C431711,الخدمة واجد سيئة، هذي المرة الرابعة يصير كذا,payment_portal,2026-07-23 06:28:30,فوترة,سلبي
C474119,ما أقدر أسجل دخول والباسوورد صحيح، كلمتكم يوم الاثنين عن نظارة شمسية ابي حل بسرعة,mobile_app,2026-07-23 08:31:11,تقني,سلبي
C811465,لو سمحتم، التحديث الجديد ممتاز والتطــــبيق صار أسرع، المبلغ الإجمالي 320 ريال.,mobile_app,2026-07-23 13:51:51,تقني,إيجابي
C963843,el fatora ghalia awi el marra di order #81973,payment_portal,2026-07-23 16:41:31,فوترة,محايد
C882258,ازيكم من ساعة التحديث الجدــيد والأبلكيشن واقع، رقم الأوردر #68498 دي المرة الثانية يحصل كده عايز حل بسرعة,mobile_app,2026-07-24 04:47:15,تقني,سلبي
C392594,السلام عليكم، أحتاج مساعدة عاجلة من فضلكم، رقم الطلب #11275. أرجو الحل بأسرع وقت.,payment_portal,2026-07-24 20:49:08,فوترة,سلبي
C264743,السَلُامُ عليكم، هل يدعم التّطبيق اَلأجهزةُ القدُيمة؟ طلبْتْ جوال يوم الخميَس.,mobile_app,2026-07-25 01:26:24,تقني,محايد
C829360,مرحبا من بعد التحديث الجديد التطبيق ما عم يشتغل، وكمان جددولي الاشتراك بدون ما اطلب وانسحب المبلغ، رقم الطلب #61823 هي المرة الخامسة بتصير هيك والله شي بيقهر! https://example.com/orders/38110,mobile_app,2026-07-25 01:44:16,تقني,سلبي
C637598,يا جماعة الأبلكيشن بيقفل لوحده كل شوية رقمي 0563413934,mobile_app,2026-07-25 09:59:36,تقني,سلبي
C585649,لو سمحتم، التحديث الجديد ممتاز والتطبيق صار أسرع، تواصلت معكم يوم الجمعة بخصوص جوال.,delivery_app,2026-07-25 11:18:31,تقني,إيجابي
C974966,طالب عطر يوم الثلاثاء الطلبية وصلت ناقصة ما رح اتعامل معكن بعد اليوم,delivery_app,2026-07-25 13:14:36,توصيل,سلبي
C991022,هل يدعم التطبيق الأجهزة القديمة؟ رقم الطلب #43187.,mobile_app,2026-07-25 16:34:39,تقني,محايد
C345098,مرحباً، طلبت طابعة يوم الأربعاء. شكراً لفريق الدعم الفني على حل مشكلة تسجيل الدخول,mobile_app,2026-07-25 17:23:42,تقني,إيجابي
C195459,السلام عليكم، كيف أفعّل التحقق بخطوتين؟ طلبت عطر يوم الأحد.,mobile_app,2026-07-25 17:38:08,تقني,محايد
C402686,؟؟؟,mobile_app,2026-07-26 00:12:29,تقني,سلبي
C429222,مرحباً، شكراً لفريق الدعم الفني على حل مشكلة تسجيل الدخول، تواصلت معكم يوم الأحد بخصوص طابعة.,mobile_app,2026-07-26 00:41:33,تقني,إيجابي
C329203,يا جماعة عندي مشكلة من امبارح ومحدش حلها، كلمتكم يوم الثلاثاء عن جوال دي المرة الخامسة يحصل كده بجد حاجة تضايق!,delivery_app,2026-07-26 02:24:58,توصيل,سلبي
C233943,ضليت ناطر ع التلفون ساعة وما حدا رد، حكيتكن يوم الاثنين عن سماعات والله شي بيقهر!,call_center,2026-07-26 03:39:03,خدمة_عملاء,سلبي
C241032,مكتوب إن الأوردر اتسلم وأنا ماستلمتش حاجة، رقم الأوردر #15530 عايز حل بسرعة,delivery_app,2026-07-26 04:55:24,توصيل,سلبي
C336891,لو سمحتم، الخدمة سيئة جداً ولن أتعامل معكم مرة أخرى، هذه المرة الثالثة التي يحدث فيها ذلك.,payment_portal,2026-07-26 05:25:59,فوترة,سلبي
C647382,المبلغ الإجمالي 250 ريال. هل يدعم التطبيق الأجهزة القديمة؟,mobile_app,2026-07-26 10:40:05,تقني,محايد
C219702,الطلبية وصلت ناقصة والله شي بيقهر!,delivery_app,2026-07-26 13:51:17,توصيل,سلبي
C538920,السلام عليكم، طْلبت نظِارَة شمسيُة يُوم اُلاثنين. ماِ هي ساعاتْ عْمّل خدمة العملاء؟,call_center,2026-07-26 15:39:23,خدمة_عملاء,محايد
C352635,التطبيق عم يسكّر لحالو كل شوي، هي المرة الرابعة بتصير هيك طالب طابعة يوم الاثنين,mobile_app,2026-07-26 17:16:13,تقني,سلبي
C433519,ازيكم الكوبون مااشتغلش والفلوس اتسحبت كاملة، الحساب كله 250 جنيه طالب مكنـــسة كهربائية يوم الأحد,payment_portal,2026-07-26 17:43:27,فوترة,سلبي
C226887,من بعد اَلتَحّديث الْجديد التطبُيقْ مِا عْم يشتْغلْ، المبلغ 499,mobile_app,2026-07-27 00:18:26,تقني,سلبي
C692816, من بعد اَلتَحّديث الْجديد التطبُيقْ مِا عْم يشتْغلْ، المبلغ 499 ,mobile_app,2026-07-27 00:30:26,تقني,سلبي
C120453,المندوب كان محترماً ودقيقاً في الموعد، رقم الطلب #66204. هذه المرة الرابعة التي يحدث فيها ذلك.,delivery_app,2026-07-27 02:23:48,توصيل,إيجابي
C800558,لو سمحتو رقم الطلب #55967 المبلغ 750 رمز التحقق ما عم يوصلني https://example.com/orders/10755,mobile_app,2026-07-27 09:20:32,تقني,سلبي
C487841,لو سمحت دي المرة الثانية يحصل كده الأبلكيشن بيقفل لوحده كل شوية,mobile_app,2026-07-27 11:38:28,تقني,سلبي
C949461,لو سمحتم، هل يمكن الحصول على فاتورة ضريبية للطلب #72794؟ هذه اــــلمرة الثالثة التي يحدث فيها ذلك.,payment_portal,2026-07-27 13:05:02,فوترة,محايد
C864882,كلُمتكم يوم الخميس عن كَرسي مكتب الكوبونْ مااشتِغلِش والفلوسُ اتسحبتّ كاَملة,payment_portal,2026-07-27 17:23:02,فوترة,سلبي
C969904,فكرة بــــرنامج النقاط ممتازة، تواصلت معكم يوم الجمعة بخصوص جوال.,web_form,2026-07-27 20:09:15,أخرى,إيجابي
C136448,كود التفعيل مش بيوصل خالص، كلمتكم يوم الاثنين عن ألعاب أطفال,mobile_app,2026-07-27 22:09:17,تقني,سلبي
C908742,يا جماعة الأبلكيشن بيقفل لوحده كل شوية، الحساب كله 199 جنيه عايز حل بسرعة,mobile_app,2026-07-28 03:17:01,تقني,سلبي
C870705,السلام عليكم، هل يمكن تغيير عنوان التوصيل للطلب #75720؟ رقمي 0526037339,delivery_app,2026-07-28 10:02:17,توصيل,محايد
C448907,انخصم مني 199 ريال مرتين على نفس الطلب، المبلغ 250 ريال ابي حل بسرعة,payment_portal,2026-07-28 14:52:54,فوترة,سلبي
C816060,السلام عليكم طلبت ألعاب أطفال يوم الخميس المبلغ 250 ريال تجربة ما تنعاد والله شي يقهر!,payment_portal,2026-07-28 15:24:07,فوترة,سلبي
C322115,أين يقع مقركم الرئيسي؟,web_form,2026-07-28 22:21:29,أخرى,محايد
C481273,ازيكم الكوبون مااشتغلش والفلوس اتسحبت كاملة، رقم الأوردر #13558 طالب ساعة ذكية يوم الخميس بجد حاجة تضايق!,payment_portal,2026-07-29 02:33:14,فوترة,سلبي
C961606,يا جماعة ما عم يزبط معي سجل دخول مع إنو كلمة السر صح، هي المرة الثالثة بتصير هيك ما رح اتعامل معكن بعد اليوم,web_form,2026-07-29 05:00:29,تقني,سلبي
C380920,لو سمحت دي المرة الثانية يحصل كده فضلت مستني على التليفون ساعة ومحدش رد,mobile_app,2026-07-29 05:14:22,تقني,سلبي
C264369,يا جماعة بعد التحديث الجديد التطبيق خربان، كلمتكم يوم الجمعة عن شاشة المبلغ 250 ريال,mobile_app,2026-07-29 08:25:30,تقني,سلبي
C906571,لو سمحتو رمز التحقق ما عم يوصلني، طالب شاشة يوم الاثنين,mobile_app,2026-07-29 10:31:52,تقني,سلبي
C322361,السلام عليكم، أحتاج مساعدة عاجلة من فضلكم، تواصلت معكم يوم الخميس بخصوص ثلاجة. هذا غير مقبول إطلاقاً!,mobile_app,2026-07-29 11:51:00,تقني,سلبي
C383179,لو سمحتم، هل يمكن الحصول على فاتورة ضـــريبية للطلب #94646؟,payment_portal,2026-07-30 00:22:58,فوترة,محايد
C916550,رقم الطلب #14875. وصل الطلب قبل الموعد والتغليف ممتاز,delivery_app,2026-07-30 03:02:51,توصيل,إيجابي
C855281,تواصلت معكم يوم الـــثلاثاء بخصّوص ساعَة ذكية. تطبيقْكم راّئع وأتمنىُ لكم التّوفّيق,web_form,2026-07-30 06:37:51,أخرى,إيجابي
C117849,انخصم مني 320 ريال مرتين على نفس الطلب، طلبت ساعة ذكية يوم الأحد والله شي يقهر!,payment_portal,2026-07-30 06:48:07,فوترة,سلبي
C385376,مرحـبا التطبيق عم يسكّر لحالو كل شوي والله شي بيقهر!,mobile_app,2026-07-30 08:53:54,تقني,سلبي
C553945,كلمتكم يوم السبت عن جوال التطبيق يطلعني برا كل ما أفتح الطلبات,mobile_app,2026-07-30 09:14:32,تقني,سلبي
C430232,مرحـبا  التطبيق عم يسكّر لحالو كل شوي والله شي بيقهر!,mobile_app,2026-07-30 09:35:54,تقني,سلبي
C449496,عندي مشكلة من أمس ومحد حلها، هذي المرة الرابعة يصير كذا ما عاد أتعامل معكم,delivery_app,2026-07-30 10:08:55,توصيل,سلبي
C302162,طلبي #10801 متأخر 9 أيام وللحين ما وصل، طلبت خلاط يوم الأربعاء ابي حل بسرعة,delivery_app,2026-07-30 10:52:07,توصيل,سلبي
C749871,طُلبِت لابتــــوب يوم الأحد الخدمة واجد سيئة,mobile_app,2026-07-30 11:43:31,فوترة,سلبي
C301747,هلا الُتطبيق يطلعني برا كّل ما أفُتح الطلباتَ، كلمتكم يَوَم الجمعِة عنَ حذاء رياضي اَلمبّلغ 49 ريال,mobile_app,2026-07-30 20:15:48,تقني,سلبي
C136367,هلا الُتطبيق يطلعني برا كّل ما أفُتح الطلباتَ، كلمتكم يَوَم الجمعِة عنَ حذاء رياضي اَلمبّلغ 49 ريال,mobile_app,2026-07-30 20:15:48,تقني,سلبي
C588873,لو سمحتم، هل يمكن تغيير عنوان التوصيل للطلب #17066؟ تواصلت معكم يوم الاثنين بخصوص قهوة. هذه المرة الخامسة التي يحدث فيها ذلك.,delivery_app,2026-07-30 20:47:52,توصيل,محايد
C292581,السلام عليكم طلبت ثلاجة يوم الأربعاء الموظف كان أسلوبه مو زين وسكّر بوجهي والله شي يقهر!,call_center,2026-07-31 03:40:42,خدمة_عملاء,سلبي
C327685,السلام  عليكم طلبت ثلاجة يوم الأربعاء الموظف كان أسلوبه مو زين وسكّر بوجهي والله شي يقهر!,call_center,2026-07-31 05:20:42,خدمة_عملاء,سلبي
C351907,استـلمت المنتج مكسوراً والتغليف سيئ,web_form,2026-07-31 09:51:58,توصيل,سلبي
C309718,يا جماعة أبي أكلم مسؤول لو سمحتوا، طلبت خلاط يوم الأربعاء هذي المرة الثالثة يصير كذا,web_form,2026-07-31 11:15:49,أخرى,سلبي
C304155,ما أقدر أسجل دخول والباسوورد صحيح، رقم الطلب #87768,mobile_app,2026-07-31 13:27:03,تقني,سلبي
C384491,ازيكم من ساعة التحديث الجديد والأبلكيشن واقع، الحساب كله 150 جنيه دي المرة الرابعة يحصل كده,mobile_app,2026-07-31 20:05:36,تقني,سلبي
C508727,لو سمحتو الخدمة كتير سيئة، هي المرة الخامسة بتصير هيك,payment_portal,2026-08-01 01:14:14,فوترة,سلبي
C597058,مرحباً، المندوب لم يتصل بي وأعاد الشحنة، هذه المرة الخامسة التي يحدث فيها ذلك. هذا غير مقبول إطلاقاً!,delivery_app,2026-08-01 03:22:45,توصيل,سلبي
C570167,التحديث الجديد ممتاز والتطبيق صار أسرع، المبلغ الإجمالي 320 ريال. طلبت شاحن يوم السبت.,mobile_app,2026-08-01 03:41:33,تقني,إيجابي
C393653,لو سمحتو انسحب مني 150 مرتين على نفس الطلب، رقم الطلب #58364 والله شي بيقهر!,payment_portal,2026-08-01 13:12:39,فوترة,سلبي
C468398,يا جماعة رمز التحقق ما عم يوصلني، حكيتكن يوم الاثنين عن قهوة والله شي بيقهر!,mobile_app,2026-08-01 21:16:40,تقني,سلبي
C190924,مرحباً، المبلغ الإجمالي 250 ريال. هذه المرة الثانية التي يحدث فيها ذلك. كيف أفعّل التحقق بخطوتين؟,mobile_app,2026-08-02 02:15:08,تقني,محايد
C844210,السلام عليكم رقم الطلب #80760 كلمتكم يوم الخميس عن شاشة الخدمة واجد سيئة ما عاد أتعامل معكم,delivery_app,2026-08-02 02:38:53,توصيل,سلبي
C982465,هي المرة الثانية بتصير هيك حكيتكن يوم الأربعاء عن خلاط الفاتورة هالمرة كتير غالية وما حدا شرحلي ليش,payment_portal,2026-08-02 12:51:24,فوترة,سلبي
C789635,يا جماعة الخدمة واجد سيئة، المبلغ 499 ريال,delivery_app,2026-08-02 15:01:51,توصيل,سلبي
C690478,مرحباً، رقم الطلب #15406. هذه المرة الثالثة التي يحدث فيها ذلك. ما هي ساعات عمل خدمة العملاء؟,email,2026-08-02 16:31:11,خدمة_عملاء,محايد
C296737,راسلتكم أكثر من مرة ومحد رد علي، المبلغ 750 ريال كلمتكم يوم الأربعاء عن شاشة رقمي 0576698925,call_center,2026-08-02 23:45:54,خدمة_عملاء,سلبي
C882733,مرحبا الطلبية وصلت ناقصة، هي المرة الرابعة بتصير هيك والله شي بيقهر!,mobile_app,2026-08-03 09:34:49,تقني,سلبي
C933800,للحين المشكلة ما انحلت والله شي يقهر!,mobile_app,2026-08-03 20:34:36,تقني,سلبي
C181365,المبلغ 320 ريال هذي المرة الرابعة يصير كذا بعد التحديث الجديد التطبيق خربان,mobile_app,2026-08-03 21:15:04,تقني,سلبي
C159102,مرحبا المبلغ 499 هي المرة الثالثة بتصير هيك طلبيتي #97122 متأخرة 12 أيام ولسا ما وصلت بدي حل بسرعة,delivery_app,2026-08-03 21:16:14,توصيل,سلبي
C501109,للحين المشكلة ما انحلت والله شي يقهر!!,mobile_app,2026-08-03 21:42:36,تقني,سلبي
C220013,كيف أفعّل التحقق بخطوتين؟ طلبت شاشة يوم الجمعة.,mobile_app,2026-08-03 21:58:36,تقني,محايد
C844750,فضلت مستني على التليفون ساعة ومحدش رد، طالب كتب يوم الثلاثاء,call_center,2026-08-04 00:14:07,خدمة_عملاء,سلبي
C964857,المندوب لم يتصل بي وأعاد الشحنة، وكمان الفاتورة الأخيرة أعلى بكثير من المعتاد دون أي توضيح، رقم الطلب #90135. أرجو الحل بأسرع وقت.,delivery_app,2026-08-04 07:04:29,توصيل,سلبي
C301324,لسه المشكلة زي ما هي، كلــمتكم يوم الخميس عن ألعاب أطفال عايز حل بسرعة,mobile_app,2026-08-04 11:07:07,تقني,سلبي
C459973,رقم الطلب #53202. المندوب كان محترماً ودقيقاً في الموعد,delivery_app,2026-08-04 12:01:01,توصيل,إيجابي
C760479,رقم الأوردر #41532 اتخصم مني 750 جنيه مرتين على نفس الأوردر عايز حل بسرعة رقمي 0557744354,payment_portal,2026-08-04 23:16:24,فوترة,سلبي
C267592,السلام عليكم، هذه المرة الثانية التي يحدث فيها ذلك. التحديث الجديد ممتاز والتطبيق صار أسرع,mobile_app,2026-08-04 23:26:48,تقني,إيجابي
C169172,هل يمكن الحصول على فاتورة ضريبية للطلب #72019؟ المبلغ الإجمالي 49 ريال.,payment_portal,2026-08-05 02:23:22,فوترة,محايد
C555052,لو سمحتم، كيف أتتبع الشحنة رقم #95634؟ المبلغ الإجمالي 250 ريال.,delivery_app,2026-08-05 04:33:16,توصيل,محايد
C423227,الفاتورة هالمرة كتير غالية وما حدا شرحلي ليش ما رح اتعامل معكن بعد اليوم,payment_portal,2026-08-05 18:19:46,فوترة,سلبي
C829622,السلام عليكم، كيف أغيّر رقم الجوال المرتبط بالحساب؟ طلبت سماعات يوم السبت.,mobile_app,2026-08-05 20:25:15,تقني,محايد
C236952,هلا كود التحقق ما يوصلني، رقم الطلب #40278 طلبت سماعات يوم الثلاثاء والله شي يقهر!,mobile_app,2026-08-05 20:50:40,تقني,سلبي
C425205,مرحبا الطلبية وصلت ناقصة، طالب شاشة يوم الجمعة,payment_portal,2026-08-05 20:55:41,فوترة,سلبي
C858282,أبي أكلم مسؤول لو سمحتوا، هذي المرة الثانية يصير كذا والله شي يقهر!,mobile_app,2026-08-06 01:47:18,تقني,سلبي
C552386,طلبي #99389 متأخر 3 أيام وللحين ما وصل، رقم الطلب #90339,delivery_app,2026-08-06 06:09:30,توصيل,سلبي
C878090,ازيكم عندي مشكلة من امبارح ومحدش حلها، كلمتكم يوم الجمعة عن خلاط رقم الأوردر #55156 مش هتعامل معاكم تاني,call_center,2026-08-06 12:37:05,خدمة_عملاء,سلبي
C467822,يا جماعة دي المرة الثانية يحصل كده الفاتورة المرة دي غالـــية جداً ومش فاهم ليه عايز حل بسرعة,payment_portal,2026-08-06 21:06:12,فوترة,سلبي
C181942,التطبيق عم يسكّر لحالو كل شوي، وكمان المندوب ما اتصل فيني ورجّع الطلبية، هي المرة الثانية بتصير هيك,mobile_app,2026-08-06 23:48:09,تقني,سلبي
C722032,من بعد التحديث الجديد التطبيق ما عم يشتغل، حكيتكن يوم الخميس عن خلاط ما رح اتعامل معكن بعد اليوم,mobile_app,2026-08-07 03:40:04,تقني,سلبي
C421471,كيف أتتبع الشحنة رقم #28809؟,delivery_app,2026-08-07 15:08:07,توصيل,محايد
C735356,هل يدعم التطبيق الأجهزة القديمة؟ المبلغ الإجمالي 499 ريال. طلبت شاحن يوم الأحد.,mobile_app,2026-08-07 19:09:55,تقني,محايد
C520400,السلام عليكم، وصلني الطلب ناقصاً ومنتج واحد مفقود، رقم الطلب #76649.,delivery_app,2026-08-07 21:33:42,توصيل,سلبي
C538221,بقالي 14 أيام مستني فلوسي ترجع ومفيش حاجة، دي المرة الرابعة يحصل كده,payment_portal,2026-08-07 23:49:26,فوترة,سلبي
C966058,السلام عليكم الغرض وصلني مكسور، وفوق هذا كود التحقق ما يوصلني، طلبت ساعة ذكية يوم الأربعاء رقم الطلب #82623,delivery_app,2026-08-08 03:43:17,توصيل,سلبي
C229927,السلام عليكم المندوب ما اتصل ورجع الطلب، هذي المرة الخامسة يصير كذا,delivery_app,2026-08-08 04:12:14,توصيل,سلبي
C418223,هل يدعم اــــلتطبيق الأجهزة القديمة؟,mobile_app,2026-08-08 14:47:21,تقني,محايد
C706754,هلا كود التحقق ما يوصلني ما عاد أتعامل معكم,mobile_app,2026-08-08 15:32:43,تقني,سلبي
C965725,ازيكم بقالي 3 أيام مستني فلوسي ترجع ومفيش حاجة، الحساب كله 99 جنيه عايز حل بسرعة,payment_portal,2026-08-08 16:26:40,فوترة,سلبي
C282572,طلبت شاحن يوم السبت. كيف أغيّر طريقة الدفع المسجلة في حسابي؟,payment_portal,2026-08-08 18:59:56,فوترة,محايد
C810375,هلا رقم الطلب #20002 اـلخدمة واجد سيئة,payment_portal,2026-08-08 20:31:36,فوترة,سلبي
C218768,هلا طلبي #84824 متأخر 8 أيام وللحين ما وصل، رقم الطلب #31726,delivery_app,2026-08-09 03:39:47,توصيل,سلبي
C514746,هلا طلبي #84824 متأخر 8 أيام وللحين ما وصل، رقم الطلب #31726,delivery_app,2026-08-09 03:39:47,توصيل,سلبي
C713270,رمز التحقق لا يصل إلى هاتفي، المبلغ الإجمالي 750 ريال.,mobile_app,2026-08-09 08:34:55,تقني,سلبي
C577531,المندوب كان محترماً ودقيقاً في الموعد، المبلغ الإجمالي 320 ريال.,delivery_app,2026-08-09 08:45:21,توصيل,إيجابي
C499478,الحساب كله 49 جنيه بقالي 6 أيام مستني فلوسي ترجع ومفيش حاجة,payment_portal,2026-08-09 13:42:03,فوترة,سلبي
C784990,لو سمحتو رقم الطلب #43231 انسحب مني 250 مرتين على نفس الطلب,delivery_app,2026-08-09 16:15:44,توصيل,سلبي
C690815,كيف أفعَّل التحقق بخطوتيَن؟ رقم الّطلبُ #39847.,mobile_app,2026-08-09 19:38:33,تقني,محايد
C249325,mesh 3aref a3mel login w el password sa7 order #51693,mobile_app,2026-08-09 19:42:40,تقني,سلبي
C690649,ما عم يزبط معي سجل دخول مع إنو كلمة السر صح ما رح اتعامل معكن بعد اليوم,mobile_app,2026-08-09 20:05:18,تقني,سلبي
C895788,عندي مشكلة من أمس ومحد حلها، رقم الطلب #65791 المبلغ 150 ريال,call_center,2026-08-09 20:59:21,خدمة_عملاء,سلبي
C999669,بدي احكي مع حدا مسؤول، المبلغ 499,call_center,2026-08-09 22:07:14,خدمة_عملاء,سلبي
C266684,التحديث الجديد ممتاز والتطبيق صار أسرع، هذه المرة الثالثة التي يحدث فيها ذلك.,mobile_app,2026-08-10 03:49:29,تقني,إيجابي
C128366,لو سمحتو عندي مشكلة من مبارح وما حدا حلّها,mobile_app,2026-08-10 04:36:53,تقني,سلبي
C203869,مرِحباًَ، هل يمكن الحصْول على فّاتورة ضريبيةّ للُطلب #16171؟ هذه المرة الرابِعة التَي يحدث فْيها ذلك. تواَصلت معكم يوم السبت بخصوص خلاط.,payment_portal,2026-08-10 07:58:24,فوترة,محايد
C596436,كلمتكم يوم الجمعة عن كتب كود التفعيل مش بيوصل خالص مش هتعامل معاكم تاني,mobile_app,2026-08-10 16:17:01,تقني,سلبي
C253672,تم خصم مبلغ 250 ريال من حسابي مرتين لنفس الطلب، هذه المرة الخامسة التي يحدث فيها ذلك. هذا غير مقبول إطلاقاً!,payment_portal,2026-08-10 18:02:26,فوترة,سلبي
C858084,السلام عليكم كلمتكم يوم الخميس عن حذاء رياضي الخدمة واــــجد سيئة ابي حل بسرعة,payment_portal,2026-08-10 20:03:59,فوترة,سلبي
C518626,كيف أغيّر رقم الجوال المرتبط بالحساب؟ المبلغ الإجمالي 150 ريال. تواصلت معكم يوم السبت بخصوص كرسي مكتب.,mobile_app,2026-08-11 00:04:02,تقني,محايد
C297542,عندي مشكلة من مبارح وما حدا حلّها، حكيتكن يوم السبت عن كرسي مكتب والله شي بيقهر!,mobile_app,2026-08-11 08:44:40,تقني,سلبي
C265713,لو سمحتم، تم استرجاع المبلغ بسرعة، شكراً لكم,payment_portal,2026-08-11 17:59:36,فوترة,إيجابي
C462482,لو سمحتم، تم استرجاع المبلغ بسرعة، شكراً لكم,payment_portal,2026-08-11 17:59:36,فوترة,إيجابي
C182187,؟؟؟,payment_portal,2026-08-11 19:00:30,فوترة,سلبي
C377741,,mobile_app,2026-08-11 19:32:34,تقني,إيجابي
C778523,حكُيتكن يوم الأربعاء عن كّرسي مكتْب الّمُبلغ 99 بعتتلكَن كذا رسالة وَمّا حدا رد,call_center,2026-08-11 20:02:04,خدمة_عملاء,سلبي
C603862,بعد التحديث الأخير لم يعد التطبيق يعمل على هاتفي، المبلغ الإجمالي 250 ريال. رقم الطلب #23767.,mobile_app,2026-08-11 20:56:09,تقني,سلبي
C426176,لو سمحْتمَ، رّقم الطلبَ #81707. اُلتطبيقّ يتوقّفْ عن العُمَل كلما حاُولُت فتح صفحّة اَلْطلبات,mobile_app,2026-08-12 05:17:39,تقني,سلبي
C193261,لو سمحتو هي المرة الثانية بتصير هيك ما عم يزبط معي سجل دخول مع إنو كلمة السر صح ما رح اتعامل معكن بعد اليوم,mobile_app,2026-08-12 06:43:33,تقني,سلبي
C974494,يا جماعة مكتوب إن الأوردر اتسلم وأنا ماستلمتش حاجة، دي المرة الثالثة يحصل كده,delivery_app,2026-08-12 08:43:01,توصيل,سلبي
C885493,ازيكم الحساب كله 49 جنيه تجربة زفت بصراحة,mobile_app,2026-08-12 09:13:08,تقني,سلبي
C773117,طلبت أَلعاب أْطُفَاَل يومْ الخميسْ. الموظفة كاْنت متعاوِنة جْداً وحلّت مشكلتي,call_center,2026-08-12 11:45:58,خدمة_عملاء,إيجابي
C271669,طلبي #58613 متأخر 10 أيام وللحين ما وصل، هذي المرة الرابعة يصير كذا ابي حل بسرعة,delivery_app,2026-08-12 13:13:49,توصيل,سلبي
C409033,انخصم مني 199 ريال مرتين على نفس الطلب، هذي المرة الخامسة يصير كذا رقم الطلب #14472,payment_portal,2026-08-12 15:53:27,فوترة,سلبي
C595988,الفاتورة المرة دي غالـــية جداً ومش فاهم ليه، دي المرة الثانية يحصل كده,payment_portal,2026-08-12 16:02:00,فوترة,سلبي
C881100,الخدمة وحشة جداً، دي المرة الرابعة يحصل كده عايز حل بسرعة رقمي 0561415291,mobile_app,2026-08-12 16:17:23,تقني,سلبي
C573345,رمز التحقق ما عم يوصلني، المبلغ 499 ما رح اتعامل معكن بعد اليوم,mobile_app,2026-08-12 18:42:09,تقني,سلبي
C190369,يا جماعة اتخصم مني 320 جنيه مرتين على نفس الأوردر، كلمتكم يوم الثلاثاء عن شاشة,payment_portal,2026-08-13 01:59:42,فوترة,سلبي
C415342,ازيكم رقم الأوردر #12345 مش عارف أعمل لوجين والباسورد صح عايز حل بسرعة,mobile_app,2026-08-13 12:41:38,تقني,سلبي
C388175,السلام عليكم كود التحقق ما يوصلــني,mobile_app,2026-08-13 13:30:11,تقني,سلبي
C853475,ازيكم  رقم الأوردر #12345 مش عارف أعمل لوجين والباسورد صح عايز حل بسرعة,mobile_app,2026-08-13 15:09:38,تقني,سلبي
C987950,كيف أغيّر رقم الجوال المرتبط بالحساب؟,mobile_app,2026-08-13 16:38:05,تقني,محايد
C657535,لُو سمحت عايز أكلم حد مسؤوّل، رُقْم الأوردرُ #67354 بجدُ حاجّة تضايق!,mobile_app,2026-08-13 19:26:44,تقني,سلبي
C806855,يا جماعة هذي المرة الرابعة يصير كذا طلبت ثلاجة يوم السبت من 9 أيام طالب استرجاع فلوسي وللحين ما وصلت والله شي يقهر!,payment_portal,2026-08-13 19:56:53,فوترة,سلبي
C947668,متى يتم إصدار الفاتورة الشهرية؟ طلبت سماعات يوم السبت.,payment_portal,2026-08-13 22:56:24,فوترة,محايد
C414261,كود التحقق ما يوصلني، طلبت عطر يوم الاثنين والله شي يقهر!,mobile_app,2026-08-13 23:43:27,تقني,سلبي
C886171,بدي احكي مع حدا مسؤول، حكيتكن يوم الأربعاء عن مكنسة كهربائية بدي حل بسرعة,mobile_app,2026-08-14 15:03:17,توصيل,سلبي
C481424,هلا كلمتكم يوم الأربعاء عن عطر جددوا لي الاشتراك بدون ما أوافق وسحبوا 49 ريال ابي حل بسرعة https://example.com/orders/91460,payment_portal,2026-08-14 18:12:28,فوترة,سلبي
C513555,👎,mobile_app,2026-08-14 22:50:38,تقني,سلبي
C947736,لو سمحتم، أرسلت عدة رسائل ولم أتلقَّ أي رد، هذه المرة الثالثة التي يحدث فيها ذلك. سأضطر لإلغاء الاشتراك إن لم تُحل المشكلة. رقمي 0531405901,call_center,2026-08-14 23:49:41,خدمة_عملاء,سلبي
C520938,هلا طلبت خلاط يوم الجمعة أبي أحذف حسابي نهائياً والله شي يقهر!,web_form,2026-08-15 02:14:15,أخرى,سلبي
C378889,يا جماعة عندي مشكلة من مبارح وما حدا حلّها، رقم الطلب #51434 المبلغ 320,whatsapp,2026-08-15 06:06:04,فوترة,سلبي
C813696,طلبت حذاء رياضي يوم الأربعاء. التحديث الجديد ممتاز والتطبيق صار أسرع رقمي 0550753862,mobile_app,2026-08-15 20:29:57,تقني,إيجابي
C422099,مرحباً، هذه المرة الرابعة التي يحدث فيها ذلك. هل يدعم التطبيق الأجهزة القديمة؟,mobile_app,2026-08-15 21:19:29,تقني,محايد
C413014,هل يدعم التطبيق الأجهزة القديمة؟ المبلغ الإجمالي 320 ريال. طلبت كرسي مكتب يوم الجمعة.,mobile_app,2026-08-16 04:15:04,تقني,محايد
C821549,لو سمحتم، فكرة برنامج النقاط ممتازة,whatsapp,2026-08-16 08:56:25,أخرى,إيجابي
C395690,يا جماعة جدّدُوا ليَ الاشترُاك بُدون ما أوافّق وسحبوا 750 ريال، كلمتكم يوم الُاثنيْن عِن خلاطُ,payment_portal,2026-08-16 17:03:08,فوترة,سلبي
C993250,الغرض وصلني مكسور، وكمان بعد التحديث الجديد التطبيق خربان والله شي يقهر!,delivery_app,2026-08-16 18:12:05,توصيل,سلبي
C582334,كيف أغيّر طرّيقةْ اَلدفع المسجلة في حَسابي؟ طّلبت خلّاط يوم الأرّبعاِء. الَمبلغ الإجماْلي 750 ريال.,payment_portal,2026-08-16 18:20:07,فوترة,محايد
C768618,ازيكم الأبلكيشن بيقفل لوحده كل شوية، طالب حقيبة يوم الأربعاء بجد حاجة تضايق!,mobile_app,2026-08-16 20:09:05,تقني,سلبي
C989483,المبلغ الإجمالي 320 ريال. طلبت سماعات يوم السبت. هل يمكن الحصول على فاتورة ضريبية للطلب #97587؟,payment_portal,2026-08-16 20:11:24,فوترة,محايد
C556443,تواصلت معكم يوم الأربعاء بخصوص قهوة. هل يمكن الحصول على فاتورة ضريبية للطلب #31158؟,payment_portal,2026-08-16 21:42:57,فوترة,محايد
C288363,المندوب كُان محترمُاً ودقيقاًّ فيْ الموـعد,delivery_app,2026-08-16 23:09:36,توصيل,إيجابي
C465482,مرحبا الموظف كان أسلوبو مش منيح وسكّر الخط، هي المرة الثالثة بتصير هيك https://example.com/orders/98791,call_center,2026-08-17 05:28:52,خدمة_عملاء,سلبي
C649432,الحساب كله 199 جنيه دي المرة الرابعة يحصل كده عايز أكلم حد مسؤول بجد حاجة تضايق!,mobile_app,2026-08-17 06:18:43,تقني,سلبي
C851744,الفاتورة المرة دي غاليِة جداً ومش فاهم ليه، رقم الأوردر #21058 كلِمتكم يوم اَلجمعة عنُ جوال,payment_portal,2026-08-17 07:30:50,فوترة,سلبي
C767939,هذه المرة الرابعة التي يحدث فيها ذلك. رقم الطلب #34317. كيف أغيّر رقم الجوال المرتبط بالحساب؟,mobile_app,2026-08-17 07:57:45,تقني,محايد
C421799,السلام عليكم، رقم الطلب #93258. التحديث الجديد ممتاز والتطبيق صار أسرع,mobile_app,2026-08-17 09:31:43,تقني,إيجابي
C566571,ازيكم اتخصم مني 199 جنيه مرتين على نفس الأوردر، رقم الأوردر #33282 مش هتعامل معاكم تاني,payment_portal,2026-08-17 10:49:28,فوترة,سلبي
C829558,كود التحقق ما يوّصلني، كلمتكم يوم الاثنين عن طابعة طلبت ثلّاجة يُوم الاثنين,mobile_app,2026-08-17 11:57:29,تقني,سلبي
C238116,لو سمحتم، هل يدعم التطبيق الأجهزة القديمة؟ هذه المرة الخامسة التي يحدث فيها ذلك.,mobile_app,2026-08-17 15:19:00,تقني,محايد
C123348,مرحباً، كيف أفعّل التحقق بخطوتين؟ رقم الطلب #57383.,mobile_app,2026-08-17 15:22:10,تقني,محايد
C468684,طالب كتب يوم الاثنين من بعد التحديث الجديد التطبيق ما عم يشتغل والله شي بيقهر!,mobile_app,2026-08-17 16:30:19,تقني,سلبي
C798689,السلام عليكم، وصل الطلب قبل الموعد والتغليف ممتاز,delivery_app,2026-08-17 20:10:04,توصيل,إيجابي
C259446,من 10 أيام طالب استرجاع فلــــوسي وللحين ما وصلت، رقم الطلب #43542,payment_portal,2026-08-17 21:25:53,فوترة,سلبي
C416298,مْن بعد الْتــحديث الجديد التطبيق ما عم يشتغل، المبلُغ 199,mobile_app,2026-08-17 22:37:00,تقني,سلبي
C395995,السلام عليكم، المبلغ الإجمالي 250 ريال. شكراً لفريق الدعم الفني على حل مشكلة تسجيل الدخول,mobile_app,2026-08-17 23:10:12,تقني,إيجابي
C163256,مكتوب إن الأوردر اتسلم وأنا ماستلمتش حاجة، الحساب كله 49 جنيه مش هتعامل معاكم تاني,mobile_app,2026-08-18 02:24:02,تقني,سلبي
C232298,المبلغ 199 جددولي الاشتراك بدون ما اطلب وانسحب المبلغ ما رح اتعامل معكن بعد اليوم,payment_portal,2026-08-18 05:15:12,فوترة,سلبي
C997320,مرحباً، هل يدعم التطبيق الأجهزة القديمة؟ المبلغ الإجمالي 250 ريال. طلبت سماعات يوم السبت.,mobile_app,2026-08-18 07:43:08,تقني,محايد
C444031,رقم الِطلب #45401 التطبيقّ يطلعنيّ برا كل مِا أفتحْ الطلباَت والله شي يقهر!,mobile_app,2026-08-18 08:52:56,تقني,سلبي
C278230,لو سمحت مش عارف أعمل لوجين والباسورد صح، رقم الأوردر #20070,mobile_app,2026-08-18 10:31:05,تقني,سلبي
C744424,هل يمكن تغيير عنوان التوصيل للطلب #12446؟,delivery_app,2026-08-18 14:01:34,توصيل,محايد
C323527,ازيكم الُخَدمُة وْحشة جداً، الحِسابَ كله 499 جنيهِ رقم الأوردر #47057 بجد حاجة تضايُق!,email,2026-08-18 18:09:19,توصيل,سلبي
C547081,مرحَباً، هذه المرُة اُلثانية التي يحدث فيها ذلكَ. وصَلْنْي الطَلب ناقصاً وْمنتج واحد مفِقود سأضطرِ لإلغاْء الاشِتراك إن لم تُحل المشكلْةَ.,delivery_app,2026-08-18 22:53:19,توصيل,سلبي
C838882,مرحباً، تواصلت معكمَ يوَمْ الأربعْاء بخصوصْ جُواّل. كُيف أغيّر رقم الجوِال اِلمـرتبط بّالحساب؟,mobile_app,2026-08-19 01:39:18,تقني,محايد
C928216,يا جماعة بعد التحديث الجديد التطبيق خربان، كلمتكم يوم الأربعاء عن عطر,mobile_app,2026-08-19 09:22:25,تقني,سلبي
C110111,فكرة برنامج النقاط ممتازة، رقم الطلب #24476.,web_form,2026-08-19 18:30:07,أخرى,إيجابي
C791212,مرحباً، هل يدِعم التطبيق اْلُأجهزة الّقديمة؟ تُواصْلتّ معكم يوم اْلجمَعة بّخصوُص سمَاعاْتُ.,mobile_app,2026-08-19 21:08:04,تقني,محايد
C425105,السلام عليكم ما أقدر أسجل دخول والباسوورد صحيح، طلبت مكنسة كهربائية يوم السبت المبلغ 99 ريال ما عاد أتعامل معكم,mobile_app,2026-08-19 21:19:55,تقني,سلبي
C295629,هل تقدمون خــــدمات للشركات؟,web_form,2026-08-20 00:52:47,أخرى,محايد
C958584,يا جماعة دي المرة الخامسة يحصل كده بعت رسايل كتير ومحدش بيرد بجد حاجة تضايق!,call_center,2026-08-20 02:04:37,خدمة_عملاء,سلبي
C847962,عندي مشكلة من أمس ومحد حلها، هذي المرة الرابعة يصير كذا ابي حل بسرعة,call_center,2026-08-20 12:46:52,خدمة_عملاء,سلبي
C537702,السلام عليكم رقم الطلب #27888 التطبيق يطلعني برا كل ما أفتح الطلبات ابي حل بسرعة,mobile_app,2026-08-20 13:43:53,تقني,سلبي
C452015,السلام عليكم رقم الطلب #27888 التطبيق يطلعني برا كل ما أفتح الطلبات ابي حل بسرعة,mobile_app,2026-08-20 13:43:53,تقني,سلبي
C928329,السلام عليكم بعد التحديث الجديد التطبيق خربان، كلمتكم يوم الأربعاء عن كتب,mobile_app,2026-08-20 14:02:09,تقني,سلبي
C162733,كود التفعيل مش بيوصل خالص، دي المرة الرابعة يحصل كده رقم الأوردر #67500 عايز حل بسرعة,web_form,2026-08-20 17:43:40,أخرى,سلبي
C871360,كيف أفعّل التحقق بخطوتين؟ رقم الطلب #17577.,mobile_app,2026-08-20 22:19:44,تقني,محايد
C649231,لو سمحتو التطبيق عم يسكّر لحالو كل شوي,mobile_app,2026-08-21 01:53:22,تقني,سلبي
C612158,طـــلبت شاشة يوم الأربعاء. متى يتم إصدار الفاتورة الشهرية؟,payment_portal,2026-08-21 03:50:15,فوترة,محايد
C396692,..؟,mobile_app,2026-08-21 05:40:10,تقني,سلبي
C209207,مرحبا انسحب مني 320 مرتين على نفس الطلب، حكيتكن يوم الخميس عن حقيبة,payment_portal,2026-08-21 06:46:55,فوترة,سلبي
C240614,انتظرت على الخط أكثر من ساعة دون أن يرد أحد، طلبت حذاء رياضي يوم الجمعة. أرجو الحل بأسرع وقت.,call_center,2026-08-21 11:34:40,خدمة_عملاء,سلبي
C753591,عندي مشكلة من امبارح ومحدش حلها، طالب نظارة شمسية يوم الثلاثاء,call_center,2026-08-21 12:05:20,خدمة_عملاء,سلبي
C488951,طلبت سماعات يوم الاثنين. هذه المرة الخامسة التي يحدث فيها ذلك. تم استرجاع المبلغ بسرعة، شكراً لكم,payment_portal,2026-08-21 16:47:47,فوترة,إيجابي
C381622,التحديَث الجديد ممِتاز والتُطبيق صار أسرْع، رقم اَلِطلب #13363. المبلغ الِإْجماليِ 499 ريال.,mobile_app,2026-08-21 20:49:37,تقني,إيجابي
C393351,هذه اُلمرة اُلخامسة التَي يحدث فيهاِ ذلك. شكراً لفريقّ الدّعمّ الفني على حل مشكلةّ تسجيل الدّخول,mobile_app,2026-08-21 21:51:47,تقني,إيجابي
C718064,ما أقدر أسجل دخول والباسوورد صحيح، المبلغ 750 ريال,mobile_app,2026-08-22 01:47:57,تقني,سلبي
C637669,لو سمحتم، هذه المرة الخامسة التي يحدث فيها ذلك. التطبيق يتوقف عن العمل كلما حاولت فتح صفحة الطلبات,mobile_app,2026-08-22 10:29:27,تقني,سلبي
C826038,لو سمحتو جددولي الاشتراك بدون ما اطلب وانسحب المبلغ، حكيتكن يوم الأحد عن ساعة ذكية والله شي بيقهر!,payment_portal,2026-08-22 15:29:03,فوترة,سلبي
C495420,يا جماعة المبلغ 150 تجربة ما بتنعاد,payment_portal,2026-08-22 17:21:54,فوترة,سلبي
C379667,   ,mobile_app,2026-08-22 20:40:52,تقني,سلبي
C532085,رقم الطلب #52034. كيف أغيّر رقم الجوال المرتبط بالحساب؟,email,2026-08-23 00:30:11,تقني,محايد
C599080,طلبت ثلاجة يوم الاثنين. رقم الطلب #70241. هل يوجد رقم مباشر للتواصل مع مشرف؟,call_center,2026-08-23 03:30:23,خدمة_عملاء,محايد
C453508,رقم اْلأوردّر #87110 الفَاِتوُرة المرة دي غْالية جداً ومّشّ فاهم ليه عايز حل بسْرعة,payment_portal,2026-08-23 04:47:18,فوترة,سلبي
C382750,هل يمكن تغيير عنوان التوصيل للطلب #14510؟,delivery_app,2026-08-23 06:38:55,توصيل,محايد
C282712,لو سمحتو رقم الطلب #11589 جددولي الاشتراك بدون ما اطلب وانسحب المبلغ,payment_portal,2026-08-23 11:06:07,فوترة,سلبي
C554236,😡😡😡,payment_portal,2026-08-23 16:00:52,فوترة,سلبي
C625750,هّي المرة الثْانُية بتصير هيك من بعد التحديثُ الجديد اَلتطبيقّ ما عم يشتْغل، وفوق هُذا اُلموظفْ كان أسلوبو مّش منيُح وسكّر الخط ما رَح اتعامل معكّن بعد اليوم,mobile_app,2026-08-23 20:12:30,تقني,سلبي
C459870,ازيكم الــــحاجة وصلت مكسورة، طالب كرسي مكتب يوم السبت بجد حاجة تضايق!,delivery_app,2026-08-23 20:24:42,توصيل,سلبي
C741993,هلا طلبت ثلاجة يوم الجمعة رقم الطلب #66148 التطبيق يطلعني برا كل ما أفتح الطلبات والله شي يقهر!,mobile_app,2026-08-23 20:42:09,تقني,سلبي
C864237,السلام عليكم، هل يوجد رقم مباشر للتواصل مع مشرف؟ طلبت قهوة يوم السبت.,call_center,2026-08-24 10:46:42,خدمة_عملاء,محايد
C195488,لو سمحتو بعتتلكن كذا رسالة وما حدا رد، رقم الطلب #22523 هي المرة الرابعة بتصير هيك بدي حل بسرعة,call_center,2026-08-24 12:28:48,خدمة_عملاء,سلبي
C869307,السلام عليكم المبلغ 250 ريال طلبت ثلاجة يوم الاثنين الخدمة واجد سيئة والله شي يقهر!,mobile_app,2026-08-24 12:52:30,تقني,سلبي
C236008,الخدمة كتير سيئة، هي الــمرة الرابعة بتصير هيك,call_center,2026-08-24 15:08:53,خدمة_عملاء,سلبي
C171535,لو سمحتو هي المرة الثالثة بتصير هيك رمز التحقق ما عم يوصلني ما رح اتعامل معكن بعد اليوم,mobile_app,2026-08-24 15:23:12,تقني,سلبي
C912035,لو سمحت المندوب ماكلمنيش ورجّع الشحنة، طالب كرسي مكتب يوم السبت,delivery_app,2026-08-24 17:28:53,توصيل,سلبي
C583295,لو سمحتو بديْ احكي مع حدا مسؤول، رقم الطِلب #66725 والله شيُ بيُقهر!,mobile_app,2026-08-24 20:50:17,تقني,سلبي
C337799,مرحبا بدي احكي مع حدا مسؤول، حــكيتكن يوم الأربعاء عن حقيبة,payment_portal,2026-08-25 06:12:01,فوترة,سلبي
C574772,السلام عليكم، تم خصم مبلغ 150 ريال من حسابي مرتين لنفس الطلب,payment_portal,2026-08-25 11:59:13,فوترة,سلبي
C551931,ازيكم بعت رسايل كتير ومحدش بيرد، كلمتكم يوم الثلاثاء عن كرسي مكتب مش هتعامل معاكم تاني,call_center,2026-08-25 12:41:37,خدمة_عملاء,سلبي
C738688,كيف أغيّر رقم اّلْجواّلِ المرتبَط بالحساِب؟,call_center,2026-08-25 20:33:18,تقني,محايد
C363211,🙄🙄,call_center,2026-08-25 20:51:09,خدمة_عملاء,محايد
C792553,هلْ يّدِعم التطبيق الأجهزة القديمة؟,twitter,2026-08-25 22:15:30,تقني,محايد
C171530,لو سمحتم، طلبت خلاط يوم الثلاثاء. كيف أقدّم شكوى رسمية؟,call_center,2026-08-26 03:12:50,خدمة_عملاء,محايد
C699070,طلبت استرجاع المبلغ منذ 10 أيام ولم يصلني شيء حتى الآن، هذه المرة الثانية التي يحدث فيها ذلك. هذا غير مقبول إطلاقاً!,payment_portal,2026-08-26 03:36:28,فوترة,سلبي
C377784,انِسحب مني 199 مرُتْيَن على نفس الُطلب، حكيتُكن يِوم اّلخميَس عَنُ طّابعة,payment_portal,2026-08-26 05:20:56,فوترة,سلبي
C399990,السلام عليكم، هلّ يوجد رقمُ مباشر لُلُتواصَلِ مع مشرف؟ طلبت عطر يوم السبت. المبلغ الإجمالي 49 ريال.,call_center,2026-08-26 14:34:05,خدمة_عملاء,محايد
C116315,لو سمحتم، رقم الطلب #15704. تواصلت معكم يوم الأحد بخصوص سماعات. هل يدعم التطبيق الأجهزة القديمة؟,mobile_app,2026-08-26 21:41:08,تقني,محايد
C870025,لا أستطيع تسجيل الدخول إلى حسابي رغم إدخال كلمة المرور الصحيحة، المبلغ الإجمالي 499 ريال. سأضطر لإلغاء الاشتراك إن لم تُحل المشكلة.,mobile_app,2026-08-27 00:20:11,تقني,سلبي
C297970,لو سمحتم، المبلغ الإجمالي 750 ريال. هذه المرة الرابعة التي يحدث فيها ذلك. لدي مشكلة منذ أمس ولم يحلها أحد سأضطر لإلغاء الاشتراك إن لم تُحل المشكلة.,mobile_app,2026-08-27 01:04:25,تقني,سلبي
C953929,تجربتي معكم كانت مخيبة للآمال,call_center,2026-08-27 03:41:39,خدمة_عملاء,سلبي
C488004,مرحباً، كيف أقدّم شكوى رسمية؟,call_center,2026-08-27 07:42:57,خدمة_عملاء,محايد
C581648,رقم الطلب #31801 هي المرة الرابعة بتصير هيك تجربة ما بتنعاد والله شي بيقهر!,delivery_app,2026-08-27 08:46:35,توصيل,سلبي
C695514,الأوردر #48933 متأخر 10 أيام ولسه ماوصلش، دي المرة الثانية يحصل كده مش هتعامل معاكم تاني,delivery_app,2026-08-27 12:51:21,توصيل,سلبي
C462998,يا جماعة مش عارف أعمل لوجين والباسورد صح مش هتعامل معاكم تاني,mobile_app,2026-08-27 23:45:54,تقني,سلبي
C629561,هلا راسلتكم أكثر من مرة ومحد رد علي، طلبت عطر يوم الأربعاء ابي حل بسرعة,call_center,2026-08-28 01:51:55,خدمة_عملاء,سلبي
C383140,الغرض وصلني مُكسور، المْبلغ 250 ريُاّل ماّ عاَد أتعِامْل معكم رقميَ 0566321412,delivery_app,2026-08-28 09:55:45,توصيل,سلبي
C706900,رقم الطلب #76001. المبلغ الإجمالي 499 ريال. وصل الطلب قبل الموعد والتغليف ممتاز,delivery_app,2026-08-28 17:44:54,توصيل,إيجابي
C822459,هي المرة الثانية بتصير هيك رقم الطلب #52765 صرلي 5 أيام ناطر يرجعولي المصاري وما في شي بدي حل بسرعة رقمي 0534653821,payment_portal,2026-08-28 20:20:35,فوترة,سلبي
C356049,كيف أغيّر رقم الجوال المرتبط بالحساب؟ هذه المرة الثالثة التي يحدث فيها ذلك. رقم الطلب #61514.,mobile_app,2026-08-28 20:57:56,تقني,محايد
C157125,السلام عليكم طلبت ساعة ذكية يوم الاثنين من 14 أيام طالب استرجاع فلوسي وللحين ما وصلت والله شي يقهر!,payment_portal,2026-08-29 01:37:23,فوترة,سلبي
C568154,مرحباً، تواصلت معكم يوم السبت بخصوص لابتوب. هل يمكن تغيير عنوان التوصيل للطلب #24746؟,delivery_app,2026-08-29 03:26:41,توصيل,محايد
C966325,كيف أغيّر طريقة الدـــفع المسجلة في حسابي؟,payment_portal,2026-08-29 03:40:14,فوترة,محايد
C798076,المبلغ الإجمالي 320 ريال. رقم الطلب #49075. تم خصم مبلغ 250 ريال من حسابي مرتين لنفس الطلب,payment_portal,2026-08-29 04:17:54,فوترة,سلبي
C834955,لو سمحتو الفاتورة هالمرة كتير غالية وما حدا شرحلي ليش، طالب جوال يوم الاثنين المبلغ 320 والله شي بيقهر!,payment_portal,2026-08-29 05:54:21,فوترة,سلبي
C251037,طلبت ألعاب أطفال يوم الأحد. المبلغ الإجمالي 99 ريال. كيف أغيّر طريقة الدفع المسجلة في حسابي؟,payment_portal,2026-08-29 10:25:22,فوترة,محايد
C302560,السلام عليكم راسلتكم أكثر من مرة ومحد رد علي، هذي المرة الثالثة يصير كذا كلمتكم يوم الجمعة عن جوال https://example.com/orders/50218,delivery_app,2026-08-29 13:10:00,توصيل,سلبي
C390347,الخدمة واجد سيئة، رقم الطلب #21127 طلبت حذاء رياضي يوم الأربعاء,payment_portal,2026-08-30 00:37:42,فوترة,سلبي
C790461,المبلغ الإجمالي 49 ريال. الفاتورة واضحة ومفصلة، عمل ممتاز,payment_portal,2026-08-30 03:01:02,فوترة,إيجابي
C215188,التطبيق يتوقف عن العمل كلما حاولت فتح صفحة الطلبات، المبلغ الإجمالي 320 ريال.,mobile_app,2026-08-30 03:25:56,تقني,سلبي
C400493,السلام عليكم التطبيق يطلعني برا كل ما أفتح الطلبات، رقم الطلب #96328 ابي حل بسرعة,mobile_app,2026-08-30 10:10:36,تقني,سلبي
C881144,لو سمحتم، وصلني الطلب ناقصاً ومنتج واحد مفقود، المبلغ الإجمالي 250 ريال.,delivery_app,2026-08-30 10:16:58,توصيل,سلبي
C945159,لو سمَحتمّ، أحتُاج مسِاْعدةْ عاجلة من فُضْلكم، هذه المِرةّ اّلثاَنية التَي يحْدث فيها ذلك. تواصِلت معكم يْوم الخميس بخصّوص نَظارَة شمسية. رقمي 0555660452,mobile_app,2026-08-30 11:06:29,تقني,سلبي
C192118,لو سمِحتو الفاتورة هالمرةِ كُتير غالية وما حدِاّ شرحلي ليش، هَيْ المرة الثانيّة بتصير هُيك وِالله شي بيقهْر!,payment_portal,2026-08-30 14:48:45,فوترة,سلبي
C479285,لو سمحتم، كيف أغيّر رقم الجوال المرتبط بالحساب؟ رقم الطلب #17517. طلبت خلاط يوم الخميس.,mobile_app,2026-08-30 15:34:05,تقني,محايد
C619701,رقم الأوردر #84624 الأوردر #22717 متأخر 12 أيام ولسه ماوصلش,delivery_app,2026-08-30 16:42:01,توصيل,سلبي
C610552,السلام عليكم، تواصلت معكم يوم الأربعاء بخصوص نظارة شمسية. طلبت كتب يوم السبت. شكراً لفريق الدعم الفني على حل مشكلة تسجيل الدخول,mobile_app,2026-08-31 08:54:18,تقني,إيجابي
C154819,ازيكم طالب ألعاب أطفال يوم السبت كود التفعيل مش بيوصل خالص مش هتعامل معاكم تاني,mobile_app,2026-08-31 09:52:00,تقني,سلبي
C450939,مرحبا هي المرة الخامسة بتصير هيك المبلغ 320 بدي احكي مع حدا مسؤول ما رح اتعامل معكن بعد اليوم,call_center,2026-08-31 10:34:16,خدمة_عملاء,سلبي
C141999,رقم الطلب #59465. تواصلت معكم يوم الاثنين بخصوص شاحن. كيف أقدّم شكوى رسمية؟,call_center,2026-08-31 22:13:20,خدمة_عملاء,محايد
C776552,الموظف كان أسلوبو مش منيح وسكّر الخط، المبلغ 499,call_center,2026-09-01 00:22:50,خدمة_عملاء,سلبي
C263718,كود التفعيل مش بيوصل خالص، كلمتكم يوم الثلاثاء عن شاحن رقم الأوردر #12533,mobile_app,2026-09-01 00:40:29,تقني,سلبي
C439541,ضليت ناطر ع اْلتلفون ساعة وما حدا رد، حْكيتكن يوم السبت عن لابتوب المبُلغ 150,call_center,2026-09-01 06:08:02,خدمة_عملاء,سلبي
C986808,المبلغ الإجمالي 199 ريال. كيف أفعّل التحقق بخطوتين؟,mobile_app,2026-09-01 10:01:54,تقني,محايد
C344809,للحين المشكلة ما انحلت، المبلغ 150 ريال والله شي يقهر!,mobile_app,2026-09-01 11:16:59,تقني,سلبي
C227622,دي المرة الرابعة يحصل كده لسه المشكلة زي ما هي عايز حل بسرعة,mobile_app,2026-09-01 12:30:48,تقني,سلبي
C288177,يا جماعة راسلتكم أكثر من مرة ومحد رد علي,call_center,2026-09-01 15:49:44,خدمة_عملاء,سلبي
C489301,ازيكم من ساعة التحديث الجديد والأبلكيشن واقع، دي المرة الثالثة يحصل كده عايز حل بسرعة,mobile_app,2026-09-01 18:59:50,تقني,سلبي
C294682,السلامْ عليكم، التحديث اُلّجِديْد ممتاز والَتطبيق صْار أسرع، تواصلت مّعَكم يومّ الخميسُ بخصِوص مكنسةَ كهرّبائيةَ. طَلبت كتب يوم اْلخميس.,mobile_app,2026-09-01 19:24:10,تقني,إيجابي
C359725,هي المرة الخامسة بتصير هيك طالب جوال يوم الأحد من بعد التحديث الجديد التطبيق ما عم يشتغل ما رح اتعامل معكن بعد اليوم,mobile_app,2026-09-02 00:27:14,تقني,سلبي
C793998,كلمتكم يوم الأربعاء عن قهوة التطبيق يطلعني برا كل ما أفتح الطلبات، وكمان الموظف كان أسلوبه مو زين وسكّر بوجهي والله شي يقهر!,mobile_app,2026-09-02 06:10:35,تقني,سلبي
C231533,هلا طلبت جوال يوم السبت هذي المرة الرابعة يصير كذا التطبيق يطلعني برا كل ما أفتح الطلبات والله شي يقهر!,mobile_app,2026-09-02 07:46:15,تقني,سلبي
C650690,يا جماعة الفاتورة المرة دي غالية جداً ومش فاهم ليه، دي المرة الرابعة يحصل كده مش هتعامل معاكم تاني,payment_portal,2026-09-02 12:29:29,فوترة,سلبي
C735469,أحتاج مساعدة عاجلة من فضلكم، رقم الطلب #54366. طلبت جوال يوم الخميس. هذا غير مقبول إطلاقاً!,mobile_app,2026-09-02 13:05:24,تقني,سلبي
C988975,هل يدعم التطبيق الأجهزة القديمة؟ رقم الطلب #22682. تواصلت معكم يوم الأحد بخصوص حقيبة.,mobile_app,2026-09-02 19:59:12,تقني,محايد
C453250,جددوا لي الاشتراك بدون ما أوافق وسحبوا 150 ريال، وكمان الموظف كان أسلوبه مو زين وسكّر بوجهي، رقم الطلب #54104 والله شي يقهر!,email,2026-09-03 02:25:31,فوترة,سلبي
C623972,جددوا لي الاشتراك بدون ما أوافق وسحبوا 150 ريال ، وكمان الموظف كان أسلوبه مو زين وسكّر بوجهي ، رقم الطلب #54104 والله شي يقهر!,email,2026-09-03 05:23:31,فوترة,سلبي
C557293,لو سمحتم، وصل الطلب قبل الموعد والتغليف ممتاز، رقم الطلب #33125.,delivery_app,2026-09-03 07:00:01,توصيل,إيجابي
C602953,رقم الأوردر #71759 الحاجة وصلت مكسورة، وكمان اــــلكوبون مااشتغلش والفلوس اتسحبت كاملة,delivery_app,2026-09-03 11:32:58,توصيل,سلبي
C605314,هلا المبلغ 320 ريال الخدمة واجد سيئة والله شي يقهر!,payment_portal,2026-09-03 11:42:19,فوترة,سلبي
C185664,هل تتوفِر خدِمةَ التّوصيل فيِ نفس اليُوم؟,delivery_app,2026-09-04 04:25:46,توصيل,محايد
C437127,لو سمحتم، التطبيق يتوقف عن العــمل كلما حاولت فتح صفحة الطلبات، المبلغ الإجمالي 250 ريال. أرجو الحل بأسرع وقت.,mobile_app,2026-09-04 10:54:04,تقني,سلبي
C307155,يا جماعة دي المرة الرابعة يحصل كده كود التفعيل مش بيوصل خالص، وأيضاً الأوردر #80937 متأخر 2 أيام ولسه ماوصلش بجد حاجة تضايق!,mobile_app,2026-09-04 17:01:07,تقني,سلبي
C270954,لو سمحتم، المبلغ الإجمالي 499 ريال. طلبت جوال يوم الاثنين. كيف أفعّل التحقق بخطوتين؟,mobile_app,2026-09-04 18:46:30,تقني,محايد
C478236,لو سمحتم، متى يتم إصدار الفاتورة الشهرية؟ تواصلت معكم يوم الثلاثاء بخصوص ثلاجة.,payment_portal,2026-09-04 19:06:33,فوترة,محايد
C350515,تواصلت معكم يوم الثلاثاء بخصوص نظارة شمسية. الموظفة كانت متعاونة جداً وحلّت مشكلتي https://example.com/orders/40789,call_center,2026-09-04 19:47:58,خدمة_عملاء,إيجابي
C832269,الحساب كله 250 جنـيه طالب جوال يوم الأحد الموظف كان أسلوبه وحش وقفل السكة في وشي مش هتعامل معاكم تاني,call_center,2026-09-05 11:08:38,خدمة_عملاء,سلبي
C299324,لو سمحتو طالب مكنسة كهربائية يوم الخميس ما عم يزبط معي سجل دخول مع إنو كلمة السر صح,mobile_app,2026-09-05 11:41:00,تقني,سلبي
C646223,السلام عليكم، المندوب كان محترماً ودقيقاً في الموعد، هذه المرة الثانية التي يحدث فيها ذلك.,delivery_app,2026-09-05 13:12:32,توصيل,إيجابي
C179477,el fatora ghalia awi el marra di order #50893,payment_portal,2026-09-05 17:35:33,فوترة,سلبي
C457207,هذه المرة الرابعة التي يحدث فيها ذلك. المبلغ الإجمالي 750 ريال. تم استرجاع المبلغ بسرعة، شكراً لكم,payment_portal,2026-09-05 19:14:14,فوترة,إيجابي
C253049,لو سمحتم، كيف أفعّل التحقق بخطوتين؟,mobile_app,2026-09-05 21:37:33,تقني,محايد
C904703,شكراً لفريق الدعم الفني على حل مشكلة تسجيل الدخول، رقم الطلب #65587.,mobile_app,2026-09-06 07:20:11,تقني,إيجابي
C106756,,payment_portal,2026-09-06 12:21:53,فوترة,سلبي
C539169,السلام عليكم، وصل الطلب قبل الموعد والتغليف ممتاز، طلبت خلاط يوم الأربعاء.,delivery_app,2026-09-06 13:19:11,توصيل,إيجابي
C962990,المبلّغ الِإجمْالي 750 رياِل. الفاتوِرة واضحة ومفصلة، عمَل ممتّاز,payment_portal,2026-09-06 16:07:57,فوترة,إيجابي
C599869,السلام عليكم، كيف أغيّر رقم الجوال المرتبط بالحساب؟ هذه المرة الثانية التي يحدث فيها ذلك.,mobile_app,2026-09-07 00:53:40,تقني,محايد
C329882,كيف أغيّر رقم الجوال المرتبط بالحساب؟ تواصلت معكم يوم الأحد بخصوص حذاء رياضي. المبلغ الإجمالي 99 ريال.,mobile_app,2026-09-07 04:12:25,تقني,محايد
C977822,يا جماعة هي المرة الرابعة بتصير هيك حكيتكن يوم الخميس عن سماعات التطبيق عم يسكّر لحالو كل شوي ما رح اتعامل معكن بعد اليوم,mobile_app,2026-09-07 07:28:54,تقني,سلبي
C223480,الخدمة واجد سيئة، هذي المرة الخامسة يصير كذا الـــمبلغ 250 ريال ابي حل بسرعة,delivery_app,2026-09-07 09:53:29,توصيل,سلبي
C206772,مرحبا رقم الطلب #61883 جددولي الاشتراك بدون ما اطلب وانسحب المبلغ,payment_portal,2026-09-07 12:34:17,فوترة,سلبي
C467976,ما عم يزبط معي سجل دخول مع إنو كلمة السر صح، رقم الطلب #50778,mobile_app,2026-09-07 17:43:28,تقني,سلبي
C602090,التحديث اــلجديد ممتاز والتطبيق صار أسرع,mobile_app,2026-09-08 08:25:01,تقني,إيجابي
C564362,مرحبا تجربة ما بتنعاد، هي المرة الثالثة بتصير هيك المبلغ 499 والله شي بيقهر!,mobile_app,2026-09-08 10:00:26,تقني,سلبي
C311873,كلمتكم يوم الأحد عن جوال رقم الأوردر #46378 بعت رسايل كتير ومحدش بيرد عايز حل بسرعة,call_center,2026-09-08 11:58:33,خدمة_عملاء,سلبي
C292590,السلام عليكم طلبي #32433 متأخر 6 أيام وللحين ما وصل، المبلغ 320 ريال ما عاد أتعامل معكم,delivery_app,2026-09-08 14:19:45,توصيل,سلبي
C273790,جددولي الاشتراك بدون ما اطلب وانسحب المبلغ، رقم الطلب #54928,payment_portal,2026-09-09 03:27:04,فوترة,سلبي
C965211,جددوا لي الاشتراك بدون ما أوافق وسحبوا 320 ريال، رقم الطلب #44405 هذي المرة الخامسة يصـير كذا,payment_portal,2026-09-09 08:07:53,فوترة,سلبي
C723919,هذه المرة الثالثة التي يحدث فيها ذلك. لم يتم حل المشكلة حتى الآن أرجو الحل بأسرع وقت.,delivery_app,2026-09-09 11:54:32,توصيل,سلبي
C602178,لو سمحتم، كيف أغيّر رقم الجوال المرتبط بالحساب؟,mobile_app,2026-09-09 20:47:19,تقني,محايد
C190698,طلبت لابتوب يوم الخميس. التحديث الجديد ممتاز والتطبيق صار أسرع,mobile_app,2026-09-10 06:30:50,تقني,إيجابي
C992456,مرحبا هي المرة الثالثة بتصير هيك عندي مشكلة من مبارح وما حدا حلّها بدي حل بسرعة,call_center,2026-09-10 10:16:44,خدمة_عملاء,سلبي
C485887,مرحبا هي المرة الثالثة بتصير هيك عندي مشكلة من مبارح وما حدا حلّها بدي حل بسرعة,call_center,2026-09-10 10:16:44,خدمة_عملاء,سلبي
C452686,لو سمحت طالب شاشة يوم الثلاثاء رقم الأوردر #32032 الأبلكيشن بيقفل لوحده كل شوية,mobile_app,2026-09-10 23:36:20,تقني,سلبي
C438064,بقالي 9 أيام مستني فلوسي ترجع ومفيش حاجة، رقم الأوردر #59015,payment_portal,2026-09-11 10:19:10,فوترة,سلبي
C512593,يا جماعة الحساب كله 99 جنيه كلمتكم يوم الجمعة عن ألعاب أطفال تجربة زفت بصراحة,delivery_app,2026-09-11 11:02:09,توصيل,سلبي
C189695,بقالّيّ 9 أياِم مسِتني فلوسي ترجع وُمفُيش حاْجةَ، رقم الأوردر #59015,payment_portal,2026-09-11 13:18:10,فوترة,سلبي
C170388,ازيكم مكتوب إن الأوردر اتسلم وأنا ماستلمتش حاجة، رقم الأوردر #39412,payment_portal,2026-09-11 23:03:28,فوترة,سلبي
C335715,ازيكم مكتوب إن الأوردر اتسلم وأنا ماستلمتش حاجة، رقم الأوردر #39412,payment_portal,2026-09-11 23:03:28,فوترة,سلبي
C174463,ازيكم مكتوب إن الأوردر اتسلم وأنا ماستلمتش حاجة ، رقم الأوردر #39412,payment_portal,2026-09-11 23:17:28,فوترة,سلبي
C812300,لو سمحت تجربة زفت بصراحة، الحساب كله 250 جنيه بجد حاجة تضايق!,call_center,2026-09-12 03:21:20,خدمة_عملاء,سلبي
C941337,mesh 3aref a3mel login w el password sa7,mobile_app,2026-09-12 07:03:00,تقني,إيجابي
C194837,لو سمحتم، هذه المرة الثانية التي يحدث فيها ذلك. هل يمكن تغيير عنوان التوصيل للطلب #51980؟,delivery_app,2026-09-12 08:48:45,توصيل,محايد
C864253,لو سمحتم، الموظفة كانت متعاونة جداً وحلّت مشكلتي,call_center,2026-09-12 11:59:11,خدمة_عملاء,إيجابي
C224687,دي المرة الرابعة يحصل كده الكوبون مااشتغلش والفلوس اتسحبت كاملة,payment_portal,2026-09-12 17:15:00,فوترة,سلبي
C521343,لِسه الُمشّكلة زي ما هي، طالبَ جوال يوم الأحد كلمتكّم يوم اْلسبت عن خلاطَ بجد حاجةّ تضايق!,delivery_app,2026-09-12 17:45:00,توصيل,سلبي
C935131,مرحبا تجرـبة ما بتنعاد,payment_portal,2026-09-12 17:47:37,فوترة,سلبي
C362156,بعد التحديث الجديد التطبيق خربان، طلبت قهوة يوم الأحد كلمتكم يوم الثلاثاء عن جوال ما عاد أتعامل معكم,mobile_app,2026-09-12 22:28:53,تقني,سلبي
C206471,طالب شاشة يوم الجمعة بقالي 7 أيام مستني فلوسي ترجع ومفيش حاجة عايز حل بسرعة,payment_portal,2026-09-13 04:56:41,فوترة,سلبي
C974355,للحين المشكلة ما انحلت، كلمتكم يوم الأربعاء عن جوال ما عاد أتعامل معكم,mobile_app,2026-09-13 07:36:23,تقني,سلبي
C704186,ازيكم كود التفعيل مش بيوصل خالص، دي المرة الثانية يحصل كده,mobile_app,2026-09-13 09:18:20,تقني,سلبي
C123038,لو سمحتم، رقم الطلب #99770. تواصلت معكم يوم الاثنين بخصوص ثلاجة. كيف أغيّر رقم الجوال اـــلمرتبط بالحساب؟,twitter,2026-09-13 16:45:29,تقني,محايد
C826587,ودي تضيفون خيار الدفع عند الاستلام، كلمتكم يوم الجمعة عن كرسي مكتب طلبت حقيبة يوم الاثنين والله شي يقهر!,web_form,2026-09-13 19:29:34,أخرى,سلبي
C120298,كْلمتُكَم يّوُم الأُربعاء عن عطر تجرْبُة ما تنعاد مِا عّاد أتعـامل معكم,mobile_app,2026-09-14 03:41:05,تقني,سلبي
C183073,ازيكم فضلت مستني على التليفون ساعة ومحدش رد,call_center,2026-09-14 10:40:47,خدمة_عملاء,سلبي
C236872,لو سمحتم، متى يتم إصدار الفاتورة الشهرية؟,payment_portal,2026-09-14 13:59:22,فوترة,محايد
C492647,السلام عليكم هذي المرة الرابعة يصير كذا طلبت ثلاجة يوم الخميس التطبيق يطلعني برا كل ما أفتح الطلبات,mobile_app,2026-09-14 14:03:38,تقني,سلبي
C775194,لو سمحتم، وصل الطلب قبل الموعد والتغليف ممتاز، تواصلت معكم يوم الثلاثاء بخصوص لابتوب. المبلغ الإجمالي 150 ريال.,delivery_app,2026-09-14 14:24:11,توصيل,إيجابي
C820924,ازيكم يارـــيت تضيفوا الدفع عند الاستلام بجد حاجة تضايق!,mobile_app,2026-09-14 16:09:42,تقني,سلبي
C886496,التحديث الجديد ممتاز والتطبـيق صار أسرع، المبلغ الإجمالي 750 ريال.,mobile_app,2026-09-14 16:43:49,تقني,إيجابي
C882400,هلا كلمتكم يوم الاثنين عن خلاط الفاتورة هالشهر واجد غالية وما أدري ليش والله شي يقهر!,email,2026-09-14 19:36:50,فوترة,سلبي
C424949,هل يوجد رقم مباشر للتواصل مع مشرف؟,call_center,2026-09-15 03:41:49,خدمة_عملاء,محايد
C353707,هل يدعم التطبـيق الأجهزة القديمة؟,mobile_app,2026-09-15 09:19:55,تقني,محايد
C432007,بعت رسايل كتير ومحدش بيرد، وفوق هذا مش عارف أعمل لوجين والباسورد صح، رقم الأوردر #77005 https://example.com/orders/16648,call_center,2026-09-15 14:13:46,خدمة_عملاء,سلبي
C805830,el fatora ghalia awi el marra di order #87086,payment_portal,2026-09-15 18:24:36,فوترة,محايد
C152580,يا جماعة طالب ساعة ذكية يوم الأربعاء رقم الطلب #40934 بدي احكي مع حدا مسؤول بدي حل بسرعة رقمي 0525303684,mobile_app,2026-09-15 20:42:46,تقني,سلبي
C369224,طلبت ثلاجة يوم الخميس. المبلغ الإجمالي 199 ريال. الموظفة كانت متعاونة جداً وحلّت مشكلتي,call_center,2026-09-16 03:20:33,خدمة_عملاء,إيجابي
C181132,تواصلت معكم يوم الأحد بخصوص كتب. طلبت جوال يوم الثلاثاء. كيف أغيّر رقم الجوال المرتبط بالحساب؟,mobile_app,2026-09-16 08:45:03,تقني,محايد
C424741,هذه المرة الثالثة التي يحدث فيها ذلك. أريد التحدث مع مسؤول بخصوص طلبي,mobile_app,2026-09-16 10:29:26,تقني,سلبي
C860220,طلبت استرجاع المبلغ منذ 13 أيام ولم يصلني شيء حتى الآن، تواصلت معكم يوم اــلاثنين بخصوص جوال.,payment_portal,2026-09-16 12:24:34,فوترة,سلبي
C683147,السلام عليكم، رقم الطلب #46665. تجربتي معكم كانت مخيبة للآمال,mobile_app,2026-09-16 14:42:04,تقني,سلبي
C790906,الأبلكيشن بيقفل لوحده كل شوية، دي المرة الخامسة يحصل كده رقم الأوردر #72485 عايز حل بسرعة,payment_portal,2026-09-16 19:05:49,فوترة,سلبي
C180454,كيف أتتبع الشحنة رقم #44452؟ هذه المرة الخامسة التي يحدث فيها ذلك. رقمي 0517423236,delivery_app,2026-09-17 05:49:29,توصيل,محايد
C344748,يا جماعة دي المرة الثانية يحصل كده عايز أمسح الأكونت بتاعي خالص، وأيضاً المندـــوب ماكلمنيش ورجّع الشحنة,web_form,2026-09-17 08:33:19,أخرى,سلبي
C841582,مرحباً، هذه المرة الرابعة التي يحدث فيها ذلك. شكراً على سرعة الرد والتعامل الراقي,call_center,2026-09-17 10:04:47,خدمة_عملاء,إيجابي
C775302,الحساب كله 320 جنيه الموظف كان أسلوبه وحش وقفل السكة في وشي مش هتعامل معاكم تاني,call_center,2026-09-17 10:22:14,خدمة_عملاء,سلبي
C724269,يا جماعة دي المرة الثانية يحصل كده فضلت مستني على التليفون ســـاعة ومحدش رد عايز حل بسرعة,call_center,2026-09-17 11:26:43,خدمة_عملاء,سلبي
C481368,يا جماعة دي المرة الثانية يحصل كده فضلت مستني على التليفون ســـاعة ومحدش رد عايز حل بسرعة,call_center,2026-09-17 11:26:43,خدمة_عملاء,سلبي
C341360,مرحباً، المبلغ الإجمالي 750 ريال. هل تتوفر خدمة التوصيل في نفس اليوم؟,delivery_app,2026-09-17 14:57:29,توصيل,محايد
C102678,ما أقدر أسجل دخول والباسوورد صحيح، رقم الطلب #24130 ابي حل بسرعة رقمي 0587520871,mobile_app,2026-09-17 15:19:31,تقني,سلبي
C590489,المبلغ الإجمالي 99 ريال. طلبت حقيبة يوم الأربعاء. انتظرت على الخط أكثر من ساعة دون أن يرد أحد سأضطر لإلغاء الاشتراك إن لم تُحل المشكلة.,call_center,2026-09-17 19:45:45,خدمة_عملاء,سلبي
C482944,..؟,payment_portal,2026-09-17 21:43:24,فوترة,سلبي
C579144,جددوَلي اّلاشّتراك بُدوْن ما اْطُلب وانسحب الَمبلغُ، وْأيضاً رمزَ التحققْ مّا عم يوصلني، الُمبلغْ 150,payment_portal,2026-09-18 08:27:14,فوترة,سلبي
C122044,جددوَلي اّلاشّتراك بُدوْن ما اْطُلب وانسحب الَمبلغُ، وْأيضاً رمزَ التحققْ مّا عم يوصلني، الُمبلغْ 150,payment_portal,2026-09-18 08:27:14,فوترة,سلبي
C122718,ازيكم المندوب ماكلمنيش ورجّع الشحنة، دي المرة الرابعة يحصل كده رقم الأوردر #79278,delivery_app,2026-09-18 13:27:12,توصيل,سلبي
C459688,طالب سماعات يوم الأحد من بعد التحديث الجديد التطبيق ما عم يشتغل ما رح اتعامل معكن بعد اليوم,web_form,2026-09-18 13:34:17,أخرى,سلبي
C726587,هلا راسلتكم أكثر من مرة ومحد رد علي، كلمتكم يوم الخميس عن خلاط ما عاد أتعامل معكم,email,2026-09-18 16:01:39,خدمة_عملاء,سلبي
C274117,مرحباًّ، تواصلت معكم يوم الّأربْعاء بُخَصوص طْاّبَعِة. طلبتَ ساعة ذُكَية يوم الَخميس. هل لدـــُـيكم برنامج ولاء أو نقاّط؟,web_form,2026-09-18 16:32:55,أخرى,محايد
C831302,رقم الطلب #61981 بعد التحديث الجديد التطبيق خربان,mobile_app,2026-09-19 03:46:30,تقني,سلبي
C238968,رقم الأوردر #65215 عايز أكلم حد مسؤول مش هتعامل معاكم تاني,payment_portal,2026-09-19 04:20:15,فوترة,سلبي
C354929,تواصلت معكم يوم الأربعاء بخصوص قهوة. رمز التحقق لا يصل إلى هاتفي أرجو الحل بأسرع وقت.,delivery_app,2026-09-19 04:54:39,توصيل,سلبي
C464615,تواصلت  معكم يوم الأربعاء بخصوص قهوة. رمز التحقق لا يصل إلى هاتفي أرجو الحل بأسرع وقت.,delivery_app,2026-09-19 07:21:39,توصيل,سلبي
C280835,تواصلت معكم يوم الخميس بخصوص كرسي مكتب. شكراً لفريق الدعم الفني على حل مشكلة تسجيل الدخول,mobile_app,2026-09-19 09:33:26,تقني,إيجابي
C463069,التطبيق عم يسكّر لحالو كل شوي ما رح اتعامل معكن بعد اليوم,mobile_app,2026-09-19 09:44:38,تقني,سلبي
C553833,هذي المرة الثانية يصـــير كذا عندي مشكلة من أمس ومحد حلها,mobile_app,2026-09-19 14:39:36,تقني,سلبي
C970109,السلام عليكم كود التحقق ما يوصلني ابي حل بسرعة,mobile_app,2026-09-19 18:06:01,تقني,سلبي
C985112,اْلسلاِم عليّكم كودُ التحققِ مّا يوصلُنيَ ابْي حل بسِرَعة,mobile_app,2026-09-19 19:54:01,تقني,سلبي
C119364,رقم الطلب #17994 كلمتكم يوم الاثنين عن جوال أبي أكلم مسؤول لو سمحتوا والله شي يقهر!,mobile_app,2026-09-19 20:58:30,تقني,سلبي
C993661,لو سمحتو طالب ساعة ذكية يوم الثلاثاء هي المرة الثانية بتصير هيك لسا المشكلة متل ما هي ما رح اتعامل معكن بعد اليوم,delivery_app,2026-09-19 23:16:28,توصيل,سلبي
C396403,لو سمحتو هي المرة الثانية بتصير هيك رقم الطلب #60140 رمز التحقق ما عم يوصلني بدي حل بسرعة,mobile_app,2026-09-19 23:38:05,تقني,سلبي
C778971,التطبيق عم يسكّر لحالو كل شوي، رقم الطلب #32839 ما رح اتعامل معكن بعد اليوم,mobile_app,2026-09-20 06:05:59,تقني,سلبي
C790055,مرحبا الخدمة كتير سيئة، حكيتكن يوم الأربعاء عن مكنسة كهربائية هي المرة الثالثة بتصير هيك,mobile_app,2026-09-20 07:04:51,تقني,سلبي
C958627,يا جماعة الْتطبيق عم يسكّرَ لحالو كْل شويُ، حكيتْكَنَ يوم السبت عن أْلُعاب أَطفال,mobile_app,2026-09-20 07:45:10,تقني,سلبي
C396704,mesh 3aref a3mel login w el password sa7 order #97527,mobile_app,2026-09-20 13:23:09,تقني,سلبي
C524768,رقم الأوردر #45082 الكوبون مااشتغلش والفلوس اتسحبت كاملة,payment_portal,2026-09-20 16:10:01,فوترة,سلبي
C976586,مرحباً، تواصلت معكم يوم الأربعاء بخصوص ألعاب أطفال. هل يدعم التطبيق الأجهزة القديمة؟,mobile_app,2026-09-20 16:38:44,تقني,محايد
C789218,التطبيق عم يسكّر لحالو كل شوي، طالب حذاء رياضي يوم الأحد رقم الطلب #19697,mobile_app,2026-09-20 17:54:03,تقني,سلبي
C742088,رمز التحقق ما عم يوصلني بدي حل بسرعة,mobile_app,2026-09-20 18:39:07,تقني,سلبي
C307768,رقم الأوردر #45082 اَلكوِبون ماّاِشتغلُش والِفلوس اتَسحبت كاّملةْ,payment_portal,2026-09-20 19:09:01,فوترة,سلبي
C504767,الحساب كله 320 جنيه دي المرة الخامسة يحصل كده المندوب ماكلمنيش ورجّع الشحنة بجد حاجة تضايق!,delivery_app,2026-09-20 19:55:45,توصيل,سلبي
C436033,!!!!,mobile_app,2026-09-20 20:31:12,تقني,محايد
C976191,يا جماعة الموظف كان أسلوبه مو زين وسكّر بوجهي، كلمتكم يوم الأحد عن طابعة والله شي يقهر!,call_center,2026-09-21 05:48:01,خدمة_عملاء,سلبي
C800753,السلام عليكم، تواصلت معكم يوم الاثنين بخصوص ساعة ذكية. المبلغ الإجمالي 250 ريال. كيف أغيّر طريقة الدفع المسجلة في حسابي؟,payment_portal,2026-09-21 09:17:04,فوترة,محايد
C593191,رقم الطلب #76828. كيف أفعّل التحقق بخطوتين؟,mobile_app,2026-09-21 09:58:37,تقني,محايد
C956052,ما أقدر أسجل دخول والباسوورد صحيح، رقم الطلب #67679 كلمتكم يوم الخميس عن ساعة ذكية,mobile_app,2026-09-21 10:51:11,تقني,سلبي
C873670,جددوا لي الاشتراك بدون ما أوافق وسحبوا 750 ريال، طلبت ساعة ذكية يوم الأربعاء,payment_portal,2026-09-21 20:48:48,فوترة,سلبي
C845136,السلام عليكم أبي أكلم مسؤول لو سمحتوا، المبلغ 49 ريال,mobile_app,2026-09-21 21:24:22,تقني,سلبي
C231359,الطلب وصل ناقص غرض ابي حل بسرعة,delivery_app,2026-09-21 22:09:35,توصيل,سلبي
C377589,يا جماعة من ساعة التحديث الجديد والأبلكيشن واقع، الحساب كله 499 جنيه بجد حاجة تضايق!,mobile_app,2026-09-21 22:11:48,تقني,سلبي
C863634,طـلبت شاشة يوم الخميس. التحديث الجديد ممتاز والتطبيق صار أسرع,mobile_app,2026-09-21 22:25:54,تقني,إيجابي
C844821,يا جمْاعة رمز التَحّققِ ما عم يوصلُنْيِ، هي المرة الثالثة بتصير هْيك واُلله شي بْيقهر!,mobile_app,2026-09-21 23:57:08,تقني,سلبي
C277053,مرحباًّ، كيف أغيُّر رقُم الَجوال الُمرتبط باُلحسّابَ؟,mobile_app,2026-09-22 00:24:46,تقني,محايد
C370466,طلبت شاشة يوم الجمعة. موظف خدمة العملاء كان غير متعاون وأغلق المكالمة,call_center,2026-09-22 04:42:18,خدمة_عملاء,سلبي
C922569,يا جماعة تجربة ما تنعاد، رقم الطلب #98818 طلبت ألعاب أطفال يوم السبت ابي حل بسرعة رقمي 0545890800,mobile_app,2026-09-22 05:13:05,تقني,سلبي
C877951,السلام عليكم، المبلغ الإجمالي 49 ريال. رقم الطلب #52428. هل يدعم التطبيق الأجهزة القديمة؟,mobile_app,2026-09-22 15:22:30,تقني,محايد
C349258,السلام عليكم، المبلغ الإجمالي 49 ريال. رقم الطلب #52428. هل يدعم التطبيق الأجهزة القديمة؟,mobile_app,2026-09-22 15:22:30,تقني,محايد
C383247,هذه المرة الثانية التي يحدث فيها ذلك. الفاتورة واضحة ومفصلة، عمل ممتاز,payment_portal,2026-09-23 03:52:49,فوترة,إيجابي
C978097,رقم الطلب #37893 بعِد التحديث الجديد اَلتطبيق خرباُنِ,mobile_app,2026-09-23 05:52:49,تقني,سلبي
C840999,حكيتكن يوم الثلاثاء عن ثلاجة طالب نظارة شمسية يوم الأربعاء الخدمة كتير سيئة,call_center,2026-09-23 15:00:57,خدمة_عملاء,سلبي
C998120,اُلمنُدوبْ كان محترماً ودقيقاً فّي اُلُموعدَ، طلِبت جوال يوم الأحد. رـْـُقمِي 0596231109,delivery_app,2026-09-23 23:10:07,توصيل,إيجابي
C265800,الحساب كله 320 جنيه رقم الأوردر #18021 لسه المشكلة زي ما هي,web_form,2026-09-24 06:22:56,توصيل,سلبي
C678819,يا جماعة طالب حقيبة يوم الخميس التطبيق عم يسكّر لحالو كل شوي,mobile_app,2026-09-24 10:27:40,تقني,سلبي
C890853,لسا المـــشكلة متل ما هي بدي حل بسرعة,web_form,2026-09-24 12:30:10,أخرى,سلبي
C793148,لو سمحتم، هل يمكن تغيير عنوان التوصيل للطلب #82119؟ المبلغ الإجمالي 320 ريال. رقم الطلب #95247.,whatsapp,2026-09-24 12:48:39,توصيل,محايد
C476393,هذي المرة الرابعة يصـير كذا الموظف كان أسلوبه مو زين وسكّر بوجهي ابي حل بسرعة,twitter,2026-09-24 19:40:09,خدمة_عملاء,سلبي
C747775,مرحبا طالب شاحنَ يوم الجمُعة الُمبلغ 150 عندِي مّشكلة من مبارْح وما حداّ حلّها,mobile_app,2026-09-24 19:57:51,تقني,سلبي
C394743,هلا من 6 أيام طالب استرجاع فلوسي وللحين ما وصلت، المبلغ 320 ريال والله شي يقهر!,payment_portal,2026-09-24 20:23:56,فوترة,سلبي
C888870,ما هي ساعات عمل خدمة العملاء؟ المبلغ الإجمالي 49 ريال.,call_center,2026-09-24 20:25:23,خدمة_عملاء,محايد
C867998,يا جماعة دي المرة الِثانُيةَ يحْصل كدَه الأْبلكيشنَ بُيقفَل لّوحدَه كل شوية مش هتعامُل معاكَم تاني رقمي 0536795548,mobile_app,2026-09-24 22:36:55,تقني,سلبي
C251857,مرحباًْ، الخدمة سيئة جداً وِلنُ أتعامل معكم مرة أخرىَ، طلبت سماعات يُومِ الجمعة.,payment_portal,2026-09-25 09:53:09,فوترة,سلبي
C158014,دي المرة الثانية يحصل كده الموظف كان أسلوبه وحش وقفل السكة في وشي مش هتعامل معاكم تاني,call_center,2026-09-25 10:41:44,خدمة_عملاء,سلبي
C398243,يا جماعة الموظف كان أسلوبه وحش وقفل السكة في وشي، طالب جوال يوم السبت,call_center,2026-09-25 15:37:17,خدمة_عملاء,سلبي
C487999,المندوب ماكلمنيش ورجّع الشحنة، وكمان مش عارف أعمل لوجين والباسورد صح، رقم الأوردر #14986 عايز حل بسرعة,delivery_app,2026-09-25 16:49:44,توصيل,سلبي
C257364,تواصلت معكم يوم الأحد بخصوص حذاء رياضي. رقم الطلب #87784. كيف أتتبع الشحنة رقم #40415؟,delivery_app,2026-09-25 22:45:30,توصيل,محايد
C132102,اّلطِلِب وصل ناقص غرض، المبلّغ 250 ريال,payment_portal,2026-09-25 22:50:52,فوترة,سلبي
C433423,طلبي #93665 متأخر 2 أيام وللحين ما وصل، وفوق هذا جددوا لي الاشتراك بدون ما أوافق وسحبوا 150 ريال، طلبت مكنسة كهربائية يوم السبت المبلغ 199 ريال,delivery_app,2026-09-26 01:55:55,توصيل,سلبي
C170323,هلا ودي تضيفون خيار الدفع عند الاستلام,web_form,2026-09-26 04:44:53,أخرى,سلبي
C825507,كيف أغيّر رقم الجوال المرتبط بالحساب؟ هذه المرة الثانية التي يحدث فيها ذلك. تواصلت معكم يوم الأربعاء بخصوص حقيبة.,mobile_app,2026-09-26 05:15:10,تقني,محايد
C472957,طلبت ألعاب أطفال يوم الجمعة. كيف أفعّل التحقق بخطوتين؟,mobile_app,2026-09-26 08:18:41,تقني,محايد
C806844,لو سمحتم، المبلغ الإجمالي 320 ريال. رقم الطلب #99366. رمز التحقق لا يصل إلى هاتفي,mobile_app,2026-09-26 08:42:55,تقني,سلبي
C409973,طالب سماعات يوم الاثنين لسه المشكلة زي ما هي,mobile_app,2026-09-26 10:19:01,تقني,سلبي
C273310, لو سمحتم، المبلغ الإجمالي 320 ريال. رقم الطلب #99366. رمز التحقق لا يصل إلى هاتفي ,mobile_app,2026-09-26 11:32:55,تقني,سلبي
C191420,...,mobile_app,2026-09-26 11:40:04,تقني,سلبي
C610484,مرحباً، الفاتورة الأخيرة أعلى بكثير من المعتاد دون أي توضيح، هذه المرة الرابعة التي يحدث فيها ذلك. تواصلت معكم يوم الأربعاء بخصوص سماعات. سأضطر لإلغاء الاشتراك إن لم تُحل المشكلة. رقمي 0522237670,payment_portal,2026-09-26 18:12:29,فوترة,سلبي
C333058,هلا الخدمة واجد سيئة، طلبت ساعة ذكية يوم الاثنين رقم الطلب #90785,delivery_app,2026-09-26 20:21:51,تقني,سلبي
C708114,اتخصم مني 499 جنيه مرتين على نفس الأوردر، رقم الأوردر #38564 طالب عطر يوم الخميس,payment_portal,2026-09-27 03:53:59,فوترة,سلبي
C827087,الفاتورة المرة دي غالية جداً ومش فاهم ليه، كلمتكم يوم السبت عن خلاط,payment_portal,2026-09-27 09:00:22,فوترة,سلبي
C693259,شُكراًّ لّفريق الدَعم الفني علَى حل مشكلة تسِجيِل الْدخول، تواصلت مِعكّم يوم الجمعَة بخصوص ثلاِجة.,mobile_app,2026-09-27 09:59:56,تقني,إيجابي
C571767,الموَظف كان أّسلوبَه مو زين وسكِّر بَوجهِي، طلبُت كرسي مّكتب يوم اِلأربعاء,call_center,2026-09-27 11:56:03,خدمة_عملاء,سلبي
C353829,لو سمحت دي المرة الثانية يحصل كده كلمتكم يوم الأربعاء عن سماعات الكوبون مااشتغلش والفلوس اتسحبت كاملة,payment_portal,2026-09-27 20:08:46,فوترة,سلبي
C888235, ,payment_portal,2026-09-28 03:34:48,فوترة,سلبي
C700616,حكيتكن يوم الجمعة عن طابعة جددولي الاشتراك بدون ما اطلب وانسحب المبلغ والله شي بيقهر!,payment_portal,2026-09-28 13:55:59,فوترة,سلبي
C456342,طالب جوال يوم الثلاثاء الغرض وصل مكسور,delivery_app,2026-09-28 15:36:49,توصيل,سلبي
C859962,كلمتكم يوم اـلأربعاء عن لابتوب طلبت جوال يوم الأحد الموظف كان أسلوبه مو زين وسكّر بوجهي والله شي يقهر!,payment_portal,2026-09-28 18:32:34,فوترة,سلبي
C474611,لو سمحت كلمتكم يوم السبت عن عطر الأبلكيشن بيقفل لوحده كل شوية,mobile_app,2026-09-28 20:11:06,تقني,سلبي
C451317,السلام عليكم، وصل الطلب قبل الموعد والتغليف ممتاز، رقم الطلب #95915.,delivery_app,2026-09-28 23:23:07,توصيل,إيجابي
C817218,الفاتورة المرة دي غالية جداً ومش فاهم ليه، دي المرة الرابعة يحصل كده طالب خلاط يوم الخميس,payment_portal,2026-09-29 01:43:44,فوترة,سلبي
C654531,هل يدعم التطبيق الأجهزة القديمة؟ طلبت نظارة شمسية يوم الاثنين.,mobile_app,2026-09-29 07:33:02,تقني,محايد
C350805,كيف أفعّل التحقق بخطوتين؟ رقم الطلب #94948. طلبت شاشة يوم الأربعاء.,mobile_app,2026-09-29 14:31:18,تقني,محايد
C862287,لاّ أّستطيع تسجيل الدخَوُل إّلى حسابي رغم إدخال كلمةُ المرور الصحيحةّ، تواصَلت معكَم يوم الِجمعة بِخصوص كتب. هذه المرة اَلخامِسَة التي يُحدث فِيهاُ ذلكْ.,mobile_app,2026-09-29 18:49:52,تقني,سلبي
C173221,هلا المبلغ 150 ريال الطلب وصل ناقص غرض,delivery_app,2026-09-29 21:17:56,توصيل,سلبي
C114411,التحديث الجديد ممتاز والتطبيق صار أسرع، طلبت سماعات يوم الأحد. رقم الطلب #22686.,mobile_app,2026-09-30 05:35:58,تقني,إيجابي
C836075,طـــالب سمّاعات يوم الأّربعاء التِطبيق عم يسكّر لحالو كل شوي وُاللهُ شي بيقُهر!,mobile_app,2026-09-30 14:08:59,تقني,سلبي
C859806,الحساب كله 49 جنيه مكتوب إن الأوردر اتسلم وأنا ماستلمتش حاجة,delivery_app,2026-09-30 21:35:23,توصيل,سلبي
C739904,الموقع بطيء جداً وتظهر رسالة خطأ عند الدفع سأضطر لإلغاء الاشتراك إن لم تُحل المشكلة.,mobile_app,2026-09-30 22:14:23,تقني,سلبي
