text,label
أرِيدَ أن أشُتِكي: فيهِ خدوّش وُاضّحة واِلُمّنّتج مسَتعملِ كماَن اّلمبّلَغ الِمسترد لُمِ يصل إلَىَ حَسابِيُ أنتظر ردكم,جودة المنتج
بعد إذنكم المنتج وصل معطوب ولا يعمل غير راضي عن الخدمة,الحساب والتطبيق
بعد إذنكم طلب الاستبدال ينتظر الموافقة منذ أيام غير راضي عن الخدمة,الاسترجاع والاستبدال
طلب رقم 61098 أريِدُ أن أشتكي: ما وِصلتنيَ فِاَتَوُرة ضرّيّبيةِ رغُم اّلطُلَبّ أرجّوُ الحّلّ بَسرَعّة,الفوترة والدفع
بعد إذنكم وصلني الطلب لعنوان خاطئ رغم أني كتبت العنوان صح,التوصيل
أريد أن أشتكي: المنتج لا يطابق الوصف في الموقع غير راضي عن الخدمة https://t.co/xyz,جودة المنتج
يا جماعة شركة الشحن تقول سلمنا الطلب وأنا ما استلمت شي هذا غير مقبول 😤,التوصيل
بعد إذنكم السعر في الفاتورة يختلف عن السعر المعلن غير راضي عن الخدمة,الفوترة والدفع
بعد إذنكم المقاس غير مطابق والجودة سيئة,جودة المنتج
مرحبا السعر في الفاتورة يختلف عن السعر المعلن شكرا order #9978,الفوترة والدفع
طلبت استبدال المنتج ولم يتم حتى الآن أرجو الحل بسرعة,الاسترجاع والاستبدال
مرحبا تم إغلاق حسابي بدون أي سبب أرجو الحل بسرعة,الحساب والتطبيق
مندوب التوصيل لا يرد على الاتصال ويرجع الطلب غير راضي عن الخدمة,التوصيل
أريد أن أشتكي: لم يحل أحد مشكلتي وكل مرة يحولوني لقسم ثاني ومن جهة ثانية كود الخصم لم يعمل عند الدفع,خدمة العملاء
مرحبا الطلب تأخر عن الموعد المحدد بأكثر من أسبوع,التوصيل
أريد أن أشتكي: طلبت استبدال المنتج ولم يتم حتى الآن,الاسترجاع والاستبدال
يا جماعة البطارية تنفد بسرعة والمنتج ضعيف غير راضي عن الخدمة ؟؟؟,جودة المنتج
للأسف الخامة رديئة جدا ولا تشبه الصور هذا غير مقبول,جودة المنتج
المنتج لا يطابق الوصف في الموقع أرجو الحل بسرعة,جودة المنتج
رفضوا استرجاع المنتج رغم أنه ضمن المدة وأيضا ااالفاتورة تحتوي على رسوم لم أوافق عليها,الاسترجاع والاستبدال
فيه خدوش واضحة والمنتج مستعمل كمان الفاتورة تحتوي على رسوم لم أوافق عليها,جودة المنتج
مرحبا وش سبب تأخير التوصيل كل مرة,التوصيل
مرحبا لا أستطيع تغيير رقم الجوال في الملف الشخصي أنتظر ردكم,الحساب والتطبيق
بعدُ إِذُنّكم فِيه خَدُوش واَضُحة وَالمنتج مستّعملُ,جودة المنتج
أريد أن أشتكي: الجهاز توقف عن العمل بعد يومين فقط شكرا,جودة المنتج
السلام عليكم، نسيت كلمة المرور ولم تصلني رسالة التحقق وأيضا يطلبون مني دفع رسوم شحن للإرجاع شكرا,الحساب والتطبيق
طلب رقم 97887 موظف خدمة العملاء كان غير محترم في الرد !!!,خدمة العملاء
الَمَبلَغ اَلمسُترّدِ لّمُ يصل إلَى حسابيّ كمان لُا أستطيُع تغيير رقّم اُلُجوالُ في الملُف الشّخصي,الاسترجاع والاستبدال
السلام عليكم، طلبت استبدال المنتج ولم يتم حتى الآن هذا غير مقبول,الاسترجاع والاستبدال
تِمّ إغلاق حسُابي بدُون أّي سّبب أرجو الحِلَ بسرعة,الحساب والتطبيق
للأسف شّرِكة اُلشحُن تقولُ سُلُمَنا الَطَلب وأنّا ما استّلمت شّيُ,التوصيل
للأسف رد الدعم آلي ولا يفهم مشكلتي غير راضي عن الخدمة,خدمة العملاء
السلام عليكم، لم تصلني الشحنة حتى الآن وتتبع الطلب لا يتحدث,التوصيل
أريد أن أشتكي: طلب الاستبدال ينتظر الموافقة منذ أيام,الاسترجاع والاستبدال
رد الدعم آلي ولا يفهم مشكلتي ومن جهة ثانية التطبيق يتوقف باستمرار ويغلق لوحده شكرا,خدمة العملاء
شركة الشحن تقول سلمنا الطلب وأنا ما استلمت شي,التوصيل
مرحبا الطلبـــ تأخر عن الموعد المحدد بأكثر من أسبوع أنتظر ردكم,التوصيل
أريد أن أشتكي: الخامة رديئة جدا ولا تشبه الصور,جودة المنتج
الطرد وصل مفتوح وممزق من الخارج أرجو الحل بسرعة,التوصيل
أريد أن أشتكي: الطرد وصل مفتوح وممزق من الخارج هذا غير مقبول,التوصيل
مرحبا الطرد وصل مفتوح وممزق من الخارج ومن جهة ثانية عملية الدفع فشلت والمبلغ انسحب من حسابي أنتظر ردكم,التوصيل
طلب رقم 37929 يا جماعة المنتج لا يطابق الوصف في الموقعـــ,جودة المنتج
أريد أن أشتكي: انتظرت على الخط نصف ساعة بدون فائدة أنتظر ردكم,خدمة العملاء
يا جماعة الفاتورة تحتوي على رسوم لم أوافق عليها أرجو الحل بسرعة,الفوترة والدفع
السلام عليكم، فيه خدوش واضحة والمنتج مستعمل غير راضي عن الخدمة,جودة المنتج
يا جماعة الفاتورة تحتوي على رسوم لم أوافق عليها وفوق هذا بعد التحديث الأخير اختفت بيانات حسابي,الفوترة والدفع
وصلني الطلب لعنوان خاطئ رغم أني كتبت العنوان صح أرجو الحل بسرعة,التوصيل
أريد أن أشتكي: المنتج لا يطابق الوصف في الموقع أرجو الحل بسرعة,جودة المنتج
السلام عليكم، لم يحل أحد مشكلتي وكل مرة يحولوني لقسم ثاني,خدمة العملاء
السلام عليكم، تم خصم المبلغ مرتين من بطاقتي وفوق هذا لم يحل أحد مشكلتي وكل مرة يحولوني لقسم ثاني أرجو الحل بسرعة,الفوترة والدفع
مُرحبِا اَلدعمَ الِفني وعَدُني بمكالمة ولَمّ يُتصل وأّيّضَا عمليّة الدفّع فشِلِت والّمبُلغ انسحب منّ حُساِبَي هذِا غيَر مقبولّ,خدمة العملاء
أريد أن أشتكي: لم تصلني الشحنة حتى الآن وتتبع الطلب لا يتحدث شكرا,التوصيل
مندوب التوصيل لا يرد على الاتصال ويرجع الطلب,التوصيل
البطارية تنفد بسرعة والمنتج ضعيف ومن جهة ثانية انتظرت على الخط نصف ساعة بدون فائدة أرجو الحل بسرعة,جودة المنتج
طلب رقم 20498 أريد أن أشتكي: مندوب التوصيل لا يرد على الاتصال ويرجع الطلب ومن جهة ثانية فيه خدوش واضحة والمنتج مستعمل هذا غير مقبول,التوصيل
للأُسف الجهازُ توقف عّنِ العمّل بعدُ يومين فقط هذا غُير مقِبوَلَ,جودة المنتج
السعر في الفاتورة يختلف عن السعر المعلن وفوق هذا الخامة رديئة جدا ولا تشبه الصور,الفوترة والدفع
لا أستطيع تسجيل الدخول إلى حسابي,الحساب والتطبيق 
بعد إذنكم لا أستطيع تغيير رقم الجوال في الملف الشخصي وأيضا طلبت استبدال المنتج ولم يتم حتى الآن,الحساب والتطبيق
يا جماعة نسيت كلمة المرور ولم تصلني رسالة التحقق هذا غيرـــ مقبول,الحساب والتطبيق
طلب رقم 77070 تم سحب اشتراك شهري بدون علمي أرجو الحل بسرعة,الفوترة والدفع
يا جماعة مندوب التوصيل لا يرد على الاتصال ويرجع الطلب أنتظر ردكم,التوصيل
المنتج وصل معطوب ولا يعمل هذا غير مقبول,جودة المنتج
مرحبا شركة الشحن تقول سلمنا الطلب وأنا ما استلمت شي غير راضي عن الخدمة,التوصيل
طلب رقم 43460 السلام عليكم، لم تصلني الشحنة حتى الآن وتتبع الطلب لا يتحدث,التوصيل
أريد أن أشتكي: انتظرت على الخط نصف ساعة بدون فائدة هذا غير مقبول,خدمة العملاء
للأسف الموقع بطيء جدا ولا يفتح صفحة الدفع شكرا,الحساب والتطبيق
بعد إذنكم شركة الشحن تقول سلمنا الطلب وأنا ما استلمت شيـــ,التوصيل
مرحبا شركة الشحن تقول سلمنا الطلب وأنا ما استلمت شي شكرا order #9167,التوصيل
بعد إذنكم تم سحب اشتراك شهري بدون علمي شكرا,الفوترة والدفع
أريد أن أشتكي: الطلب تأخر عن الموعد المحدد بأكثر من أسبوع ومن جهة ثانية طلب الاستبدال ينتظر الموافقة منذ أيام هذا غير مقبول,التوصيل
أريد أن أشتكي: التطبيق يتوقف باستمرار ويغلق لوحده غير راضي عن الخدمة,الحساب والتطبيق
تم إغلاق حسابي بدون أي سبب أرجو الحل بسرعة,الحساب والتطبيق
أريد أن أشتكي: الطلب تأخر عن الموعد المحدد بأكثر من أسبوع أنتظر ردكم,التوصيل
السلام عليكم، فيه خدوش واضحة والمنتج مستعمل أرجو الحل بسرعة,جودة المنتج
أريد أن أشتكي: فيه خدوش واضحة والمنتج مستعمل,جودة المنتج
أريد أن أشتكي: لم يحل أحد مشكلتي وكل مرة يحولوني لقسم ثاني هذا غير مقبول,خدمة العملاء
بعد إذنكم البطارية تنفد بسرعة والمنتج ضعيف,التوصيل
المنتج وصل معطوب ولا يعمل أرجو الحل بسرعة,جودة المنتج
يا جماّعة موظُفُ خدمة اُلعمّلّاَء كاَن غيّر محَترم في الردُ شكرا,خدمة العملاء
الَطرد وصل مفَتوحّ وُممّزقَ من اّلخارج وُمنّ جهة ثانيةَ طلبَتَ اسِتبدال الّمنتِج ولمُ يتم حتىَ اّلَآن أنتظر ردكم,التوصيل
لا أستطيع تسجيل الدخول إلى حسابي غير راضي عن الخدمة,الحساب والتطبيق
تم سحب اشتراك شهري بدون علمي,الفوترة والدفع
يا جماعة المنتج وصل معطوب ولا يعمل وفوق هذا كود الخصم لم يعمل عند الدفع شكرا order #3513,جودة المنتج
التطبّيُق يتوقَف باستّمُرار وَيغلَق لوحدَهَ,الحساب والتطبيق
السلام عليكم، وش سبب تأخير التوصيل كل مرة هذا غير مقبول,التوصيل
بعد إذنكم فيه خدوش واضحة والمنتج مستعمل هذا غير مقبول,جودة المنتج
طلب رقم 98508 السلام عليكم، موظف خدمة العملاء كان غير محترم في الرد هذا غير مقبول,خدمة العملاء
السلام عليكم، المنتج لا يطابق الوصف في الموقع ومن جهة ثانية شركة الشحن تقول سلمنا الطلب وأنا ما استلمت شي أنتظر ردكم,جودة المنتج
للأسف الفاتورة تحتوي على رسوم لم أوافق عليها,الفوترة والدفع
اُلسلاِم عليِكُمَ، اُلجهاز توقفُ عن العملّ بَعّد يوميّنُ فقط,جودة المنتج
طلب رقم 14927 أرسلت المنتج المرتجع ولم أحصل على أي تأكيد,الاسترجاع والاستبدال
بعد إذنكم طلبت استبدال المنتج ولم يتم حتى الآن وأيضا الطلب تأخر عن الموعد المحدد بأكثر من أسبوع غير راضي عن الخدمة,الاسترجاع والاستبدال
طلب رقم 23122 مرحبا موظف خدمة العملاء كان غير محترم في الرد 😤,خدمة العملاء
اتصلت أكثر من خمس مرات ولم يرد أحد غير راضي عن الخدمة,خدمة العملاء
فيُه خدوش وُاّضُحة والُمَنُتَج مّستِعملّ كمان الموُقع بطُيّء جدُاّ ولا يفتُح صفحة الّدفع شكراَ,جودة المنتج
للأسف الطلب تأخر عن الموعد المحدد بأكثر من أسبوع شكرا,التوصيل
يا جماعة لا أستطيع تسجيل الدخول إلى حسابي وفوق هذا الطلب تأخر عن الموعد المحدد بأكثر من أسبوع هذا غير مقبول,الحساب والتطبيق
السعر في الفاتورة يختلف عن السعر المعلن هذا غير مقبول,الفوترة والدفع
يا جماعة وش سبب تأخير التوصيل كل مرة أنتظر ردكم,التوصيل
يا جماعة اتصلت أكثر منـــ خمس مرات ولم يرد أحد شكرا,خدمة العملاء
مرحبا المنتج لا يطابق الوصف في الموقع أرجو الحل بسرعة,جودة المنتج
يا جماعة السعر في الفاتورة يختلف عن السعر المعلن غير راضي عن الخدمة,الفوترة والدفع
أريد أن أشتكي: فيه خدوش واضحة والمنتج مستعمل شكرا,جودة المنتج
يا جماعة السعر في الفاتورة يختلف عن السعر المعلن,الفوترة والدفع
سياسة الإرجاع غير واضحة ورفضوا طلبي هذا غير مقبول,الاسترجاع والاستبدال
تم سحب اشتراك شُهري بُدوُنّ علمي وفُوق هذِا الِمبلُغ المسترد لم يصل إلَى حسابي شكّرا,الفوترة والدفع
انتظرت على الخط نصف ساعة بدون فائدة وأيضا أرسلت المنتج المرتجع ولم أحصل على أي تأكيد هذا غير مقبول,خدمة العملاء
السعر في الفاتورة يختلف عن السعر المعلن أرجو الحل بسرعة,الفوترة والدفع
بعد إذنكم السعر في الفاتورة يختلف عن السعر المعلن ومن جهة ثانية وصلني الطلب لعنوان خاطئ رغم أني كتبت العنوان صح,الفوترة والدفع
وش سبب تأخير التوصيل كل مرة غير راضي عن الخدمة,التوصيل
موظف خدمة العملاء كان غير محترم في الرد وفوق هذا وصلني الطلب لعنوان خاطئ رغم أني كتبت العنوان صح غير راضي عن الخدمة,خدمة العملاء
بّعد إذنكِم لّاَ أِسِتطِيُع تغيير رُقُم الَجوالُ فّي اِلمّلُف الّشخَصيُ وُمن جهة ثاَنيّة وشِ سبِبِ تأخير الَتوّصِيل كل مرة أنتظرُ رَدكم,الحساب والتطبيق
طلب رقم 86839 يا جماعة طلب الاستبدال ينتظر الموافقة منذ أيام,الاسترجاع والاستبدال
يا جماعة الجهاز توقف عن العمل بعد يومين فقط أرجو الحل بسرعة,جودة المنتج
أريد أن أشتكي: المبلغ المسترد لم يصل إلى حسابي ومن جهة ثانية الطلب تأخر عن الموعد المحدد بأكثر من أسبوع شكرا ؟؟؟,الاسترجاع والاستبدال
السلام عليكم، رد الدعم آلي ولا يفهم مشكلتي هذا غير مقبول,خدمة العملاء
مرحبا تم إغلاق حسابي بدون أي سبب أرجو الحل بسرعة,الحساب والتطبيق
المنتج لا يطابق الوصف في الموقع وفوق هذا الطلب تأخر عن الموعد المحدد بأكثر من أسبوع غير راضي عن الخدمة,جودة المنتج
مرحبا رفضوا استرجاع المنتج رغم أنه ضمن المدة أرجو الحل بسرعة,الاسترجاع والاستبدال
السلام عليكم، عملية الدفع فشلت والمبلغ انسحب من حسابي وفوق هذا المبلغ المسترد لم يصل إلى حسابي أنتظر ردكم,الفوترة والدفع
ما وصلتني فاتورة ضريبية رغم الطلب وفوق هذا المقاس غير مطابق والجودة سيئة غير راضي عن الخدمة,الحساب والتطبيق
مندوب التوصيل لا يرد على الاتصال ويرجع الطلب وفوق هذا التطبيق يتوقف باستمرار ويغلق لوحده,التوصيل
يا جماعة بعد التحديث الأخير اختفت بيانات حسابي أنتظر ردكم,الحساب والتطبيق
يا جماعة المنتج وصل معطوب ولا يعمل وفوق هذا كود الخصم لم يعمل عند الدفع شكرا order #3513,جودة المنتج
طلب رقم 20426 ياّ جماّعة شرِكة الشُحن تقولِ سلمنا الطَلب وأّنا ماّ استَلُمِت شّيُ أرجو الُحل بسَرعة,التوصيل
انتظرت على الخط نصف ساعة بدون فائدة كمان الخامة رديئة جدا ولا تشبه الصور شكرا,خدمة العملاء
الَبطارية تنفد بَسّرعة والمنتَج ضعيفّ هّذاـــ غير مقبّوُلُ,جودة المنتج
للأسف عملية الدفع فشلت والمبلغ انسحب من حسابي شكرا !!!,الفوترة والدفع
السلام عليكم، سياسة الإرجاع غير واضحة ورفضوا طلبي أنتظر ردكم,الاسترجاع والاستبدال
يا جماعة الجهاز توقف عن العمل بعد يومين فقط أنتظر ردكم,جودة المنتج
مرحبا ما وصلتني فاتورة ضريبية رغم الطلبـــ هذا غير مقبول,الفوترة والدفع
مرحبا شركة الشحن تقول سلمنا الطلب وأنا ما استلمت شي,التوصيل
يا جماعة الطرد وصل مفتوح وممزق من الخارج ومن جهة ثانية الفاتورة تحتوي على رسوم لم أوافق عليها,التوصيل
المنتج لا يطابق الوصف في الموقع أرجو الحل بسرعة,جودة المنتج
طلب رقم 86682 مرحبا لا أستطيع تغيير رقمـــ الجوال في الملف الشخصي كمان كود الخصم لم يعمل عند الدفع,الحساب والتطبيق
السلام عليكم، الدعم الفني وعدني بمكالمة ولم يتصل,خدمة العملاء
أريد أن أشتكي: لم يحل أحد مشكلتي وكل مرة يحولوني لقسم ثاني هذا غير مقبول,خدمة العملاء
يا جماعة نسيت كلمة المرور ولم تصلني رسالة التحقق,الحساب والتطبيق
رد الدعم آلي ولا يفهم مشكلتي هذا غير مقبول,خدمة العملاء
طلبِت اسُتبدَال اَلمنتج ولم يتمَ حّتىِ اِلآّنِ أنِتَظر ردُكم,الاسترجاع والاستبدال
رد الدعم آلي ولا يفهم مشكلتي ومن جهة ثانية طلبت استبدال المنتج ولم يتم حتى الآن أنتظر ردكم,خدمة العملاء
طلبت استبدال المنتج ولم يتم حتى الآن شكرا,الاسترجاع والاستبدال
السعر في الفاتورة يختلف عن السعر المعلن هذا غير مقبول,الفوترة والدفع
طلَب الاستبدَال ينتظِر الموُافَقة منذِ أّيام أرجوُ الحل بسرَعةِ https://t.co/xyz,الاسترجاع والاستبدال
يا جماعة السعر في الفاتورة يختلف عن السعر المعلن وفوق هذا وصلني الطلب لعنوان خاطئ رغم أني كتبت العنوان صح أنتظر ردكم,الفوترة والدفع
أريد أن أشتكي: الدعم الفني وعدني بمكالمة ولم يتصل أرجو الحل بسرعة,خدمة العملاء
الجهاز توقف عن العمل بعد يومين فقط,جودة المنتج
ما وصلتني فاتورة ضريبية رغم الطلب وأيضا يطلبون مني دفع رسوم شحن للإرجاع غير راضي عن الخدمة,الفوترة والدفع
أريد أن أشتكي: لم تصلني الشحنة حتى الآن وتتبع الطلب لا يتحدث,التوصيل
أريد أن أشتكي: لم يحل أحد مشكلتي وكل مرة يحولوني لقسم ثاني,خدمة العملاء
بعد إذنكم نسيت كلمة المرور ولم تصلني رسالة التحقق أرجو الحل بسرعة,الحساب والتطبيق
مرحبا المنتج لا يطابق الوصف في الموقع أرجو الحل بسرعة ؟؟؟,جودة المنتج
يا جماعة تذكرتي مفتوحة من أسبوعين وما أحد رد شكرا,خدمة العملاء
للأسف انتظرت على الخط نصف ساعة بدون فائدة أرجو الحل بسرعة,خدمة العملاء
أريد أن أشتكي: الطرد وصل مفتوح وممزق من الخارج وفوق هذا سياسة الإرجاع غير واضحة ورفضوا طلبي أرجو الحل بسرعة,التوصيل
بعّد إِذَنكم المَنتج وصُل معطوّب ولُاِ يعمل,جودة المنتج
مرحبا رفضوا استرجاع المنتج رغم أنه ضمن المدة شكرا,الاسترجاع والاستبدال
يا جماعة السعر في الفاتورة يختلف عن السعر المعلن أنتظر ردكم,الفوترة والدفع
يا جماعة المنتج لا يطابق الوصف في الموقع ومن جهة ثانية ما وصلتني فاتورة ضريبية رغم الطلب شكرا,جودة المنتج
السلام عليكم، لا أستطيع تسجيل الدخول إلى حسابي شكرا,الحساب والتطبيق
طلب رقم 11885 للأسف مندوب التوصيل لا يرد على الاتصال ويرجع الطلب غير راضي عن الخدمة,التوصيل
طلب رقم 21400 للأسف الخامة رديئة جدا ولا تشبه الصور أرجو الحل بسرعةـــ,جودة المنتج
مرحبا موظف خدمة العملاء كان غير محترم في الرد شكرا,خدمة العملاء
الخامة رديئة جدا ولا تشبه الصور أرجو الحل بسرعة,جودة المنتج
مرحبا طلبت استبدال المنتج ولم يتم حتى الآن وأيضا تم خصم المبلغ مرتين من بطاقتي,الاسترجاع والاستبدال
بعد إذنكم سياسة الإرجاع غير واضحة ورفضوا طلبي هذا غير مقبول,الاسترجاع والاستبدال
بعد إذنكم رد الدعم آلي ولا يفهم مشكلتي هذا غير مقبول https://t.co/xyz,خدمة العملاء
للأسف لم يحل أحد مشكلتي وكل مرة يحولوني لقسم ثاني وأيضا لم تصلني الشحنة حتى الآن وتتبع الطلب لا يتحدث أرجو الحل بسرعة,خدمة العملاء
بعدَ إَذُنّكم اّلطرد وُصُل مفتوح وممزق من اِلُخارجُ أرجو الحِل بسَرعة,التوصيل 
طلب رقم 81140 مندوب التوصيل لا يرد على الاتصال ويرجع الطلب وأيضا السعر في الفاتورة يختلف عن السعر المعلن أرجو الحل بسرعة,التوصيل
بعد إذنكم ما وصلتني فاتورة ضريبية رغم الطلب أرجو الحل بسرعة 😡,الفوترة والدفع
مرحبا طلبت استبدال المنتج ولم يتم حتى الآن أرجو الحل بسرعة,الاسترجاع والاستبدال
مرحبا المبلغ المسترد لم يصل إلى حسابي أرجو الحل بسرعة,الاسترجاع والاستبدال
مرحبا مندَوب التَوَصيل لا يردَ عُلىَ الاتصال ويرجع اَلطلب أنّتظر ردِكم,التوصيل
السلام عليكم، المقاس غير مطابق والجودة سيئة هذا غير مقبول https://t.co/xyz,جودة المنتج
السلام علّيكمِ، نّسيتَ كلمة المُروَرِ وَلم تصلني رِسالة التّحققُ شّكِراَ,الحساب والتطبيق
الدعم الفني وعدني بمكالمة ولم يتصل هذا غير مقبول,خدمة العملاء
مرحبا الجهاز توقف عن العمل بعد يومين فقط أنتظر ردكم order #5543,جودة المنتج
السلام عليكم، البطارية تنفد بسرعة والمنتج ضعيف,جودة المنتج
لمِ تصلَني الشُحنة حتى الآَنُ وَتُتبع اُلطلّب لا يتحِدث أنِتظر ردُكم,التوصيل
اَلجهّاز توِقف عُن العّمل بِعُد يوُمين فقطّ كمانُ طلبتُ اِستبدال المّنِتج ولم يتم حتى اِلآنِ شكرا ؟؟؟,جودة المنتج
طلب رقم 45698 يا جماعة ما وصلتني فاتورة ضريبية رغم الطلب شكرا 😡,الفوترة والدفع
الخامة رديئة جدا ولا تشبه الصور,جودة المنتج
يا جماعة شركة الشحن تقول سلمنا الطلب وأنا ما استلمت شي أنتظر ردكم,التوصيل
السعر في الفاتورة يختلف عن السعر المعلن ومن جهة ثانية الخامة رديئة جدا ولا تشبه الصور أنتظر ردكم,الفوترة والدفع
بعد إذنكم وش سبب تأخير التوصيل كل مرة,التوصيل
مرحبُا البطُارِية تنَفد بسرعة وِالمنُتج ضّعيف أنتظرَ ردكم,الفوترة والدفع
للأسف الخامة رديئة جدا ولا تشبه الصور شكرا,جودة المنتج
طلب رقم 79352 مرحبا مندوب التوصيل لا يرد علىـــ الاتصال ويرجع الطلب أرجو الحل بسرعة https://t.co/xyz,خدمة العملاء
طلب رقم 93262 موظف خدمة العملاء كان غير محترم في ااالرد order #6072,خدمة العملاء
بعد إذنكم مندوب التوصيل لا يرد على الاتصال ويرجع الطلب,التوصيل
للأسف عملية الدفع فشلت والمبلغ انسحب من حسابي,الفوترة والدفع
وصلني الطلب لعنوان خاطئ رغم أني كتبت العنوان صح غير راضي عن الخدمة,التوصيل
للأسف تم إغلاق حَساَبُي بِدوُنّ أُيِ سبُب,الحساب والتطبيق
مرّحّبِا شركةُ اُلشحُن تقوَلّ سِلمنُا الطَلَب وُأنّا ماِ اَستُلمتّ شي شَكَرا,التوصيل
مرحبا أرسلت المنتج المرتجع ولم أحصل على أي تأكيد,الاسترجاع والاستبدال
يا جماعة تم خصم المبلغ مرتين من بطاقتي هذا غير مقبول,الفوترة والدفع
السلام عليكم، لم يحل أحد مشكلتي وكل مرة يحولوني لقسم ثاني,خدمة العملاء 
للأسف ااالمنتج وصل معطوب ولا يعمل أنتظر ردكم,جودة المنتج
أريد أن أشتكي: البطارية تنفد بسرعة والمنتج ضعيف أنتظر ردكم,جودة المنتج
أريد أن أشتكي: الطلب تأخر عن الموعد المحدد بأكثر من أسبوع شكرا,التوصيل
للأسف التطبيق يتوقف باستمرار ويغلق لوحده وفوق هذا المقاس غير مطابق والجودة سيئة أرجو الحل بسرعة,الحساب والتطبيق
تم سحب اشتراك شهري بدون علمي كمان وصلني الطلب لعنوان خاطئ رغم أني كتبت العنوان صح شكرا,الفوترة والدفع
يا جماعةـــ لا أستطيع تسجيل الدخول إلى حسابي غير راضي عن الخدمة,الحساب والتطبيق
موظف خدمة العملاء كان غير محترم في الرد كمان وش سبب تأخير التوصيل كل مرة 😡,خدمة العملاء
للأسف المنتج وصل معطوب ولا يعمل أنتظر ردكم,جودة المنتج
بعد إذنكم كود الخصم لم يعمل عند الدفع شكرا order #7821,الفوترة والدفع
أريد أن أشتكي: رد الدعم آلي ولا يفهم مشكلتي,خدمة العملاء
البطارية تنفد بسرعة والمنتج ضعيف شكرا,جودة المنتج
للأسف تم إغلاق حسابي بدون أي سبب شكرا,الحساب والتطبيق
بعد إذنكم وصلني الطلب لعنوان خاطئ رغم أني كتبت العنوان صح شكرا,التوصيل
الموقع بطيء جدا ولا يفتح صفحة الدفع أنتظر ردكم,الحساب والتطبيق
بعد إذنكم المقاس غير مطابق والجودة سيئة شكرا 😤,جودة المنتج
أريد أن أشتكي: شركة الشحن تقول سلمنا الطلب وأنا ما استلمت شي أرجو الحل بسرعة,التوصيل
طلب رقم 54642 يا جماعة المقاس غير مطابق والجودة سيئة,جودة المنتج
موظف خدمة العملاء كان غير محترم في الرد شكرا,خدمة العملاء
طلب الاستبدال ينتظر الموافقة منذ أيام أنتظر ردكم,الاسترجاع والاستبدال
أريد أن أشتكي: تم إغلاق حسابي بدون أي سبب هذا غير مقبول ؟؟؟,الحساب والتطبيق
بعد إذنكم الجهاز توقف عن العمل بعد يومين فقط هذا غير مقبول,جودة المنتج
مّرِحَبا فيهَ خدوَش واضحة وِاُلِمنتجّ مسَتعمَل وُأَيضاّ لم تصلّنيّ اِلِشحنة حتُى الآُن وَتُتِبع الطلبّ لاَ يتحدثِ,جودة المنتج
للأسف لم تصلني الشحنة حتى الآن وتتبع الطلب لا يتحدث وفوق هذا يطلبون مني دفع رسوم شحن للإرجاع,التوصيل
بعد إذنكم الطرد وصل مفتوح وممزق من الخارج شكرا,التوصيل
أريد أن أشتكي: وصلني الطلب لعنوان خاطئ رغم أني كتبت العنوان صح أنتظر ردكم,التوصيل
السلام عليكم، رد الدعم آلي ولا يفهم مشكلتي,خدمة العملاء
بعد إذنَكم اِلُمنتج وصّلِ معطوب وُلُا يعِملِ غُير راِضيِ عن الخدمّة,جودة المنتج
يا جماعة انتظرت على الخط نصف ساعة بدون فائدة,خدمة العملاء
أريد أن أشتكي: طلبت استبدال المنتج ولم يتم حتى الآن شكرا,الاسترجاع والاستبدال 
الخاَمُة ردِيّئة جداُ ولاِ تشبُه الصوَر هذا غيِر مقبَولَ,جودة المنتج
الَسِلامّ عليّكم، اُلِتطبيّق يتوُقف باّسَتمرار ويغلق لوِحُده وفوق هذا وصلني اُلَطلِبُ لعِنوّاِنّ خَاِطئ رغم أني كِتبت الُعنِواَنَ صِحِ هذِا غيِر مّقبوُل,الحساب والتطبيق 
طلب رقم 39841 للأسف شركة الشحن تقول سلمنا الطلب وأنا ما استلمت شي أنتظر ردكم,التوصيل
بعد إذنكم وش سبب تأخير التوصيل كل مرة كمان اتصلت أكثر من خمس مرات ولم يرد أحد أرجو الحل بسرعة,التوصيل
للأسف الطلب تأخر عن الموعد المحدد بأكثر من أسبوع غير راضي عن الخدمة,التوصيل
بعد إذنكم الدعم الفني وعدني بمكالمة ولم يتصل أرجو الحل بسرعة,جودة المنتج
بعد إذنكم ما وصلتني فاتورة ضريبية رغم الطلب,الفوترة والدفع
رفضوا استرجاع المنتج رغم أنه ضمن المدة,الاسترجاع والاستبدال
أريد أن أشتكي: شركة الشحن تقول سلمنا الطلب وأنا ما استلمت شي,التوصيل
السلام عليكم، الفاتورة تحتوي على رسوم لم أوافق عليها أنتظر ردكم,الفوترة والدفع
أريد أن أشتكي: تم سحب اشتراك شهري بدون علمي وفوق هذا المقاس غير مطابق والجودة سيئة,التوصيل
السلام عليكم، البطارية تنفد بسرعة والمنتج ضعيف وأيضا شركة الشحن تقول سلمنا الطلب وأنا ما استلمت شي هذا غير مقبول,جودة المنتج
فيه خدوش واضحة والمنتج مستعمل أنتظر ردكم,جودة المنتج
لم تصلني الشحنة حتى الآن وتتبع الطلب لا يتحدث شكرا,التوصيل
أريد أن أشتكي: رفضوا استرجاع المنتج رغم أنه ضمن المدة ومن جهة ثانية البطارية تنفد بسرعة والمنتج ضعيف غير راضي عن الخدمة,الاسترجاع والاستبدال
وش سبب تأخير التوصيل كل مرة أرجو الحل بسرعة,التوصيل
السلام عليكم، تم سحب اشتراك شهري بدون علمي,الفوترة والدفع
,الفوترة والدفع
أريد أن أشتكي: شركة الشحن تقول سلمنا الطلب وأنا ما استلمت شي,التوصيل
شركة الشحن تقول سلمنا الطلب وأنا ما استلمت شي أنتظر ردكم,التوصيل
يا جماعة السعر في الفاتورة يختلف عن السعر المعلن ومن جهة ثانية وش سبب تأخير التوصيل كل مرة شكرا,الفوترة والدفع
بعد إذنكم رد الدعم آلي ولا يفهم مشكلتي غير راضي عن الخدمة,خدمة العملاء
أريد أن أشتكي: رفضوا استرجاع المنتج رغم أنه ضمن المدة شكرا,الاسترجاع والاستبدال
طلب رقم 56550 أريد أن أشتكي: كود الخصم لم يعمل عند الدفع غير راضي عن الخدمة,الفوترة والدفع
يا جماعة الفاتورة تحتوي على رسوم لم أوافق عليها أرجو الحل بسرعة,الفوترة والدفع
بعّد إذنكم موظف خدُمّة الُعملاءَ كانِ غيرُ مِحتِرم فِي الِرد وفَوُق هُذُاّ الطرد وِصلُ مفتّوح وّمَمزِقُ من اّلَخارج أّرجو الحل بِسرعَةَ,خدمة العملاء
أريد أن أشتكي: رد الدعم آلي ولا يفهم مشكلتي هذا غير مقبول ؟؟؟,خدمة العملاء
للأسف عملية الدفع فشلت والمبلغ انسحب من حسااابي غير راضي عن الخدمة,الفوترة والدفع
طلب رقم 66168 يا جماعة وش سبب تأخير التوصيل كل مرة غير راضي عن الخدمة,التوصيل
للأسف لم يحل أحد مشكلتي وكل مرة يحولوني لقسم ثاني,خدمة العملاء
الجهاز توقف عن العمل بعد يومين فقط أرجو الحل بسرعة,جودة المنتج
السلام عليكم، تم سحب اشتراك شهري بدون علمي وأيضا طلب الاستبدال ينتظر الموافقة منذ أيام غير راضي عن الخدمة 😡,الفوترة والدفع
السلام عليكم، بعد التحديث الأخير اختفت بيانات حسابي شكرا,الحساب والتطبيق
أريد أن أشتكي: وش سبب تأخير التوصيل كل مرة وفوق هذا رفضوا استرجاع المنتج رغم أنه ضمن المدة أنتظر ردكم,التوصيل
مرحبا سياسة الإرجاع غير واضحة ورفضوا طلبي أرجو الحل بسرعة,الاسترجاع والاستبدال
يا جماعة السعر في الفاتورة يختلف عن السعر المعلن,الفوترة والدفع
بعد إذنكم الطرد وصل مفتوح وممزق من الخارج,التوصيل
للأسف شركة الشحن تقول سلمنا الطلب وأنا ما استلمت شي هذا غير مقبول !!!,التوصيل
مرحبا وصلني الطلب لعنوان خاطئ رغم أني كتبت العنوان صح غير راضي عن الخدمة,التوصيل
مرحبا الموقع بطيء جدا ولا يفتح صفحة الدفع أنتظر ردكم,الحساب والتطبيق
أريد أن أشتكي: الطلب تأخر عن الموعد المحدد بأكثر من أسبوع وفوق هذا موظف خدمة العملاء كان غير محترم في الرد غير راضي عن الخدمة https://t.co/xyz,التوصيل
بِعد إذِنكمّ اُنُتظرت على الخطَ نُصُف سّاعة بدِونّ فائدِةَ,خدمة العملاء
السلام عليكم، كود الخصم لم يعمل عند الدفع كمان الدعم الفني وعدني بمكالمة ولم يتصل أرجو الحل بسرعة,الفوترة والدفع
الطلب تأخر عن الموعد المحدد بأكثر من أسبوع ومن جهة ثانية فيه خدوش واضحة والمنتج مستعمل أنتظر ردكم,التوصيل
عملية الدفع فشلت والمبلغ انسحب من حسابي شكرا,الفوترة والدفع
أريد أن أشتكي: بعد التحديث الأخير اختفت بيانات حسابي هذا غير مقبول,الحساب والتطبيق
أريد أن أشتكي: اتصلت أكثر من خمس مرات ولم يرد أحد وأيضا لم تصلني الشحنة حتى الآن وتتبع الطلب لا يتحدث غير راضي عن الخدمة,خدمة العملاء
السلام عليكم، السعر في الفاتورة يختلف عن السعر المعلن وفوق هذا لم يحل أحد مشكلتي وكل مرة يحولوني لقسم ثاني أرجو الحل بسرعة,الفوترة والدفع
السلام عليكم، عملية الدفع فشلت والمبلغ انسحب من حسابي هذا غير مقبول,الفوترة والدفع
فيه خدوش واضحة والمنتج مستعمل كمان الفاتورة تحتوي على رسوم لم أوافق عليها,جودة المنتج
يا جماعة بعد التحديث الأخير اختفت بيانات حسابي أنتظر ردكم,الحساب والتطبيق
مرحبا فيه خدوش واضحة والمنتج مستعمل ومن جهة ثانية المبلغ المسترد لم يصل إلى حسابيـــ هذا غير مقبول,خدمة العملاء 
السلام عليكم، المنتج وصل معطوب ولا يعمل ومن جهة ثانية سياسة الإرجاع غير واضحة ورفضوا طلبي أرجو الحل بسرعة,جودة المنتج
مرحبا كود الخصم لم يعمل عند الدفع ومن جهة ثانية وصلني الطلب لعنوان خاطئ رغم أني كتبت العنوان صح,الفوترة والدفع
للأسف لم تصلني الشحنة حتى الآن وتتبع الطلب لا يتحدث غير راضي عن الخدمة 😤,التوصيل
ياَ جَماعة المقاس غِير مِطاُبق والجودة سيَئة شكرّا orderـــ #8933,جودة المنتج
أريد أن أشتكي: وش سبب تأخير التوصيل كل مرة وفوق هذا المنتج وصل معطوب ولا يعمل أرجو الحل بسرعة,التوصيل
طلب رقم 94955 الموقع بطيء جدا ولا يفتح صفحة الدفع غير راضي عن الخدمة,الحساب والتطبيق
يا جماعة بعد التحديث الأخير اختفت بيانات حسابي وأيضا رفضوا استرجاع المنتج رغم أنه ضمن المدة أرجو الحل بسرعة https://t.co/xyz,الحساب والتطبيق
طلب رقم 80910 أريد أن أشتكي: وصلني الطلب لعنوان خاطئ رغم أني كتبت العنوان صح هذا غير مقبول,التوصيل
يا جماعة لم يحل أحد مشكلتي وكل مرة يحولوني لقسم ثاني أنتظر ردكم order #5547,خدمة العملاء
الخامة رديئة جدا ولا تشبه الصور أرجو الحل بسرعة,جودة المنتج
مرحبا عملية الدفع فشلت والمبلغ انسحب من حسابي وأيضا لم تصلني الشحنة حتى الآن وتتبع الطلب لا يتحدث غير راضي عن الخدمة,الفوترة والدفع
بُعد إذّنِكم تمَ إغِلّاّقِ حَسابي بّدوّنِ أي سبب ومن جهَةّ ثاَنِية أَرُسلت المنتجُ المرَتَجع ولم أحصّل على أي تأَكيد غيرَ رَاُضُي عن اِلخدمة,الحساب والتطبيق
السلام عليكم، أرسلت المنتج المرتجع ولم أحصل على أي تأكيد,الاسترجاع والاستبدال
أريد أن أشتكي: المبلغ المسترد لم يصل إلى حسابي ومن جهة ثانية الطلب تأخر عن الموعد المحدد بأكثر من أسبوع غير راضي عن الخدمة,الاسترجاع والاستبدال
أريد أن أشتكي: تم إغلاق حسابي بدون أي سبب وأيضا كود الخصم لم يعمل عند الدفع أنتظر ردكم https://t.co/xyz,الحساب والتطبيق
بعد إذنكم الجهاز توقف عن العمل بعد يومين فقط غير راضي عن الخدمة,جودة المنتج
بعد إذنكم طلبت استبدال المنتج ولم يتم حتى الآن ومن جهة ثانية مندوب التوصيل لا يرد على الاتصال ويرجع الطلب,الاسترجاع والاستبدال
تذكرتي مفتوحة من أسبوعين وما أحد رد أرجو الحل بسرعة,خدمة العملاء
أريد أن أشتكي: لا أستطيع تغيير رقم الجوال في الملف الشخصي,الحساب والتطبيق
,الحساب والتطبيق
للأسف فيه خدوش واضحة والمنتج مستعمل,جودة المنتج
بعد إذنكم تم خصم المبلغ مرتين من بطاقتي,الفوترة والدفع
اُلخَامة رَدِيِئة جدا وُلُا تشَبِه الَصور وُفِوقِ هذاّ يطلبون مني دَفِع رسِومّ شحّن للُإَرجاع,جودة المنتج
مرحبا الدعم الفني وعدني بمكالمة ولم يتصل كمان الموقع بطيء جدا ولا يفتح صفحة الدفع غير راضي عن الخدمة,خدمة العملاء
نسيت كلمة المرور ولم تصلني رسالة التحقق ؟؟؟,الحساب والتطبيق
أريد أن أشتكي: بعد التحديث الأخير اختفت بيانات حسابي وأيضا ما وصلتني فاتورة ضريبية رغم الطلب هذا غير مقبول,الحساب والتطبيق
لم تصلني الشحنة حتى الآن وتتبع الطلب لا يتحدث غير راضي عن الخدمة,التوصيل
يا جماعة سياسة الإرجاع غير واضحة ورفضوا طلبي وأيضا نسيت كلمة المرور ولم تصلني رسالة التحقق أرجو الحل بسرعة,الاسترجاع والاستبدال
بعد إذنكم الموقع بطيء جدا ولا يفتح صفحة الدفع وفوق هذا الفاتورة تحتوي على رسوم لم أوافق عليها غير راضي عن الخدمة 😡,الحساب والتطبيق
لَلأُسفّ لا أسَتّطيعِ تسُجيِل اَلدَخوّلَ إلَىُ حسابّي هذاِ غير مقبول https://t.co/xyz,الحساب والتطبيق
السلام عليكم، انتظرت على الخط نصف ساااعة بدون فائدة شكرا,خدمة العملاء
رد الدعم آلي ولا يفهم مشكلتي وفوق هذا مندوب التوصيل لا يرد على الاتصال ويرجع الطلب,خدمة العملاء
مرحبا لم تصلني الشحنة حتى الآن وتتبع الطلب لا يتحدث وفوق هذا المنتج لا يطابق الوصف في الموقع هذا غير مقبول,التوصيل
يا جماعة مندوب التوصيل لا يرد على الاتصال ويرجع الطلب وأيضا طلبت استبدال المنتج ولم يتم حتى الآن غير راضي عن الخدمة,التوصيل
السلامِ عِليكمُ، تُمَ إغلاق حسابَي بِدوُنُ أيُ سبب,الحساب والتطبيق
يا جماعة الطرد وصل مفتوح وممزق من الخارج أرجو الحل بسرعة,التوصيل
طلب رقم 82628 يا جماعة لا أستطيع تغيير رقم الجوال في الملف الشخصي شكرا,الحساب والتطبيق
يا جماعة يطلبون مني دفع رسوم شحن للإرجاع وأيضا الخامة رديئة جدا ولا تشبه الصور أرجو الحل بسرعة,الاسترجاع والاستبدال
أريد أن أشتكي: أرسلت المنتج المرتجع ولم أحصل على أي تأكيد وأيضا انتظرت على الخط نصف ساعة بدون فائدة,الاسترجاع والاستبدال
بعد إذنكم الطرد وصل مفتوح وممزق من الخارج هذا غير مقبول,التوصيل
أريد أن أشتكي: فيه خدوش واضحة والمنتج مستعمل أرجو الحل بسرعة ؟؟؟,جودة المنتج
السلام عليكم، طلب الاستبدال ينتظر الموافقة منذ أيام أرجو الحل بسرعة,الاسترجاع والاستبدال
طلب رقم 48038 لم يحل أحد مشكلتي وكل مرة يحولوني لقسم ثاني كمان الخامة رديئة جدا ولا تشبه الصور غير راضي عن الخدمة,خدمة العملاء
السلام عليكم، وصلني الطلب لعنوان خاطئ رغم أني كتبت العنوان صحـــ أرجو الحل بسرعة,التوصيل
طلب رقم 28672 مرحباـــ الفاتورة تحتوي على رسوم لم أوافق عليها شكرا 😤,الفوترة والدفع
انتظرت على الخط نصف ساعة بدون فائدة أرجو الحل بسرعة,خدمة العملاء
طلب رقم 46924 مرحبا سياسة الإرجاع غير واضحة ورفضوا طلبي وفوق هذا التطبيق يتوقف باستمرار ويغلق لوحده,الاسترجاع والاستبدال
رفضَوا اسُترجِاَعِ اّلمِنتج رغِمِ أنهَ ضمِن المُدَة أنِتظّر ردَكِمَ,الاسترجاع والاستبدال
بعد إذنكم وصلني الطلب لعنوان خاطئ رغم أني كتبت العنوان صح غيرـــ راضي عن الخدمة,التوصيل
بعد إذنكم ما وصلتني فاتورة ضريبية رغم الطلب أرجو الحل بسرعة,الفوترة والدفع
أرسلت المنتج المرتجع ولم أحصل على أي تأكيد هذا غير مقبول,الاسترجاع والاستبدال
مرحبا وش سبب تأخير التوصيل كل مرة أرجو الحل بسرعة,التوصيل
لم يحل أحد مشكلتي وكل مرة يحولوني لقسم ثاني أنتظر ردكم,خدمة العملاء
طلب رقم 31786 للأسف شركة الشحن تقول سلمنا الطلب وأنا ما استلمت شي,التوصيل
للأسف المنتج لا يطابق الوصف في الموقع وأيضا الفاتورة تحتوي على رسوم لم أوافق عليها هذا غير مقبول,جودة المنتج
لم تصلني الشحنة حتى الآن وتتبع الطلب لا يتحدث,التوصيل
يا جماعة الموقع بطيء جدا ولا يفتح صفحة الدفع هذا غير مقبول 😡,الحساب والتطبيق
مرحبا رفضوا استرجاع المنتج رغم أنه ضمن المدة أنتظر ردكم,الاسترجاع والاستبدال
أريد أن أشتكي: شركة الشحن تقول سلمنا الطلب وأنا ما استلمت شي غير راضي عن الخدمة,التوصيل
فيه خدوش واضحة والمنتج مستعمل أنتظر ردكم,جودة المنتج
سياسة الإرجّاَع غيِر واضّحة وَرفضوّا طلبي كمانّ وشِ سِببّ تأخيرَ الَتِوُصَيل كِل مرة شكرا,الاسترجاع والاستبدال
لم تصلني الشحنة حتى الآن وتتبع الطلب لا يتحدث,التوصيل
الِسلُامّ عليكمّ، اتِصلتّ أّكثرِ مّنِ خِمس مُرات ولِمُ يرِد أحَدِ غير راضي عَن الخِدمةَ ؟؟؟,خدمة العملاء
الموقع بطيء جدا ولا يفتح صفحة الدفع order #4404,الحساب والتطبيق
مرحبا يطلبون مني دفع رسوم شحن للإرجاع كمان تم إغلاق حسابي بدون أي سبب أرجو الحل بسرعة,الاسترجاع والاستبدال
مِا وصلَتني فاتِورةَ ضرّيبية رغم الّطُلب شكرا,الفوترة والدفع
بعد إذنكم رد الدعم آلي ولا يفهم مشكلتي,خدمة العملاء
السلام عليكم، تم خصم المبلغ مرتين من بطاقتي وفوق هذا لم يحل أحد مشكلتي وكل مرة يحولوني لقسم ثاني أرجو الحل بسرعة,الفوترة والدفع
المبلغ المسترد لم يصل إلى حسابي وفوق هذا الجهاز توقف عن العمل بعد يومين فقط هذا غير مقبول,الاسترجاع والاستبدال
للأسف طلب الاستبدال ينتظر الموافقة منذ أيام أرجو الحل بسرعة order #7396,الاسترجاع والاستبدال
طلب رقم 32115 أريد أن أشتكي: الدعم الفني وعدني بمكالمة ولم يتصل,خدمة العملاء
بعد إذنكم كود الخصم لم يعمل عند ااالدفع,الفوترة والدفع
للأسف لم تصلني الشحنة حتى الآن وتتبع الطلب لا يتحدث شكرا,التوصيل
السلام عليكم، الجهاز توقف عن العمل بعد يومين فقط,جودة المنتج
الموقع بطيء جدا ولا يفتح صفحة الدفع,الحساب والتطبيق
بعد إذنكم لم تصلِني الشحنةِ حتى الآُنِ وُتتبع اّلُطلّبُ لَا يتحدث شكرا,التوصيل
يا جماعة تم خصم المبلغ مرتين من بطاقتي,الفوترة والدفع
بعد إذنكم المقاس غير مطابق والجودة سيئة وأيضا الطلب تأخر عن الموعد المحدد بأكثر من أسبوع أرجو الحل بسرعة,خدمة العملاء
نسيت كلمة المرور ولم تصلني رسالة التحقق أرجو الحل بسرعة,الحساب والتطبيق
أريد أن أشتكي: الطرد وصل مفتوح وممزق من الخارج وأيضا المنتج وصل معطوب ولا يعمل غير راضي عن الخدمة,التوصيل 
للأسف الجهاز توقف عن العمل بعد يومين فقط كمان لم تصلني الشحنة حتى الآن وتتبع الطلب لا يتحدث هذا غير مقبول,جودة المنتج
يا جماعة لم يحل أحد مشكلتي وكل مرة يحولوني لقسم ثاني وفوق هذا الطلب تأخر عن الموعد المحدد بأكثر من أسبوع شكرا,خدمة العملاء
مرحَبِا كوِد اِلخصم لمّ يعملَ عند الدفع ومَن جهِة ثانُية طلبتُ استبِداّلَ المنتج ولمَ يتم حّتى اَلُآن شَكرا,الفوترة والدفع
أريد أن أشتكي: الفاتورة تحتوي على رسوم لم أوافق عليها,الفوترة والدفع
للأسف البطارية تنفد بسرعة والمنتج ضعيف أنتظر ردكم,جودة المنتج
بِعد إذَنكّم نسَيِت كلّمة اّلّمرورُ ولّم تصلني رسَاّلُةِ اُلتحققَ شكرا,الحساب والتطبيق 
السلام عليكم، نسيت كلمة المرور ولم تصلني رسالة التحقق,الحساب والتطبيق
يا جماعة البطارية تنفد بسرعة والمنتج ضعيف غير راضي عن الخدمة,جودة المنتج
,خدمة العملاء
السلام عليكم، أرسلت المنتج المرتجع ولم أحصل على أي تأكيد !!!,الاسترجاع والاستبدال
أريد أن أشتكي: الطرد وصل مفتوح وممزق منـــ الخارج,التوصيل
مرحبا الطلب تأخر عن الموعد المحدد بأكثر من أسبوع أرجو الحل بسرعة,التوصيل
انتظرت على الخط نصف ساعة بدون فائدة,خدمة العملاء
يا جماعة مندوب التوصيل لا يرد على الاتصال ويرجع الطلب وأيضا طلبت استبدال المنتج ولم يتم حتى الآن غير راضي عن الخدمة,التوصيل
أريد أن أشتكي: الطرد وصل مفتوح وممزق من الخارج أنتظر ردكم,التوصيل
أريد أن أشتكي: لم تصلني الشحنة حتى الآن وتتبع الطلب لا يتحدث هذا غير مقبول,الحساب والتطبيق
طلب رقم 82331 الفاتورة تحتوي على رسوم لم أوافق عليها هذا غير مقبول 😡,الفوترة والدفع
بعد إذنكم تم إغلاق حسابيـــ بدون أي سبب,الحساب والتطبيق
بعد التحديث الأخير اختفت بيانات حسابي,الحساب والتطبيق
للأسف نسيت كلمة المرور ولم تصلني رسالة التحقق وأيضا أرسلت المنتج المرتجع ولم أحصل على أي تأكيد هذا غير مقبول,الحساب والتطبيق
مرحبا عملية الدفع فشلت والمبلغ انسحب من حسابي,الفوترة والدفع
البطارية تنفد بسرعة والمنتج ضعيف شكرا,جودة المنتج
للأسف المنتج وصل معطوب ولا يعمل,جودة المنتج
السلام عليكم، السعر في الفاتورة يختلف عن السعر المعلن وفوق هذا البطارية تنفد بسرعة والمنتج ضعيف أنتظر ردكم,الفوترة والدفع
اُلطرَد وصل مفتوح وممُزق من الخارج أرجوُ اِلحَل بسِرّعة,التوصيل 
يا جماعة الطرد وصل مفتوح وممزق من الخارج غير راضي عن الخدمة,التوصيل
الدعم الفني وعدني بمكالمة ولم يتصل أنتظر ردكم,خدمة العملاء
أريد أن أشتكي: البطارية تنفد بسرعة والمنتج ضعيف ومن جهة ثانية تم إغلاق حسابي بدون أي سبب,جودة المنتج
بعد إذنكم طلبت استبدال المنتج ولم يتم حتى الآن وأيضا الطلب تأخر عن الموعد المحدد بأكثر من أسبوع غير راضي عن الخدمة,الاسترجاع والاستبدال
يا جماعة لا أستطيع تسجيل الدخول إلى حسابي شكرا,الحساب والتطبيق
مرحبا كود الخصم لم يعمل عند الدفع order #5502,الفوترة والدفع
عملية الدفع فشلت والمبلغ انسحب من حسابي ومن جهة ثانية الجهاز توقف عن العمل بعد يومين فقط أنتظر ردكم,الفوترة والدفع
يا جماعة مندوب التوصيل لا يرد على الاتصال ويرجع الطلب كمان لم يحل أحد مشكلتي وكل مرة يحولوني لقسم ثاني أرجو الحل بسرعة,خدمة العملاء
طلب رقم 11720 بعد إذنكم وصلني الطلب لعنوان خاطئ رغم أني كتبت العنوان صح ومن جهة ثانية رفضوا استرجاع المنتج رغم أنه ضمن المدة أنتظر ردكم,التوصيل
الطرد وصل مفتوح وممزق من الخارج شكرا,التوصيل
سياسة الإرجّاَع غيِر واضّحة وَرفضوّا طلبي كمانّ وشِ سِببّ تأخيرَ الَتِوُصَيل كِل مرة شكرا,الاسترجاع والاستبدال
طلب رقم 18851 بعد إذنكم رفضوا استرجاع المنتج رغم أنه ضمن المدة غير راضي عن الخدمة,الفوترة والدفع
الطرد وصل مفتوح وممزق من الخارج,التوصيل
طلب رقم 87677 يا جماعة الطلب تأخر عن الموعد المحدد بأكثر من أسبوع أرجو الحل بسرعة,التوصيل
السلام عليكم، سياسة الإرجاع غير واضحة ورفضوا طلبي أرجو الحل بسرعة,الاسترجاع والاستبدال
سياسة الإرجاع غير واضحة ورفضوا طلبي ومن جهة ثانية لا أستطيع تسجيل الدخول إلى حسابي هذا غير مقبول,الاسترجاع والاستبدال
أريدِ أن أشّتكِي: شركة اّلشحَنُ تقول سلمنا الطلّبّ وّأنا ما استُلمت شي كمانّ الّموقع بطيء جدَاُ ولا يَفتح صَفُحةّ الدَفع شكراُ,التوصيل
ما وصلتني فاتورة ضريبية رغم الطلب هذا غير مقبول,الفوترة والدفع
لا أستطيع تغيير رقم الجوال في الملف الشخصي,الحساب والتطبيق
أريد أن أشتكي: مندوب التوصيل لا يرد على الاتصال ويرجع الطلب ومن جهة ثانية تذكرتي مفتوحة من أسبوعين وما أحد رد,التوصيل
موظف خدمة العملاء كان غير محترم في الرد وأيضا المبلغ المسترد لم يصل إلى حسابي أنتظر ردكم,خدمة العملاء
السلام عليكم، وش سبب تأخير التوصيل كل مرة أرجو الحل بسرعة,التوصيل
مرحبا تم سحب اشتراك شهري بدون علمي وفوق هذا لا أستطيع تسجيل الدخول إلى حسابي شكرا,الفوترة والدفع
السلام عليكم، لم تصلني الشحنة حتى الآن وتتبع الطلب لا يتحدث شكرااا,التوصيل
للأسف الطلب تأخر عن الموعد المحدد بأكثر من أسبوع غير راضي عن الخدمة,التوصيل
يا جماعة الخامة رديئة جدا ولا تشبه الصور,جودة المنتج
يا جماعةَ تم سحب اشتراك شِهري بَدوَن عُلمي غيَر راضي عَن الخدّمُةّ,الفوترة والدفع
السلام عليكم، رد الدعم آلي ولا يفهم مشكلتي غير راضي عن الخدمة,خدمة العملاء
للأسف المقاس غير مطابق والجودة سيئة أرجو ااالحل بسرعة,جودة المنتج
اُلسلَام عليكِمّ، بعدَ التحدُيث اُلأخير اخّتَفِت بَيانُات حساّبي أرِجّو الحل بسُرعِة,الحساب والتطبيق
يا جماعة مندوب التوصيل لا يرد على الاتصال ويرجع الطلب ومن جهة ثانية الموقع بطيء جدا ولا يفتح صفحة الدفع غير راضي عن الخدمة,التوصيل
مرحبا كود الخصم لم يعمل عند الدفع,الفوترة والدفع
تِذُكرتي مفتّوحة مَن أّسبّوعين وما أحد ردُ غُيرّ رّاضي عِن اُلخدُمة,خدمة العملاء
طلب رقم 72847 أريد أن أشتكي: انتظرت على الخط نصف ساعة بدون فائدة كمان رفضوا استرجاع المنتج رغم أنه ضمن المدة أرجو الحل بسرعة,خدمة العملاء
طلب رقم 99020 للأسف لم يحل أحد مشكلتي وكل مرة يحولوني لقسم ثاني وأيضا يطلبون مني دفع رسوم شحن للإرجاع غير راضي عن الخدمة,خدمة العملاء
السلام عليكم، موظف خدمة العملاء كان غير محترم في الرد غير راضي عن الخدمة,خدمة العملاء 
الجهاز توقف عن العمل بعد يومين فقط هذا غير مقبول,جودة المنتج
بعد إذنكم الفاتورة تحتوي على رسوم لم أوافق عليها أنتظر ردكم,الفوترة والدفع
السلام عليكم، السعر في الفاتورة يختلف عن السعر المعلن شكرا,الفوترة والدفع
يا جماعة الطرد وصل مفتوح وممزق من الخارج غير راضي عن الخدمة,التوصيل
طلب رقم 77135 بعد إذنكم الخامة رديئة جدا ولا تشبه الصور كمان السعر في الفاتورة يختلف عن السعر المعلن شكرا,جودة المنتج
السلام عليكم، الخامة رديئة جدا ولا تشبه الصور,جودة المنتج
شركة الشحن تقول سلمنا الطلب وأنا ما استلمت شي,التوصيل
طلب رقم 48149 يَا جمّاعة رّفضوا اَسترجّاع المنَتج رغم أنهّ ضّمن المدِة شُكرا,الاسترجاع والاستبدال
للأسف يطلبون مني دفع رسوم شحن للإرجاع هذا غير مقبول,الاسترجاع والاستبدال
طلب رقم 71075 السلام عليكم، السعر في الفاتورة يختلف عن السعر المعلن,الفوترة والدفع
بعد إذنكم الخامة رديئة جدا ولا تشبه الصور وفوق هذا لا أستطيع تغيير رقم الجوال في الملف الشخصي غير راضي عن الخدمة,جودة المنتج
طلب رقم 19077 السلام عليكم، الجهاز توقف عن العمل بعد يومين فقط أنتظر ردكم,جودة المنتج
أريد أن أشتكي: وش سبب تأخير التوصيل كل مرة,التوصيل
السلام عليكم، ما وصلتني فاتورة ضريبية رغم الطلب 😤,الفوترة والدفع
بعدُ إذنَكمّ طُلبت اُستِبدال المنَتج ولم يتم حِتى الآّن غيّرِ راضي عِن الخدمة,الاسترجاع والاستبدال
لم يحل أحد مشكلتي وكل مرة يحولوني لقسم ثاني شكرا,خدمة العملاء
مّوَظف خدمة العُملاء كان غير محِترمِ في الرّد وّفوقُ هَذَا طلِب الاستبدال يّنُتظَر اِلّمُوِافقة مِنذ أيَام هِذا غير مقِبولَ,خدمة العملاء
يا جماعة رفضوا استرجاع المنتج رغم أنه ضمن المدة أرجو الحل بسرعة,التوصيل
يا جماعة سياسة الإرجاع غير واضحة ورفضوا طلبي شكرا,الاسترجاع والاستبدال
يُا جماعة وِصِلِنُي اّلطلبّ لَعنوِاّن خاطّئ رغم أّني كتبت العنوان صح وأيضا اُنتظرت علىُ اَلُخطُ نصف ساُعُة بدونَ فائدة,التوصيل
عملية الدفع فشلت والمبلغ انسحب من حسابي order #8475,الفوترة والدفع
طلب رقم 28542 بعد إذنكم مندوب التوصيل لا يرد على الاتصال ويرجع الطلب وأيضا ما وصلتني فاتورة ضريبية رغم الطلب غير راضي عن الخدمة,التوصيل
وش سبب تأخير التوصيل كل مرة شكرا,التوصيل
السلام عليكم، طلب الاستبدال ينتظر الموافقة منذ أيام كمان لم تصلني الشحنة حتى الآن وتتبع الطلب لا يتحدث شكرا,الاسترجاع والاستبدال
بعد إذنكم الدعم الفني وعدني بمكالمة ولم يتصل,خدمة العملاء
للأسف الطرد وصل مفتوح وممزق من الخارج ومن جهة ثانية ما وصلتني فاتورة ضريبية رغم الطلب هذا غير مقبول,التوصيل
المبلغ المسترد لم يصل إلى حسابي,الاسترجاع والاستبدال
فيه خدوش واضحة والمنتج مستعمل,جودة المنتج
بعد إذنكم ما وصلتني فاتورة ضريبية رغم الطلب أرجو الحل بسرعة,الفوترة والدفع
طلب رقم 98721 مرحبا الجهاز توقف عن العمل بعد يومين فقط أرجو الحل بسرعة,جودة المنتج
للأسف الطلب تأخر عن الموعد المحدد بأكثر من أسبوع,التوصيل
مرحبا رفضوا استرجاع المنتج رغم أنه ضمن المدة كمان لا أستطيع تغيير رقم الجوال في الملف الشخصي غير راضي عن الخدمة,الاسترجاع والاستبدال
يا جماعة فيه خدوش واضحة والمنتج مستعمل,جودة المنتج
أريد أن أشتكي: لم يحل أحد مشكلتي وكل مرة يحولوني لقسم ثاني غير راضي عن الخدمة,خدمة العملاء
بعد إذنكم فيه خدوش واضحة والمنتج مستعمل وأيضا موظف خدمة العملاء كان غير محترم في الرد أرجو الحل بسرعة,جودة المنتج
بعد إذنكم الطرد وصل مفتوح وممزق من الخارج شكرا,التوصيل
مرحبا السعر في الفاتورة يختلف عن السعر المعلن ومن جهة ثانية التطبيق يتوقف باستمرار ويغلق لوحده,الفوترة والدفع
للأسف الموقع بطيء جدا ولا يفتح صفحة الدفع هذا غير مقبول,الحساب والتطبيق
بعد إذنكم ما وصلتني فاتورة ضريبية رغم الطلب وأيضا انتظرت على الخط نصف ساعة بدون فائدة غير راضي عن الخدمة,الفوترة والدفع
مندوب التوصيل لا يرد على الاتصال ويرجع الطلب,التوصيل
مرحِباَ اتصلِت أكثرُ مُن خِمس مُرات وَلم يِرد أحد,خدمة العملاء
طلب رقم 34238 يا جماعة وصلني الطلب لعنوان خاطئ رغم أني كتبت العنوان صح شكرا,التوصيل
السُلاَمَ عليكم، تمّ سحب اشترَاك شهرّي بدوَنَ عَلمِي هُذَا غير مقِبول,الفوترة والدفع
الخامة رديئة جدا ولا تشبه الصور أنتظر ردكم,جودة المنتج
السلام عليكم، عملية الدفع فشلت والمبلغ انسحب من حسابي ومن جهة ثانية لم يحل أحد مشكلتي وكل مرة يحولوني لقسم ثاني شكرا 😡,الفوترة والدفع
مرحبا المنتج لا يطابق الوصف في الموقع غير راضي عن الخدمة,جودة المنتج
بعد إذنكم الطرد وصل مفتوح وممزق من الخارج,التوصيل
أريد أن أشتكي: الطرد وصل مفتوح وممزق من الخارج أنتظر ردكم,التوصيل
السلام عليكم، بعد التحديث الأخير اختفت بيانات حسابي هذا غير مقبول,الحساب والتطبيق
للأسف المنتج لا يطابق الوصف في الموقع أرجو الحل بسرعة,جودة المنتج
يا جماعة المقاس غير مطابق والجودةـــ سيئة,جودة المنتج
للأسف الطلب تأخر عن الموعد المحدد بأكثر من أسبوع كمان المبلغ المسترد لم يصل إلى حسابي أرجو الحل بسرعة,التوصيل
يا جماعة شركة الشحن تقول سلمنا الطلب وأنا ما استلمت شي ومن جهة ثانية الفاتورة تحتوي على رسوم لم أوافق عليها غير راضي عن الخدمة,جودة المنتج
بعد إذنكم تم إغلاق حسابي بدون أي سبب هذا غير مقبول,الحساب والتطبيق
بعد إذنكم المقاس غير مطابق والجودة سيئة ومن جهة ثانية الطرد وصل مفتوح وممزق من الخارج https://t.co/xyz,جودة المنتج
بعد إذنكم ما وصلتني فاتورة ضريبية رغم الطلب وأيضا المبلغ المسترد لم يصل إلى حسابي أرجو الحل بسرعة,الفوترة والدفع
يا جماعة أرسلت المنتج المرتجع ولم أحصل على أي تأكيد ومن جهة ثانية المنتج وصل معطوب ولا يعمل أرجو الحل بسرعة,الاسترجاع والاستبدال
السلام عليكم، تم خصم المبلغ مرتين من بطاقتي وفوق هذا طلب الاستبدال ينتظر الموافقة منذ أيام,الفوترة والدفع
السلام عليكم، فيه خدوش واضحة والمنتج مستعمل هذا غير مقبول 😤,جودة المنتج
مرحبا المنتج وصل معطوب ولا يعمل,جودة المنتج
للأسف البطارية تنفد بسرعة والمنتج ضعيف شكرا https://t.co/xyz,جودة المنتج
مرحبا السعر في الفاتورة يختلف عن السعر المعلن,الفوترة والدفع
أريد أن أشتكي: وش سبب تأخير التوصيل كل مرة شكرا,التوصيل
بعد إذنكم الجهاز توقف عن العمل بعد يومين فقط أرجو الحل بسرعة,جودة المنتج
للأسف طلبت استبدال المنتج ولم يتم حتى الآن غير راضي عن ااالخدمة,الاسترجاع والاستبدال
وش سببـــ تأخير التوصيل كل مرة أرجو الحل بسرعة,التوصيل
مرحبا ما وصلتني فاتورة ضريبية رغم الطلب هذا غير مقبول,الفوترة والدفع
للأسف وش سبب تأخير التوصيل كل مرة وأيضا تم خصم المبلغ مرتين من بطاقتي,التوصيل
بعد إذنكم المنتج لا يطابق الوصف في الموقع كمان لم تصلني الشحنة حتى الآن وتتبع الطلب لا يتحدث غير راضي عن الخدمة,جودة المنتج
مرحبا المنتج لا يطابق الوصف في الموقع كمان عملية الدفع فشلت والمبلغ انسحب من حسابي شكرا,جودة المنتج
الفاتورة تحتوي على رسوم لم أوافق عليها هذا غير مقبول,الفوترة والدفع
طلب رقم 55749 تم خصم المبلغ مرتين من بطاقتي أنتظر ردكم,الفوترة والدفع
بعد إذنكم عملية الدفع فشلت والمبلغ انسحب من حسابي ومن جهة ثانية مندوب التوصيل لا يرد على الاتصال ويرجع الطلب شكرا,الفوترة والدفع
يا جماعة المنتج لا يطابق الوصف في الموقع غير راضي عن الخدمة,جودة المنتج
بعد إذنكم السعر في الفاتورة يختلف عن السعر المعلن أنتظر ردكم,الفوترة والدفع
الموقع بطيء جدا ولا يفتح صفحة الدفع شكرا,الحساب والتطبيق
طلب رقم 14331 السلام عليكم، طلب الاستبدال ينتظر الموافقة منذ أيام كمان لم يحل أحد مشكلتي وكل مرة يحولوني لقسم ثاني أرجو الحل بسرعة,الاسترجاع والاستبدال
مرحبا تم سحب اشتراك شهري بدون علمي أرجو الحل بسرعة,الفوترة والدفع
يا جماعة السعر في الفاتورة يختلف عن السعر المعلن وأيضا الجهاز توقف عن العمل بعد يومين فقط أنتظر ردكم order #4737,الفوترة والدفع
الموقع بطيء جدا ولا يفتح صفحة الدفع أرجو الحل بسرعة,الحساب والتطبيق
السلام عليكم، المنتج وصل معطوب ولا يعمل غير راضي عن الخدمة,جودة المنتج
الطلب تأخر عن الموعد المحدد بأكثر من أسبوع هذا غير مقبول,التوصيل
لا أستطيع تسجيل الدخول إلى حسابي وفوق هذا وش سبب تأخير التوصيل كل مرة هذا غير مقبول,الحساب والتطبيق
للأِسف الطُلّبَ تَأخر عن الِموعد الِمّحدُد بَأكثر منَ أسبّوع https://t.co/xyz,التوصيل
مرحبا طلِب الاستّبدال ينّتَظرِ الموافُقة مُنذ أّيام هذاُ غُير مقّبول,الاسترجاع والاستبدال
الِطِلب تأخر عن الُموِعِد المحدد بأكثر مَن أِسبّوعِ,التوصيل
يا جماعة الجهاز توقف عن العمل بعد يومين فقط هذا غير مقبول,جودة المنتج
مرحبا تم سحب اشتراك شهري بدون علمي,الفوترة والدفع
طلب رقم 56752 السلام عليكم، رد الدعم آلي ولا يفهم مشكلتي كمان الطلب تأخر عن الموعد المحدد بأكثر من أسبوع أرجو الحل بسرعة,خدمة العملاء
السلام عليكم، طلب الاستبدال ينتظر الموافقة منذ أيام أرجو الحل بسرعة,الاسترجاع والاستبدال
السلام عليكم، اتصلت أكثر من خمس مرات ولم يرد أحد كمان الطرد وصل مفتوح وممزق من الخارج شكرا,خدمة العملاء
طلب رقم 75234 مرُحَبَاِ موظفِ خدمة اَلعّملّاءّ كااان غَيَر محُتَرم فيّ اّلَرد,خدمة العملاء
مرحبا شركة الشحن تقولـــ سلمنا الطلب وأنا ما استلمت شي أرجو الحل بسرعة,التوصيل
طلب رقم 82406 السلام عليكم، طلب الاستبدال ينتظر الموافقة منذ أيام,الفوترة والدفع
مرحبا رفضوا استرجاع المنتج رغم أنه ضمن المدة هذا غير مقبول 😤,الاسترجاع والاستبدال
الِسلامّ علُيكم، لمِ تصلُنيِ اَلشحنة حتَىِ الآنَ وُتّتّبَع اَلطِلب لاُ يَتحّدث وّمنّ جّهُةِ ثانِيَةَ لا أُسُتطيع تِغّييّر رّقمُ الِجوالّ في الملفّ اَلشخُصَيُ غّير رّاضّيُ عن اَلخدمُة,التوصيل
الطلب تأخر عن الموعد المحدد بأكثر من أسبوع أنتظر ردكم,التوصيل
مرحبا الخامة رديئة جدا ولا تشبه الصور,جودة المنتج
بعد إذنكم أرسلت المنتج المرتجع ولم أحصل على أي تأكيد وأيضا عملية الدفع فشلت والمبلغ انسحب من حسابي أنتظر ردكم,الاسترجاع والاستبدال
أريد أن أشتكي: مندوب التوصيل لا يرد على الاتصال ويرجع الطلب وأيضا بعد التحديث الأخير اختفت بيانات حسابي أرجو الحل بسرعة !!!,التوصيل
طلب رقم 34715 السلام عليكم، وشـــ سبب تأخير التوصيل كل مرة,التوصيل
مرحبا مندوب التوصيل لا يرد على الاتصال ويرجع الطلب وفوق هذا عملية الدفع فشلت والمبلغ انسحب من حسابي,التوصيل
الخامة رديئة جدا ولا تشبه الصور كمان الموقع بطيء جدا ولا يفتح صفحة الدفع,جودة المنتج
أريد أن أشتكي: أرسلت المنتج المرتجع ولم أحصل على أي تأكيد هذا غير مقبول,الاسترجاع والاستبدال
يا جماعة الدعم الفني وعدني بمكالمة ولم يتصل كمان المبلغ المسترد لم يصل إلى حسابي هذا غير مقبول,خدمة العملاء
يا جماعة عملية الدفع فشلت والمبلغ انسحب من حسابي ومن جهة ثانية المنتج وصل معطوب ولا يعمل أنتظر ردكم,الفوترة والدفع
السلام عليكم، الجهاز توقف عن العمل بعد يومين فقط غير راضي عن الخدمة,جودة المنتج
للأسف تذكرتي مفتوحة من أسبوعين وما أحد رد شكرا,خدمة العملاء
شركة الشحن تقول سلمنا الطلب وأنا ما استلمت شي شكرا 😡,التوصيل
أريد أن أشتكي: نسيت كلمة المرور ولم تصلني رسالة التحقق كمان لم تصلني الشحنة حتى الآن وتتبع الطلب لا يتحدث,الحساب والتطبيق
للأسف لا أستطيع تسجيل الدخول إلى حسابي وأيضا موظف خدمة العملاء كان غير محترم في الرد أرجو الحل بسرعة,الحساب والتطبيق
مرحبا الجهاز توقف عن العمل بعد يومين فقط أنتظر ردكم,جودة المنتج
,الاسترجاع والاستبدال
طلب رقم 13449 السلام عليكم، يطلبون مني دفع رسوم شحن للإرجاع أنتظر ردكم https://t.co/xyz,الاسترجاع والاستبدال
سياسّة الإرجاع غُير وِاااّضحّة ورفّضِوا طِلِبي شكراُ,الاسترجاع والاستبدال
للأسف وصلني الطلب لعنوان خاااطئ رغم أني كتبت العنوان صح شكرا,التوصيل
مرحبا طلب الاستبدال ينتظر الموافقة منذ أيام أنتظر ردكم,الاسترجاع والاستبدال
الطّلب تأخِر عن الّموعد الِمحدد بأكثرِ مُن أسبوّع هذّاّ غير مَقبولِ,التوصيل
مرحبا الطلب تأخر عن الموعد المحدد بأكثر من أسبوع وأيضا تم إغلاق حسابي بدون أي سبب,التوصيل
مرحبّا ما وصلتني فاتُورِة ضريبية رغمِ اّلّطلبّ وفوق هِذا نسيِت كِلِمة اَلمرُور ولَمُ تُصُلني رّسالةُ اّلتحقِق غيرُ راضي عن اَلِخدمِةِ,الفوترة والدفع
بعد إذنكم الجهاز توقف عن العمل بعد يومين فقط أرجو الحل بسرعة,جودة المنتج
تذكرتي مفتوحة من أسبوعين وما أحد رد أرجو الحل بسرعة 😡,خدمة العملاء
للأسف وصلني الطلب لعنوان خاطئ رغم أني كتبت العنوان صح أنتظر ردكم,التوصيل
السلّام عليِكم، المنتجِ لاَ يطابق الوصف فُي الُمُوقع,جودة المنتج
أريد أن أشتكي: ما وصلتني فاتورة ضريبية رغم الطلب order #5849,الفوترة والدفع
تم سحب اشتراك شهري بدون علمي شكرا,الفوترة والدفع
يا جماعة الدعم الفني وعدني بمكالمة ولم يتصل أنتظر ردكم,خدمة العملاء
السلام عليكم، الطلب تأخر عن الموعد المحدد بأكثر من أسبوع,التوصيل
للأسف لا أستطيع تغيير رقم الجوال في الملف الشخصي وأيضا لم تصلني الشحنة حتى الآن وتتبع الطلب لا يتحدث هذا غير مقبول,الحساب والتطبيق
فيه خدوش واضحة والمنتج مستعمل,جودة المنتج
أريد أن أشتكي: الجهاز توقف عن العمل بعد يومين فقط كمان عملية الدفع فشلت والمبلغ انسحب من حسابي غير راضي عن الخدمة,جودة المنتج
بعدُ إذنُكّمِ المَنِتج وّصلّ مُعطوبَ ولاِ يعُمل,جودة المنتج
,الفوترة والدفع
البّطارية تنفد بسّرعة وِالِمنتج ضعيَفُ وَمن جهة ثانيِةَ الَتطبَيق يتوُقِف باستُمُرار ويغلق لّوِحده,جودة المنتج
بعد إذنكم مندوب التوصيل لا يرد على الاتصال ويرجع الطلب كمان لم يحل أحد مشكلتي وكل مرة يحولوني لقسم ثاني أنتظر ردكم,التوصيل
رفضوا استرجاع المنتج رغم أنه ضمن المدة وأيضا فيه خدوش واضحة والمنتج مستعمل هذا غير مقبول,الاسترجاع والاستبدال
ما وصلتني فاتورة ضريبية رغم الطلب,الفوترة والدفع
طلب رقم 26749 السلام عليكم، الطلب تأخر عن الموعد المحدد بأكثر من أسبوع غير راضي عن الخدمة,التوصيل
الجهاز توقف عن العمل بعد يومين فقط ومن جهة ثانية ما وصلتني فاتورة ضريبية رغم الطلب,جودة المنتج
بعد إذنكم الطرد وصل مفتوح وممزق من الخارج شكرا,التوصيل
انتظرت على الخط نصف ساعة بدون فائدة وأيضا سياسة الإرجاع غير واضحة ورفضوا طلبي غير راضي عن الخدمة,خدمة العملاء
السلام عليكم، موظف خدمة العملاء كان غير محترم في الرد أنتظر ردكم,خدمة العملاء
مرحبا شركة الشحن تقول سلمنا الطلب وأنا ما استلمت شي أرجو الحل بسرعة,الاسترجاع والاستبدال
مرحبا الطلب تأخر عن الموعد المحدد بأكثر من أسبوع شكرا,التوصيل
مرحبا يطلبون مني دفع رسوم شحن للإرجاع غير راضي عن الخدمة,الاسترجاع والاستبدال
طلب رقم 90204 يا جماعة أرسلت المنتج المرتجع ولم أحصل على أي تأكيد,الاسترجاع والاستبدال
الدعم الفني وعدني بمكالمة ولم يتصل,خدمة العملاء
بعد إذنكم الطرد وصل مفتوح وممزق من الخارج وفوق هذا الدعم الفني وعدني بمكالمة ولم يتصل أنتظر ردكم,التوصيل
رد الدعم آلي ولا يفهم مشكلتي غير راضي عن الخدمة,خدمة العملاء
تذكرتي مفتوحة من أسبوعين وما أحد رد وفوق هذا وش سبب تأخير التوصيل كل مرة غير راضي عن الخدمة,الفوترة والدفع
للأسف تم سحب اشتراك شهري بدون علمي كمان الخامة رديئة جدا ولا تشبه الصور أرجو الحل بسرعة,الفوترة والدفع
للأسف طلبت استبدال المنتج ولم يتم حتى الآن أرجو الحل بسرعة,الاسترجاع والاستبدال
بعد إذنَكم شِركة الُشُحن تقَول سلمّنا الطِلُب وأنَاّ ما استّلِمّت شي هذّاَ غيّر مقبّول,التوصيل
أرسلت المنتج المرتجع ولم أحصل على أي تأكيد غير راضي عن الخدمة,الاسترجاع والاستبدال
تم سحب اشتراك شهري بدون علمي,الفوترة والدفع
يا جماعة فيه خدوش واضحة والمنتج مستعمل أنتظر ردكم,جودة المنتج
يا جماعة الدعم الفني وعدني بمكالمة ولم يتصل ومن جهة ثانية المقاس غير مطابق والجودة سيئة غير راضي عن الخدمة,خدمة العملاء
طلب رقم 99125 وش سبب تأخير التوصيل كل مرة شكرا,التوصيل
لم تصلني الشحنة حتى الآن وتتبع الطلب لا يتحدث شكرا,التوصيل
يا جماعة الطرد وصل مفتوح وممزق من الخارج شكرا,التوصيل
مرحبا طلبت استبدال المنتج ولم يتم حتى الآن ومن جهة ثانية تم إغلاق حسابي بدون أي سبب هذا غير مقبول,الاسترجاع والاستبدال
للأسف وصلني الطلب لعنوان خاطئ رغم أني كتبت العنوان صح,التوصيل
طلب رقم 77626 مرحبا رد الدعم آلي ولا يفهم مشكلتي شكرا,خدمة العملاء
بعّدّ إذنكم اَلّجهاَز تِوَقِفّ عن العمل بُعدِ يّومَيِنّ فقِطِ أَنتِظِرّ رَدَكمِ,جودة المنتج
مرحبا البطارية تنفد بسرعة والمنتج ضعيف وأيضا التطبيق يتوقف باستمرار ويغلق لوحده هذا غير مقبول,جودة المنتج
رد الدعم آلي ولا يفهم مشكلتي أنتظر ردكم,خدمة العملاء
أريد أن أشتكي: تذكرتي مفتوحة من أسبوعين وما أحد رد غير راضي عن الخدمة,خدمة العملاء
السلام عليكم، وش سبب تأخير التوصيل كل مرة وأيضا يطلبون مني دفع رسوم شحن للإرجاع هذا غير مقبول,التوصيل
موظف خدمة العملاء كان غير محترم في الرد كمان كود الخصم لم يعمل عند الدفع,جودة المنتج
المبلغ المسترد لم يصل إلى حسابي,الاسترجاع والاستبدال
,جودة المنتج 
اتصلت أكثر من خمس مرات ولم يرد أحد غير راضي عن الخدمة !!!,خدمة العملاء
يَاُ جماِعة فيه خدوّش واضحةِ وَالمنتَجّ مستعمل هذا غيَر مقَبِول,جودة المنتج
مرحباِ لّمّ تصلِنَي الشُحنّةّ حتىُ الآن وِتِتِبع الطَلب لاَ يِتحدث غيُر رِاضّي عّن اِلخدمةِ,التوصيل
للأسف المقاس غير مطابق والجودة سيئة أرجو الحل بسرعة https://t.co/xyz,جودة المنتج
السلام عليكم، لا أستطيع تغيير رقم الجوال في الملف الشخصي أنتظر ردكم,الحساب والتطبيق
أريد أن أشتكي: تم سحب اشتراك شهري بدون علمي غير راضي عن الخدمة,الفوترة والدفع
تم خصم المبلغ مرتين من بطاقتي كمان الجهاز توقف عن العمل بعد يومين فقط أنتظر ردكم,الفوترة والدفع
بعد إذنكَمّ تم سُحب اشتّرِاُك شهري بدون علَمُي أِنتظر رِدكم 😡,الفوترة والدفع
مرُحَبَا نسيِت كلمةُ المرورِ ولم تصّلنّي رساّلةّ الَتحقَق كمان موظِف خدمُة العمِلُاء كِان غيَر مِحتِرمّ في الّرد شُكُرُاُ,الحساب والتطبيق
طلب رقم 29162 السلام عليكم، انتظرت على الخط نصف ساعة بدون فائدة وفوق هذا السعر في الفاتورة يختلف عن السعر المعلن,خدمة العملاء
أريد أن أشتكي: عملَية الدفّعَ فشلتُ واِلِمبُلّغُ انسحب مَنُ حساِبي وّفّوقَ هذُاُ تذكرَتيُ مفتوِحةّ مّن أسبّوعيِن وما أحد ردّ هذّا غير مقبَول,الفوترة والدفع
مرحبا اتصلت أكثر من خمس مرات ولم يرد أحد أنتظر ردكم,خدمة العملاء
لم يحل أحد مشكلتي وكل مرة يحولوني لقسم ثاني وأيضا الطرد وصل مفتوح وممزق من الخارج شكرا,خدمة العملاء
السلام عليكم، الجهاز توقف عن العمل بعد يومين فقط أرجو الحل بسرعة,جودة المنتج
مرحبا السعر في الفاتورة يختلف عن السعر المعلن كمان المبلغ المسترد لم يصل إلى حسابي أنتظر ردكم,الفوترة والدفع
أريد أن أشتكي: رفضوا استرجاع المنتج رغم أنه ضمن المدة هذا غير مقبول,الاسترجاع والاستبدال
للأسف المنتج وصل معطوب ولا يعمل,جودة المنتج
للأسف اتصلت أكثر من خمس مرات ولم يرد أحد شكرا,خدمة العملاء
يا جماعة مندوب التوصيل لا يرد على الاتصال ويرجع الطلب https://t.co/xyz,التوصيل
مرحبا تم خصم المبلغ مرتين من بطاقتي,الفوترة والدفع
المقاس غير مطابق والجودة سيئة غير راضي عن الخدمة,جودة المنتج
طلب رقم 47415 مرحبا نسيت كلمة المرور ولم تصلني رسالة التحقق أنتظر ردكم,الحساب والتطبيق
للأسف لم تصلني الشحنة حتى الآن وتتبع الطلب لا يتحدث وفوق هذا يطلبون مني دفع رسوم شحن للإرجاع,التوصيل
يا جماعة وصلني الطلب لعنوان خاطئ رغم أني كتبت العنوان صح وفوق هذا لا أستطيع تغيير رقم الجوال في الملف الشخصي أرجو الحل بسرعة ؟؟؟,التوصيل
رفضوا استرجاع المنتج رغم أنه ضمن المدة,الاسترجاع والاستبدال
انتظرت على الخط نصف ساعة بدون فائدة وأيضا وش سبب تأخير التوصيل كل مرة,خدمة العملاء
تذكرتي مفتوحة من أسبوعين وما أحد رد أرجو الحل بسرعة,خدمة العملاء
السلام عليكم، طلب الاستبدال ينتظر الموافقة منذ أيام,الاسترجاع والاستبدال
مرحبا الموقع بطيء جدا ولا يفتح صفحة الدفع شكرا,الحساب والتطبيق
يا جماعة المنتج لا يطابق الوصف في الموقع هذا غير مقبول,جودة المنتج
مرحبا لا أستطيع تسجيل الدخول إلى حسابي,الحساب والتطبيق
طلب رقم 30686 يا جماعة وش سبب تأخير التوصيل كل مرة أرجو الحل بسرعة,التوصيل
كود الخصم لم يعمل عند الدفع شكرا !!!,الفوترة والدفع
الجهاز توقف عن العمل بعد يومين فقط وأيضا تم سحب اشتراك شهري بدون علمي أرجو الحل بسرعة,جودة المنتج
تم سحب اشتراك شهري بدون علمي كمان سياسة الإرجاع غير واضحة ورفضوا طلبي,الفوترة والدفع
مرحبا المنتج وصل معطوب ولا يعمل أرجو الحل بسرعة !!!,جودة المنتج
يّا جمّاعَة الجهاز توقف عن اِلعُمل بعَدُ يَومين فقِط,جودة المنتج
طلبت استبدال المنتج ولم يتم حتى الآن أنتظر ردكم,الاسترجاع والاستبدال
لّلِأسَفّ لم تصلّنِيَ الشُحنة حّتى اّلّآُن وّتتبُع الطلبُ لا يتّحدّثّ غير راضُي عن الخِدمّةُ,التوصيل
طلب رقم 11141 الدعم الفني وعدني بمكالمة ولم يتصل أنتظر ردكم !!!,خدمة العملاء
مرحبا طلب الاستبدال ينتظر الموافقة منذ أيام أنتظر ردكم,الاسترجاع والاستبدال
للأسف المنتج لا يطابق الوصف في الموقع هذا غير مقبول,جودة المنتج
السلام عليكم، الطرد وصل مفتوح وممزق من الخارج غير راضي عن الخدمة 😡,التوصيل
شركة الشحن تقول سلمنا الطلب وأنا ما استلمت شي,التوصيل
مرحبا أرسلت المنتج المرتجع ولم أحصل على أي تأكيد هذا غير مقبول,الاسترجاع والاستبدال
يا جماعة اتصلت أكثر من خمس مرات ولم يرد أحد أرجو الحل بسرعة,خدمة العملاء 
بعد إذنكم المبلغ المسترد لم يصل إلى حسابي غير راضي عن الخدمة,الاسترجاع والاستبدال
يا جماعة كود الخصم لم يعمل عند الدفع شكرا,الفوترة والدفع
السلام عليكم، لم يحل أحد مشكلتي وكل مرة يحولوني لقسم ثاني غير راضي عن الخدمة,خدمة العملاء
مرحبا مندوب التوصيل لا يرد على الاتصال ويرجع الطلب,التوصيل
طلب رقم 58558 أريد أن أشتكي: لم يحل أحد مشكلتي وكل مرة يحولوني لقسم ثاني وفوق هذا المقاس غير مطابق والجودة سيئة هذا غير مقبول,خدمة العملاء
يا جماعة لم تصلني الشحنة حتى الآن وتتبع الطلب لا يتحدث هذا غير مقبول,التوصيل
أريد أن أشتكي: التطبيق يتوقف باستمرار ويغلق لوحده أنتظر ردكم,الحساب والتطبيق
طلب رقم 25544 للأسف اَتُصلت أكثر منَ خمس مرات وّلم يردُ أَحّد وِفُوق هذَا أرَسلُت المنتجُ الُمرتجعِ ولم أحصل على أي تِأكيد شكرا,خدمة العملاء
للأسف تم خصم المبلغ مرتين من بطاقتي أنتظر ردكم,الفوترة والدفع
السعر في الفاتورة يختلف عن السعر المعلن وأيضا طلب الاستبدال ينتظر الموافقة منذ أيام غير راضي عن الخدمة,الفوترة والدفع
رفضَوا اسُترجِاَعِ اّلمِنتج رغِمِ أنهَ ضمِن المُدَة أنِتظّر ردَكِمَ,الاسترجاع والاستبدال
للأسف المقاس غير مطابق والجودة سيئة ومن جهة ثانية لم يحل أحد مشكلتي وكل مرة يحولوني لقسم ثاني,جودة المنتج
السلام عليكم، الطلب تأخر عن الموعد المحدد بأكثر من أسبوع,التوصيل
طلب رقم 72185 أريد أن أشتكي: لم تصلني الشحنة حتى الآن وتتبع الطلب لا يتحدث,التوصيل
عملية الدفع فشلت والمبلغ انسحب من حسابي غير راضي عن الخدمة,الفوترة والدفع
بعُدِ إذنُكم اّلّجُهازِ توقفُ عن الَعمَلَ بِعد يومين فقط وِفِوّقِ هذّاَ بعَد التحّدِيث الأخير اختفّت بيانِات حُسابُي,جودة المنتج
طلب رقم 54142 السلام عليكم، المقاس غير مطابق والجودة سيئة,جودة المنتج
طلب رقم 94689 أريد أن أشتكي: الجهاز توقف عن العمل بعد يومين فقط غير راضي عن الخدمة,الحساب والتطبيق
للأسف البطارية تنفد بسرعة والمنتج ضعيف هذا غير مقبول,جودة المنتج
للأسف شركة الشحن تقول سلمنا الطلب وأنا ما استلمت شي هذا غير مقبول,التوصيل
مرحبا الطلب تأخر عن الموعد المحدد بأكثر من أسبوع ؟؟؟,التوصيل
بعد إذنكم تذكرتي مفتوحة من أسبوعين وما أحد رد هذا غير مقبول,خدمة العملاء
يا جماعة التطبيق يتوقف باستمرار ويغلق لوحده هذا غير مقبول,الحساب والتطبيق
مرحباَ وشُ سببُ تأِخيّر التّوصيلُ كل مرُة هذا غيرّ مّقبول 😤,التوصيل
أريد أن أشتكي: شركة الشحن تقول سلمنا الطلب وأنا ما استلمت شي https://t.co/xyz,التوصيل
مرحبا نسيت كلمة المرور ولم تصلني رسالة التحقق شكرا,الحساب والتطبيق
أريد أن أشتكي: بعد التحديث الأخير اختفت بيانات حسابي ومن جهة ثانية فيه خدوش واضحة والمنتج مستعمل شكرا,الحساب والتطبيق
أرسلت المنتج المرتجع ولم أحصل على أي تأكيد ومن جهة ثانية المنتج لا يطابق الوصف في الموقع غير راضي عن الخدمة,الاسترجاع والاستبدال
أريد أن أشتكي: شركة الشحن تقول سلمنا الطلب وأنا ما استلمت شي أنتظر ردكم,التوصيل
مندوب التوصيل لا يرد على الاتصال ويرجع الطلب ومن جهة ثانية التطبيق يتوقف باستمرار ويغلق لوحده هذا غير مقبول,التوصيل
طلب رقم 51542 السلام عليكم، مندوب التوصيل لا يرد على الاتصال ويرجع الطلب شكرا,التوصيل
مندوب التوصيل لا يرد على الاتصال ويرجع الطلب شكرا,التوصيل
السلام عليكم، وصلني الطلب لعنوان خاطئ رغم أني كتبت العنوان صح ومن جهة ثانية طلبت استبدال المنتج ولم يتم حتى الآن,الاسترجاع والاستبدال
للأسف الموقع بطيء جدا ولا يفتح صفحة ااالدفع أنتظر ردكم,الحساب والتطبيق
الجهاز توقف عن العمل بعد يومين فقط أرجو الحل بسرعة https://t.co/xyz,جودة المنتج
مندوب التوصيل لا يرد على الاتصال ويرجع الطلب,التوصيل
السلام عليكم، موظف خدمة العملاء كان غير محترم في الرد غير راضي عن الخدمة,خدمة العملاء
السلام عليكم، لم تصلني الشحنة حتى الآن وتتبع الطلب لا يتحدث كمان فيه خدوش واضحة والمنتج مستعمل أنتظر ردكم,التوصيل
لم تصلني الشحُنِة حتى الُآن وتتبعَ الطلب لاِ يتحِدثَ,التوصيل
,الفوترة والدفع
السلام عليكم، نسيت كلمة المرور ولم تصلني رسالة التحقق,الحساب والتطبيق
للأسف فيه خدوش واضحة والمنتج مستعمل شكرا,جودة المنتج
يا جماعة المنتج وصل معطوب ولا يعمل,جودة المنتج
أريد أن أشتكي: الطلب تأخر عن الموعد المحدد بأكثر من أسبوع أرجو الحل بسرعة !!!,التوصيل
بعد إذنكم الموقع بطيء جدا ولا يفتح صفحة الدفع أرجو الحل بسرعة,الحساب والتطبيق
السلام عليكم، الدعم الفني وعدني بمكالمة ولم يتصل,خدمة العملاء
بعد إذنكم رفضوا استرجاع المنتج رغم أنه ضمن المدة وأيضا ما وصلتني فاتورة ضريبية رغم الطلب أرجو الحل بسرعة,الاسترجاع والاستبدال
,التوصيل
يا جماعة المنتج وصل معطوب ولا يعمل وأيضا الفاتورة تحتوي على رسوم لم أوافق عليها,جودة المنتج
المنتج وصل معطوب ولا يعمل وأيضا الطلب تأخر عن الموعد المحدد بأكثر من أسبوع غير راضي عن الخدمة,جودة المنتج
بعد إذنكم تم إغلاق حسابي بدون أي سبب أرجو الحل بسرعة,الحساب والتطبيق
للأسف موظف خدمة العملاء كان غير محترم في الرد غير راضي عن الخدمة,خدمة العملاء
موظف خدمة العملاء كان غير محترم في الرد هذا غير مقبول,خدمة العملاء
يا جماعة مندوب التوصيل لا يرد على الاتصال ويرجع الطلب شكرا,التوصيل
الجهاز توقف عن العمل بعد يومين فقط 😤,جودة المنتج
مرحبا طلب الاستبدال ينتظر الموافقةـــ منذ أيام,الاسترجاع والاستبدال
طلب رقم 58558 أريد أن أشتكي: لم يحل أحد مشكلتي وكل مرة يحولوني لقسم ثاني وفوق هذا المقاس غير مطابق والجودة سيئة هذا غير مقبول,خدمة العملاء
السلام عليكم، انتظرت على الخط نصف ساعة بدون فائدة أرجو الحل بسرعة,خدمة العملاء
السلام عليكم، لا أستطيع تسجيل الدخول إلى حسابي ومن جهة ثانية عملية ااالدفع فشلت والمبلغ انسحب من حسابي,الحساب والتطبيق
بعد إذنكم تم خصم المبلغ مرتين من بطاقتي,الفوترة والدفع
لا أستطيع تسجيل الدخول إلى حسابي كمان رفضوا استرجاع المنتج رغم أنه ضمن المدة هذا غير مقبول,الحساب والتطبيق
رد الدعم آلي ولا يفهم مشكلتي,خدمة العملاء
ما وصلتني فاتورة ضريبية رغم الطلب أرجو الحل بسرعة,الفوترة والدفع
طلب رقم 74226 التطبيق يتوقف باستمرار ويغلق لوحده شكرا,الحساب والتطبيق
يا جماعة السعر في الفاتورة يختلف عن السعر المعلن أرجو الحل بسرعة,الفوترة والدفع
مرحباِ انُتظرت على اُلخُط نِصف ساعِةُ بدوَن فُائّدُةُ وُمن جهة ثِانية بَعدَ التحَدِيَث اَلأخير اختفت بيِاناتّ حسابيُ هذا غيَرُ مقبوّل,خدمة العملاء
للأسف المبلغ المسترد لم يصل إلى حسابي أرجو الحل بسرعة,الاسترجاع والاستبدال
يا جماعة نسيت كلمة المرور ولم تصلني رسالة التحقق أرجو الحل بسرعة,الحساب والتطبيق
السلام عليكم، البطارية تنفد بسرعة والمنتج ضعيف ومن جهة ثانية عملية الدفع فشلت والمبلغ انسحب من حسابي شكرا,جودة المنتج
الطلب تأخر عن الموعد المحدد بأكثر من أسبوع غير راضي عن الخدمة,التوصيل
لم تصلني الشحنة حتى الآن وتتبع الطلب لا يتحدث أنتظر ردكم,التوصيل
السلام عليكم، الفاتورة تحتوي على رسوم لم أوافق عليها أنتظر ردكم,الفوترة والدفع
المنتج وصل معطوب ولا يعمل أرجو الحل بسرعة,جودة المنتج
السلام عليكم، كود الخصم لم يعمل عند الدفع,الفوترة والدفع
طلب رقم 35594 مرحبا لا أستطيع تغيير رقم الجوال في الملف الشخصي أرجو الحل بسرعة,الحساب والتطبيق
للأسف وش سبب تأخير التوصيل كل مرة أنتظر ردكم,التوصيل
مرحبا السعر في الفاتورة يختلف عن السعر المعلن كمان سياسة الإرجاع غير واضحة ورفضوا طلبي,الفوترة والدفع
مرحبا طلب الاستبدال ينتظر الموافقة منذ أيام شكرا,الاسترجاع والاستبدال
السلام عليكم، اتصلت أكثر من خمس مرات ولم يرد أحد وأيضا شركة الشحن تقول سلمنا الطلب وأنا ما استلمت شي,خدمة العملاء
طلب رقم 73472 للأسف طلب الاستبدال ينتظر الموافقة منذ أيام وأيضا الفاتورة تحتوي على رسوم لم أوافق عليها أرجو الحل بسرعة,الاسترجاع والاستبدال
مرحبا فيه خدوش واضحة والمنتج مستعمل شكرا,جودة المنتج
يا جماعة ما وصلتني فاتورة ضريبية رغم الطلب,الفوترة والدفع
للأسف تذكرتي مفتوحة من أسبوعين وما أحد رد,خدمة العملاء
تذكرتي مفتوحة من أسبوعين وما أحد رد غير راضي عن الخدمة,خدمة العملاء
لا أستطيع تسجيل الدخول إلى حسابي ومن جهة ثانية المقاس غير مطابق والجودة سيئة أنتظر ردكم,الحساب والتطبيق
السلام عليكم، الجهاز توقف عن العمل بعد يومين فقط ومن جهة ثانية طلبت استبدال المنتج ولم يتم حتى الآن,التوصيل
مرَحباَ عمليِة الدفُع فشلت والَمبلغ انُسحَب مُنُ حسُاَبُي وأيَضِا اَلخاّمةَ رديئة جدا ولَا تِشبهّ الصور,الفوترة والدفع
طلبت استبدال المنتج ولم يتم حتى الآن أنتظر ردكم,الاسترجاع والاستبدال
الجهاز توقف عن العمل بعد يومين فقط غير راضي عن الخدمة,جودة المنتج 
السلام عليكم، سياسة الإرجاع غير واضحة ورفضوا طلبي أنتظر ردكم,الاسترجاع والاستبدال
أريد أن أشتكي: التطبيق يتوقف باستمرار ويغلق لوحده شكرا,الحساب والتطبيق
مرحبا الطلبـــ تأخر عن الموعد المحدد بأكثر من أسبوع أنتظر ردكم,التوصيل
يا جّماُعة اِلجهاز توقف عن العمل بعدِ يَومِيّنّ فقطَ,جودة المنتج
السلام عليكم، التطبيق يتوقف باستمرار ويغلق لوحده هذا غير مقبول,الحساب والتطبيق
عملية الدفع فشلت والمبلغ انسحب من حسابي وأيضا بعد التحديث الأخير اختفت بيانات حسابي,الفوترة والدفع
بعد إذنكم تم خصم المبلغ مرتين من بطاقتي غير راضي عن الخدمة,الفوترة والدفع
الموقع بطيء جدا ولا يفتح صفحة الدفع أنتظر ردكم,الحساب والتطبيق
لا أستطيع تسجيل الدخول إلى حسابي أرجو الحل بسرعة,الحساب والتطبيق
طلب رقم 66729 يا جماعة المنتج لا يطابق الوصف في الموقع,جودة المنتج
أريد أن أشتكي: لم تصلني الشحنة حتى الآن وتتبع الطلب لا يتحدث أرجو الحل بسرعة,التوصيل
وش سبب تأخير التوصيل كل مرة أرجو الحل بسرعة,التوصيل
بعد التحديث الأخير اختفت بيانات حسابي وفوق هذا المقاس غير مطابق والجودة سيئة غير راضي عن الخدمة,الحساب والتطبيق
تذكرتي مفتوحة من أسبوعين وما أحد رد أنتظر ردكم,خدمة العملاء
لم يحل أحد مشكلتي وكل مرة يحولوني لقسم ثاني هذااا غير مقبول,خدمة العملاء
السلام عليكم، البطارية تنفد بسرعة والمنتج ضعيف,جودة المنتج
يا جماعة كود الخصم لم يعمل عند الدفع أنتظر ردكم !!!,الفوترة والدفع
المنتج لا يطابق الوصف في الموقع أرجو الحل بسرعة,جودة المنتج
للأسف فيه خدوش واضحة والمنتج مستعمل شكرا,جودة المنتج
تذكرتي مفتوحة من أسبوعين وما أحد رد غير راضي عن الخدمة,خدمة العملاء
يا جماعة شركةـــ الشحن تقول سلمنا الطلب وأنا ما استلمت شي أنتظر ردكم,التوصيل
كود الخصم لم يعمل عند الدفع كمان مندوب التوصيل لا يرد على الاتصال ويرجع الطلب شكرا,الفوترة والدفع
أريد أن أشتكي: اتصلت أكثر من خمس مرات ولم يرد أحد,خدمة العملاء
الجهاز توقف عن العمل بعد يومين فقط هذا غير مقبول,جودة المنتج
للأسف الطرد وصل مفتوح وممزق من الخارج غير راضي عن الخدمة,التوصيل
مرحبا رفضوا استرجاع المنتج رغم أنه ضمن المدة شكرا,الاسترجاع والاستبدال
رد الدعم آلي ولا يفهم مشكلتي أرجو الحل بسرعة,خدمة العملاء
بعد إذنكم الفاتورة تحتوي على رسوم لم أوافق عليها أرجو الحل بسرعة,الفوترة والدفع
للأسف المبلغ المسترد لم يصل إلى حسابي شكرا,الاسترجاع والاستبدال
أريد أن أشتكي: طلبت استبدال المنتج ولم يتم حتى الآن أنتظر ردكم,الاسترجاع والاستبدال
طلب رقم 29769 يا جماعة رد الدعم آلي ولا يفهم مشكلتي كمان طلب الاستبدال ينتظر الموافقة منذ أيام هذا غير مقبول,خدمة العملاء
للأسف كود الخصم لم يعمل عند الدفع ؟؟؟,الفوترة والدفع
بعد إذنكم لم يحل أحد مشكلتي وكل مرة يحولوني لقسم ثاني أنتظر ردكم,جودة المنتج
مرحبا الجهاز توقف عن العمل بعد يومين فقط وفوق هذا طلبت استبدال المنتج ولم يتم حتى الآن order #7708,جودة المنتج
أريد أن أشتكي: البطارية تنفد بسرعة والمنتج ضعيف,التوصيل
أريد أن أشتكي: المنتج وصل معطوب ولا يعمل,جودة المنتج
ما وصلتني فاتورة ضريبية رغم الطلب ومن جهة ثانية التطبيق يتوقف باستمرار ويغلق لوحده هذا غير مقبول 😤,الفوترة والدفع
مّرِحَبا فيهَ خدوَش واضحة وِاُلِمنتجّ مسَتعمَل وُأَيضاّ لم تصلّنيّ اِلِشحنة حتُى الآُن وَتُتِبع الطلبّ لاَ يتحدثِ,جودة المنتج
أريد أن أشتكي: اتصلت أكثر من خمس مرات ولم يرد أحد شكرا,خدمة العملاء
مرحبا لم تصلني الشحنة حتى الآن وتتبع الطلب لا يتحدث ومن جهة ثانية رفضوا استرجاع المنتج رغم أنه ضمن المدة أرجو الحل بسرعة,التوصيل
عملية الدفع فشلت والمبلغ انسحب من حسابي شكرا,الفوترة والدفع
مرحبا لم يحل أحد مشكلتي وكل مرة يحولوني لقسم ثاني,خدمة العملاء
أريد أن أشتكي: لم تصلني الشحنة حتى الآن وتتبع الطلب لا يتحدث,التوصيل
لم تصلني الشحنة حتى الآن وتتبع الطلب لا يتحدث,التوصيل
طلب رقم 92197 مرحبا المقاس غير مطابق والجودة سيئة,جودة المنتج
بعد إذنكم سياسة الإرجاع غير واضحة ورفضوا طلبي وأيضا وش سبب تأخير التوصيل كل مرة أنتظر ردكم,الاسترجاع والاستبدال
يا جماعة طلب الاستبدال ينتظر الموافقة منذ أيام غير راضي عن الخدمة,الاسترجاع والاستبدال
يا جماعة عملية الدفع فشلت والمبلغ انسحب من حسابي,الفوترة والدفع
طلب الاستبدال ينتظر الموافقة منذ أيام ومن جهة ثانية الموقع بطيء جدا ولا يفتح صفحة الدفع شكرا,الاسترجاع والاستبدال
بعد إذنكم طلب الاستبدال ينتظر الموافقة منذـــ أيام ومن جهة ثانية التطبيق يتوقف باستمرار ويغلق لوحده أرجو الحل بسرعة,الاسترجاع والاستبدال
مرحبا شركة الشحن تقول سلمنا الطلب وأنا ما استلمت شي غير راضي عن الخدمة,التوصيل
تم سحب اشتراك شهري بدون علمي 😡,الفوترة والدفع
للأسف مندوب التوصيل لا يرد على الاتصال ويرجع الطلب كمان يطلبون مني دفع رسوم شحن للإرجاع غير راضي عن الخدمة,التوصيل
السلام عليكم، المنتج لا يطابق الوصف في الموقع غير راضي عن الخدمة,جودة المنتج
للأُسف البطارِية تَنفدَ بُسُرعة والمنّتجَ ضعيفـــ,جودة المنتج
السلام عليكم، تم سحب اشتراك شهري بدون علمي,الفوترة والدفع
بعد إذنكم السعر في الفاتورة يختلف عن السعر المعلن غير راضي عن الخدمة,الفوترة والدفع
مرحبا المقاس غير مطابق والجودة سيئة غير راضي عن الخدمة,جودة المنتج
طلب رقم 97720 أريد أن أشتكي: سياسة الإرجاع غير واضحة ورفضوا طلبي,الاسترجاع والاستبدال
يا جماعة موظف خدمة العملاء كان غير محترم في الرد,خدمة العملاء
طلبت استبدال المنتج ولم يتم حتى الآن وفوق هذا انتظرت على الخط نصف ساعة بدون فائدة أنتظر ردكم,الاسترجاع والاستبدال
للأسف رد الدعم آلي ولا يفهم مشكلتي وفوق هذا رفضوا استرجاع المنتج رغم أنه ضمن المدة شكرا,خدمة العملاء
يطلبون مني دفع رسوم شحن للإرجاع ومن جهة ثانية الدعم الفني وعدني بمكالمة ولم يتصل https://t.co/xyz,الاسترجاع والاستبدال
السلام عليكم، وش سبب تأخير التوصيل كل مرة هذا غير مقبول,التوصيل
أريد أن أشتكي: لم يحل أحد مشكلتي وكل مرة يحولوني لقسم ثاني أرجو الحل بسرعة,خدمة العملاء
للأسف لم تصلني الشحنة حتى الآن وتتبع الطلب لا يتحدث غير راضي عن الخدمة,التوصيل
السلام عليكم، ما وصلتني فاتورة ضريبية رغم الطلب هذا غير مقبول https://t.co/xyz,الفوترة والدفع
يا جماعة الموقع بطيء جدا ولا يفتح صفحة الدفع وأيضا الفاتورة تحتوي على رسوم لم أوافق عليها,الحساب والتطبيق
بعد إذنكم طلب الاستبدال ينتظر الموافقة منذ أيام أرجو الحل بسرعة,الاسترجاع والاستبدال
يا جماعة مندوب التوصيل لا يرد على الاتصال ويرجع الطلب,التوصيل
بعد إذنكم أرسلت المنتج المرتجع ولم أحصل على أي تأكيد أنتظر ردكم,الاسترجاع والاستبدال
الخامة رديئة جدا ولا تشبه الصور,جودة المنتج
وصلني الطلب لعنوان خاطئ رغم أني كتبت العنوان صح هذا غير مقبول,التوصيل
الفاتورة تحتوي على رسوم لم أوافق عليها وفوق هذا التطبيق يتوقف باستمرار ويغلق لوحده هذا غير مقبول,الفوترة والدفع
موظف خدمة العملاء كان غير محترم في الرد وأيضا سياسة الإرجاع غير واضحة ورفضوا طلبي,خدمة العملاء
بعد إذنكم طلبت استبّداَل المنتجَ ولم يتُم حّتىِ اّلآنِ غير راضي عُن اِلخدُمة,الاسترجاع والاستبدال
السلام عليكم، الطلب تأخر عن الموعد المحدد بأكثر من أسبوعـــ وأيضا تم سحب اشتراك شهري بدون علمي أرجو الحل بسرعة,التوصيل
يا جماعة كود الخصم لم يعمل عند الدفع وأيضا الخامة رديئة جدا ولا تشبه الصور,الفوترة والدفع
الدعم الفني وعدني بمكالمة ولم يتصل,خدمة العملاء
طلب رقم 32820 وش سبب تأخير التوصيل كل مرة أنتظر ردكم,التوصيل
طلب رقم 81140 مندوب التوصيل لا يرد على الاتصال ويرجع الطلب وأيضا السعر في الفاتورة يختلف عن السعر المعلن أرجو الحل بسرعة,التوصيل
السلام عليكم، انتظرتـــ على الخط نصف ساعة بدون فائدة شكرا,خدمة العملاء
طلب رقم 46924 مرحبا سياسة الإرجاع غير واضحة ورفضوا طلبي وفوق هذا التطبيق يتوقف باستمرار ويغلق لوحده,الاسترجاع والاستبدال
الطرد وصل مفتوح وممزق من الخارج أرجو الحل بسرعة,التوصيل
يا جماعة رفضوا استرجاع المنتج رغم أنه ضمن المدة,الاسترجاع والاستبدال
أريد أن أشتكي: طلب الاستبدال ينتظر الموافقة منذ أيام ومن جهة ثانية شركة الشحن تقول سلمنا الطلب وأنا ما استلمت شي أرجو الحل بسرعة,الاسترجاع والاستبدال
أريد أن أشتكي: التطبيق يتوقف باستمرار ويغلق لوحده شكرا,الحساب والتطبيق
للِأسفّ تم إّغُلاق حسَابيّ بدونّ أِي سببِ شَكرا,الحساب والتطبيق
الفاتورة تحتوي على رسوم لم أوافق عليها,الفوترة والدفع
للأسف الدعم الفني وعدني بمكالمة ولم يتصل شكرا,خدمة العملاء
بعد إذنكم المبلغ المسترد لم يصل إلى حسابي هذا غير مقبول,الاسترجاع والاستبدال
للأسف اِلُمُقاس غّير مطَابق والجودّة سيئة أرجو اُلّحل بسرُعةّ,جودة المنتج
السلام عليكم، وصلني الطلب لعنوان خاطئ رغم أني كتبت العنوان صح 😤,التوصيل
بَعد إذُنكِمَ طلبتَ اُستبُدال المّنّتجَ ولم يُتُم حّتىُ الآّن غيرَ راضيَ عِن اَلُخدمة,الاسترجاع والاستبدال
بعد إذنكم لم يحل أحد مشكلتي وكل مرة يحولوني لقسم ثاني هذا غير مقبول,خدمة العملاء
أريد أن أشتكي: تم سحب اشتراك شهري بدون علمي غير راضي عن الخدمة,الفوترة والدفع
طلب رقم 16828 مرحبا كود الخصم لم يعمل عند الدفع,الفوترة والدفع
بعد إذنكم الدعم الفني وعدني بمكالمة ولم يتصل أنتظر ردكم,خدمة العملاء
السلام عليكم، اتصلت أكثر من خمس مرات ولم يرد أحد هذا غير مقبول,خدمة العملاء
الخامة رديئة جدا ولا تشبه الصور https://t.co/xyz,جودة المنتج
يا جماعة الطلب تأخر عن الموعد المحدد بأكثر من أسبوع أرجو الحل بسرعة,التوصيل
يا جماعة كود الخصم لم يعمل عند الدفع ومن جهة ثانية تم إغلاق حسابي بدون أي سبب !!!,الفوترة والدفع
طلب رقم 35594 مرحبا لا أستطيع تغيير رقم الجوال في الملف الشخصي أرجو الحل بسرعة,الحساب والتطبيق
رد الدعم آلي ولا يفهم مشكلتي وفوق هذا عملية الدفع فشلت والمبلغ انسحب من حسابي أرجو الحل بسرعة,خدمة العملاء
مرحبا لم يحل أحد مشكلتي وكل مرة يحولوني لقسم ثاني,خدمة العملاء
بعد إذنكم المنتج وصل معطوب ولا يعمل ومن جهة ثانية اتصلت أكثر من خمس مرات ولم يرد أحد هذا غير مقبول,جودة المنتج
بعد إذنكم موظف خدمة العملاء كان غير محترم في الرد غير راضي عن الخدمة,خدمة العملاء
أريد أن أشتكي: الخامة رديئة جدا ولا تشبه الصور,جودة المنتج
مرحُبا البَطاّرَية تنفد بُسُرعةَ وِالمنّتَج ضِعِيف كمان تِم خِصُمّ المبلغ مرّتِيُن من بطاقّتي أرجوُ الّحل بسُرعَة,جودة المنتج
يا جماعِةَ الَبطاريةّ تنفد بسرعة والمنتجَ ضعيف شُكّرا ؟؟؟,جودة المنتج
الموقع بطيء جدا ولا يفتح صفحة الدفع أنتظر ردكم,الحساب والتطبيق
طلب رقم 71764 لم تصلني الشحنة حتى الآن وتتبع الطلب لا يتحدث أنتظر ردكم order #3961,التوصيل
أريد أن أشتكي: سياسة الإرجاع غير واضحة ورفضوا طلبي كمان مندوب التوصيل لا يرد على الاتصال ويرجع الطلب شكرا order #9325,الاسترجاع والاستبدال
السلام عليكم، اتصلت أكثر من خمس مرات ولم يرد أحد,خدمة العملاء
يا جماعة تم سحب اشتراك شهري بدون علمي ومن جهة ثانية الدعم الفني وعدني بمكالمة ولم يتصل شكرا 😡,الفوترة والدفع
بعد إذنكم الخامة رديئة جدا ولا تشبه الصور,جودة المنتج
أريد أن أشتكي: موظف خدمة العملاء كان غير محترم في الرد وأيضا المبلغ المسترد لم يصل إلى حسابي,خدمة العملاء
يا جماعة سياسة الإرجاع غير واضحة ورفضوا طلبي وأيضا نسيت كلمة المرور ولم تصلني رسالة التحقق أرجو الحل بسرعة,الاسترجاع والاستبدال 
أريد أن أشتكي: موظف خدمة العملاء كان غير محترم في الرد,خدمة العملاء
مرحبا الطرد وصل مفتوح وممزق من الخارج كمان التطبيق يتوقف باستمرار ويغلق لوحده هذا غير مقبول,التوصيل
يا جماعة المنتج وصل معطوب ولا يعمل,جودة المنتج
شركة الشحن تقول سلمنا الطلب وأنا ما استلمت شي أنتظر ردكم,التوصيل
يا جماعة الخامة رديئة جدا ولا تشبه الصور أنتظر ردكم,جودة المنتج
طلب رقم 53911 بّعَد إذنِكمُ شركةِ الشحَن تقوَل سلِمنَا الَطَلّب وأَنا ما استلَمتَ شَي غّير راّضِيُ عنُ الخدِمّةُ,الاسترجاع والاستبدال
الدعم الفني وعدني بمكالمة ولم يتصل غير راضي عن الخدمة,خدمة العملاء
للأسف المنتج وصل معطوب ولا يعمل غير راضي عن الخدمة,جودة المنتج
يا جماعة ما وصلتني فاتورة ضريبية رغم الطلب شكرا,الفوترة والدفع
للأسف الطلب تأخر عن الموعد المحدد بأكثر من أسبوع,التوصيل
سياسة الإرجاع غير واضحة ورفضوا طلبي أرجو الحل بسرعة,الاسترجاع والاستبدال
الفاتورة تحتوي على رسوم لم أوافق عليها,الفوترة والدفع
طلب رقم 61410 انتّظّرَت على الخط نصف ساعة بدِوُن فائدة أرجّو اِلحل بُسِرِعَة,خدمة العملاء
للِأسف طّلُبُت اسِتبدال الّمّنَتَج ولمَ يّتُم حُتىّ اّلّآِن غير راضيّ عنّ الخّدُمة 😤,الاسترجاع والاستبدال
مرحبا اتصلت أكثر من خمس مرات ولم يرد أحد هذا غير مقبول https://t.co/xyz,خدمة العملاء
للأسف مندوب التوصيل لا يرد على الاتصال ويرجع الطلب ومن جهة ثانية التطبيق يتوقف باستمرار ويغلق لوحده شكرا,التوصيل
عملية الدفع فشلت والمبلغ انسحب من حسابي شكرا,الفوترة والدفع
كود الخصم لم يعمل عند الدفع وأيضا سياسة الإرجاع غير واضحة ورفضوا طلبي,الفوترة والدفع
مرحبا مندوب التوصيل لا يرد على الاتصال ويرجع الطلب,التوصيل
السلام عليكم، رد الدعم آلي ولا يفهم مشكلتي,خدمة العملاء
السلام عليكم، عملية الدفع فشلت والمبلغ انسحب منـــ حسابي,الفوترة والدفع
بعد إذنكم شركة الشحن تقول سلمنا الطلب وأنا ما استلمت شي وفوق هذا المنتج لا يطابق الوصف في الموقع غير راضي عن الخدمة,التوصيل
طلب الاستبدال ينتظر الموافقة منذ أيام غير راضي عن الخدمة,الاسترجاع والاستبدال
أريد أن أشتكي: وصلني الطلب لعنوان خاطئ رغم أني كتبت العنوان صح ؟؟؟,التوصيل
المنتج لا يطابق الوصف في الموقع,جودة المنتج
الجهاز توقف عن العمل بعد يومين فقط وفوق هذا الطلب تأخر عن الموعد المحدد بأكثر من أسبوع,جودة المنتج
للأسف نسيت كلمة المرور ولم تصلني رسالة التحقق هذا غير مقبول,الحساب والتطبيق
طلب رقم 86615 بعد إذنكم الطرد وصل مفتوح وممزق من الخارج,التوصيل
الطلب تأخر عن الموعد المحدد بأكثر من أسبوع وفوق هذا لا أستطيع تسجيل الدخول إلى حسابي غير راضي عن الخدمة,التوصيل
يا جماعة التطبيق يتوقف باستمرار ويغلق لوحده,الحساب والتطبيق
للأسف نسيت كلمة المرور ولم تصلني رسالة التحقق وأيضا أرسلت المنتج المرتجع ولم أحصل على أي تأكيد هذا غير مقبول,الحساب والتطبيق
بعد إذنكم المنتج لا يطابق الوصف في الموقع هذا غير مقبول !!!,جودة المنتج
بعد إذنكم وصلني الطلب لعنوان خاطئ رغم أني كتبت العنوان صح غير راضي عن الخدمة,خدمة العملاء
للأسف لاُ أَستطيعُ تسجيُلَ اَلِدخولِ إلىَ حَسابي,الحساب والتطبيق
السلام عليكم، البطارية تنفد بسرعة والمنتج ضعيف كمان المبلغ المسترد لم يصل إلى حسابي,جودة المنتج
بعد إذنكم التطبيق يتوقف باستمرار ويغلق لوحده,الحساب والتطبيق
أريد أن أشتكي: يطلبون مني دفع رسوم شحن للإرجاع,الاسترجاع والاستبدال
المقاس غير مطابق والجودة سيئة,جودة المنتج
فيه خدوش واضحة والمنتج مستعمل وأيضا رفضوا استرجاع المنتج رغم أنه ضمن المدة,جودة المنتج
للَأسف اِلَفاُتوَرةّ تِحُتوِي علىَ رّسُوم لم أوافق عليها كمان الُمنّتجَ وصَلِ معطوُب وِلاّ يعمل أنِتظرَ ردكم !!!,الفوترة والدفع
مرحبا الجهاز توقف عن العمل بعد يومين فقط أرجو الحل بسرعة,جودة المنتج
طلب رقم 40407 أريد أن أشتكي: لم تصلني الشحنة حتى الآن وتتبع الطلب لا يتحدث هذا غير مقبول,التوصيل
مرحبا طلبت استبدال المنتج ولم يتم حتى الآن,الاسترجاع والاستبدال
للأسف لم تصلني الشحنة حتى الآن وتتبع الطلب لا يتحدث أنتظر ردكم,التوصيل
مرحبا رفضوا استرجاع المنتج رغم أنه ضمن المدة وأيضا مندوب التوصيل لا يرد على الاتصال ويرجع الطلب أنتظر ردكم,الاسترجاع والاستبدال
للأسف الطرد وصل مفتوح وممزق من الخارج غير راضي عن الخدمة,التوصيل
السلام عليكم، لم تصلني الشحنة حتى الآن وتتبع الطلب لا يتحدث وأيضا ما وصلتني فاتورة ضريبية رغم الطلب أرجو الحل بسرعة,التوصيل
السلام عليكم، المبلغ المسترد لم يصل إلىـــ حسابي,الاسترجاع والاستبدال
السعر في الفاتورة يختلف عن السعر المعلن وأيضا اتصلت أكثر من خمس مرات ولم يرد أحد أنتظر ردكم !!!,الفوترة والدفع
بعد إذنكم الفاتورة تحتوي على رسوم لم أوافق عليها شكرا,الفوترة والدفع
أرسلت المنتج المرتجع ولم أحصل على أي تأكيد,الاسترجاع والاستبدال
مرحبا سياسة الإرجاع غير واضحة ورفضوا طلبي غير راضي عن الخدمة 😤,الاسترجاع والاستبدال
بعد إذِنكمُ اتّصُلت أُكثرُ منَ خمس مراتِ ولم يرد أحدِ وفِوق هذا اّلفاّتَوّرّة تحتوُي علىُ رَسوَم لم أوّاُفقِ علِيها أنتُظرّ ردُكم,خدمة العملاء
طلب رقم 40495 أريد أن أشتكي: الطرد وصل مفتوح وممزق منـــ الخارج وأيضا اتصلت أكثر من خمس مرات ولم يرد أحد أرجو الحل بسرعة,التوصيل
طلب الاستبدال ينتظر الموافقة منذ أيامـــ شكرا,الاسترجاع والاستبدال
أرِيد أنَ أشتكّي: كود اِلخصم لَم يعمل عُند اّلدفِع شكرا,الفوترة والدفع
السلام عليكم، وصلني الطلب لعنوان خاطئ رغم أني كتبت العنوان صح شكرا,التوصيل
مرّحبا تَمُ خصم المبلغُ مِرتينّ منُ بطاقتي هِذاِ غّير مقبوّل,الفوترة والدفع
أريد أن أشتكي: شركة الشحن تقول سلمنا الطلب وأنا ما استلمت شي شكرا,التوصيل
أريد أن أشتكي: لا أستطيع تغيير رقم الجوال في الملف الشخصي أرجو الحل بسرعة,الحساب والتطبيق
بعد إذنكم البطارية تنفد بسرعة والمنتج ضعيف أرجو الحل بسرعة,جودة المنتج
بعد إذنّكم السعر فيُ الفاَتورة يخُتلّف عن الَسّعر اَلمعُلن,الفوترة والدفع
تذكرتي مفتوحة من أسبوعين وما أحد رد أنتظر ردكم,خدمة العملاء
طلب رقم 63788 شركة الشحن تقول سلمنا الطلب وأنا ما استلمت شي هذا غير مقبول,التوصيل
للأسف شركة الشحن تقول سلمناـــ الطلب وأنا ما استلمت شي أنتظر ردكم,التوصيل
المقاس غير مطابق والجودة سيئة ومن جهة ثانية تم خصم المبلغ مرتين من بطاقتي أنتظر ردكم 😡,جودة المنتج
بعد إذنكم طلبت استبدال ااالمنتج ولم يتم حتى الآن ومن جهة ثانية التطبيق يتوقف باستمرار ويغلق لوحده,الاسترجاع والاستبدال
للأسف رد الدعم آلي ولا يفهم مشكلتي غير راضي عن الخدمة,الفوترة والدفع
يا جماعة عملية الدفع فشلت والمبلغ انسحب من حسابي هذا غير مقبول,الفوترة والدفع
بعد إذنكم لم تصلني الشحنة حتى الآن وتتبع الطلب لا يتحدث وفوق هذا لا أستطيع تغيير رقم الجوال في الملف الشخصي شكرا,التوصيل
طلب رقم 59554 مُرَحبا اَنتُظرتّ علىُ اَلخط نصُف ساعة بدَون فائدة أرجِو اَلحلُ بسّرعة 😡,خدمة العملاء
للأسف وش سبب تأخير التوصيل كل مرة,التوصيل
بعد إذنكم الخامة رديئة جدا ولا تشبه الصور وأيضا لم يحل أحد مشكلتي وكل مرة يحولوني لقسم ثاني,جودة المنتج
السلام عليكم، المنتج لا يطابق الوصف في الموقع أنتظر ردكم,جودة المنتج
السلام عليكم، شركة الشحن تقول سلمنا الطلب وأنا ما استلمت شي ومن جهة ثانية المقاس غير مطابق والجودة سيئة هذا غير مقبول,التوصيل
أريد أن أشتكي: عملية الدفع فشلت والمبلغ انسحب من حسابي أنتظر ردكم,الفوترة والدفع
مرحبا نسيت كلمة المرور ولم تصلني رسالة التحقق,الحساب والتطبيق
بعد إذنكم تم سحب اشتراكـــ شهري بدون علمي,الفوترة والدفع
بعد إذنكم التطبيق يتوقف باستمرار ويغلق لوحده أرجو الحل بسرعة,الحساب والتطبيق
طلب رقم 93262 موظف خدمة العملاء كان غير محترم في ااالرد order #6072,خدمة العملاء
يا جماعة الطلب تأخر عن الموعد المحدد بأكثر من أسبوع شكرا,التوصيل
كود الخصم لم يعمل عند الدفع,الفوترة والدفع
يا جماعة الموقع بطيء جدا ولا يفتح صفحة الدفع وفوق هذا تم خصم المبلغ مرتين من بطاقتي أنتظر ردكم,الحساب والتطبيق
السلام عليكم، اتصلت أكثر من خمس مرات ولم يرد أحد غير راضي عن الخدمة,خدمة العملاء
بعد إُذنكمّ لَم يحِلِ أحِد مشكَلتي وكّل مرة يُحولَوَنُيّ لَقسّم ثاَني شُكرا,خدمة العملاء
بعد إذنكم سياسة الإرجاع غير واضحة ورفضوا طلبي هذا غير مقبول order #9265,الحساب والتطبيق
للأسف فيه خدوش واضحة والمنتج مستعمل,جودة المنتج
السلام عليكم، لم تصلني الشحنةـــ حتى الآن وتتبع الطلب لا يتحدث وفوق هذا الفاتورة تحتوي على رسوم لم أوافق عليها,التوصيل
يا جماعة المقاس غير مطابق والجودة سيئة شكرا,جودة المنتج
مرحبا وصلني الطلب لعنوان خاطئ رغم أني كتبت العنوان صح,التوصيل
الدعم الفني وعدني بمكالمة ولم يتصل,خدمة العملاء
يا جماعة كود الخصم لم يعمل عند الدفع,الفوترة والدفع
مرحبا الطرد وصل مفتوح وممزق من الخارج هذا غير مقبول,التوصيل 
السلام عليكم، تذكرتي مفتوحة من أسبوعين وما أحد رد غير راضي عن الخدمة,خدمة العملاء
مرحبا التطبيق يتوقف باستمرار ويغلق لوحده,الحساب والتطبيق
يا جماعة طلب الاستبدال ينتظر الموافقة منذ أيام,الاسترجاع والاستبدال
للأسف وش سبب تأخير التوصيل كل مرة أرجو الحل بسرعة,التوصيل
فيه خدوش واضحة والمنتج مستعمل أنتظر ردكم,جودة المنتج
الطرد وصل مفتوح وممزق من الخارج شكرا 😤,التوصيل
مرحبا تم خصم المبلغ مرتين من بطاقتي,الفوترة والدفع
مرحبا اتصلت أكثر من خمس مرات ولم يرد أحد,خدمة العملاء
للأسفـــ الخامة رديئة جدا ولا تشبه الصور شكرا,جودة المنتج
طلب رقم 38130 انتظرت على الخط نصف ساعة بدون فائدة أنتظر ردكم,خدمة العملاء
يا جماعة رد الدعم آلي ولا يفهم مشكلتي أنتظر ردكم,خدمة العملاء
أريد أن أشتكي: كود الخصم لم يعمل عند الدفع كمان طلب الاستبدال ينتظر الموافقة منذ أيام,الفوترة والدفع
بعد إذنكم أرسلت المنتج المرتجع ولم أحصل على أي تأكيدـــ هذا غير مقبول,الاسترجاع والاستبدال
الَسِلام عِليكم، طلَبت استبدُاَلـــ اّلَمُنتج ولم يَتُم حتىُ الآنِ أنتظرُ ردكمَ,الاسترجاع والاستبدال
يا جماعة يطلبون مني دفع رسوم شحن للإرجاع وفوق هذا الجهاز توقف عن العمل بعد يومين فقط هذا غير مقبول,الاسترجاع والاستبدال
يطلبون مني دفع رسوم شحن للإرجاع أنتظر ردكم,الاسترجاع والاستبدال
بعد إذنكم كود الخصم لم يعمل عند الدفع شكرا,الفوترة والدفع
للأسف اتصلت أكثر من خمس مرات ولم يرد أحد وأيضا الفاتورة تحتوي على رسوم لم أوافق عليها غير راضي عن الخدمة,خدمة العملاء
بعد إذنكم موظف خدمة العملاء كان غير محترم في الرد هذا غير مقبول !!!,خدمة العملاء 
مرحبا الفاتورة تحتوي على رسوم لم أوافق عليها هذا غير مقبول,الفوترة والدفع
المنُتج وصل معطِوب وّلا يُعمل أُرجوَ الحِل بسرعة,جودة المنتج
بعد إذنكم ما وصلتني فاتورة ضريبية رغم الطلب غير راضي عن الخدمة,الاسترجاع والاستبدال
للأسف اتصلت أكثر من خمس مرات ولم يرد أحد أنتظر ردكم,خدمة العملاء
بعد إذنكم طلبت استبدال المنتج ولم يتم حتى الآن,الاسترجاع والاستبدال
طلب رقم 52964 الطرد وصل مفتوح وممزق من الخارج كمان الفاتورة تحتوي على رسوم لم أوافق عليها أنتظر ردكم,التوصيل
للأسف تذكرتي مفتوحة من أسبوعين وما أحد رد أنتظر ردكم,خدمة العملاء
مرحبا انتظرت على الخط نصف ساعة بدون فائدة شكرا,خدمة العملاء
يا جماعة كود الخصم لم يعمل عند الدفع أنتظر ردكم,الفوترة والدفع
البطارية تنفد بسرعة والمنتج ضعيف ومن جهة ثانية لم يحل أحد مشكلتي وكل مرة يحولوني لقسم ثاني أرجو الحل بسرعة,جودة المنتج
فيه خدوش واضحة والمنتج مستعمل وأيضا عملية الدفع فشلت والمبلغ انسحب من حسابي 😤,جودة المنتج
بعد إذنكم تم سحب اشتراك شهري بدون علمي,الفوترة والدفع
السلام عليكم، مندوب التوصيل لا يرد على الاتصال ويرجع الطلب أرجو الحل بسرعة,التوصيل
يا جماعة المنتج وصل معطوب ولا يعمل,الفوترة والدفع
السلام عليكم، المنتج لا يطابق الوصف في الموقع أرجو الحل بسرعة,جودة المنتج
طلب الاستبدال ينتظر الموافقة منذ أيام وفوق هذا موظف خدمة العملاء كان غير محترم في الرد,الاسترجاع والاستبدال
السلام عليكم، لا أستطيع تغيير رقم الجوال في الملف الشخصي,الحساب والتطبيق
للأسف الموقع بطيء جدا ولا يفتح صفحة الدفع وفوق هذا المنتج وصل معطوب ولا يعمل هذا غير مقبول,الحساب والتطبيق
مندوب التوصيل لا يرد على الاتصال ويرجع الطلب وفوق هذا الجهاز توقف عن العمل بعد يومين فقط,التوصيل
يا جماعة بعد التحديث الأخير اختفت بيانات حسابي هذا غير مقبول,الحساب والتطبيق
أريد أن أشتكي: الموقع بطيء جدا ولا يفتح صفحة الدفع هذا غير مقبول,الحساب والتطبيق
مرحبا لم تصلني الشحنة حتى الآن وتتبع الطلب لا يتحدث وأيضا لا أستطيع تغيير رقم الجوال في الملف الشخصي,التوصيل
يا جماعة موظف خدمة العملاء كان غير محترم في الرد,خدمة العملاء
يا جماعة السعر في الفاتورة يختلف عن السعر المعلن أنتظر ردكم,الفوترة والدفع
أريد أن أشتكي: بعد التحديث الأخير اختفت بيانات حسابي غير راضي عن الخدمة,الحساب والتطبيق
يا جماعة وصلني الطلب لعنوان خاطئ رغم أني كتبت العنوان صح هذا غير مقبول,التوصيل
الدعم الفني وعدني بمكالمة ولم يتصل غير راضي عن الخدمة,خدمة العملاء
السلام عليكم، وش سبب تأخير التوصيل كل مرة شكرا,جودة المنتج
للأسف لم يحل أحد مشكلتي وكل مرة يحولوني لقسم ثاني,الفوترة والدفع
السلام عليكم، الجهاز توقف عن العمل بعد يومين فقط هذا غير مقبول,جودة المنتج
بعد إذنكم المقاس غير مطابق والجودة سيئة 😤,جودة المنتج
طلب رقم 91037 السلام عليكم، لم تصلني الشحنة حتى الآن وتتبع الطلب لا يتحدث غير راضي عن الخدمة,التوصيل
يِاّ جِماعُةِ أرسلت المنتُج المرتجع ولم أحصل علِى أي تأكيُد شكَراَ,الاسترجاع والاستبدال
مرحبا رد الدعم آلي ولا يفهم مشكلتي شكرا,خدمة العملاء
بعد إذنكم المنتج لا يطابق الوصف في الموقع كمان أرسلت المنتج المرتجع ولم أحصل على أي تأكيد شكرا,جودة المنتج
يا جماعة لم يحل أحد مشكلتي وكل مرة يحولوني لقسم ثاني أرجو الحل بسرعة,الاسترجاع والاستبدال
شركة الشحن تقول سلمنا الطلب وأنا ما استلمت شي هذا غير مقبول,التوصيل
طلب رقم 15951 أريد أن أشتكي: السعر في الفاتورة يختلف عن السعر المعلن أنتظر ردكم !!!,الفوترة والدفع
أريد أن أشتكي: الطلب تأخر عن الموعد المحدد بأكثر من أسبوع أنتظر ردكم,التوصيل
السعر فُي الفاتورَة يختُلِف عنِ السعر اِلمعلن أنتّظَر ردِكم,الفوترة والدفع
عملية الدفع فشلت والمبلغ انسحب من حسابي,الفوترة والدفع
طلب رقم 31786 للأسف شركة الشحن تقول سلمنا الطلب وأنا ما استلمت شي,التوصيل
تم سحب اشتراك شهري بدون علمي أنتظر ردكم,الفوترة والدفع 
مرحبا الدعم الفني وعدني بمكالمة ولم يتصل غير راضي عن الخدمة,خدمة العملاء
أريد أن أشتكي: الطلب تأخر عن ااالموعد المحدد بأكثر من أسبوع غير راضي عن الخدمة,التوصيل
بعد إذنكم تم خصم المبلغ مرتين من بطاقتي أرجو الحل بسرعة,الفوترة والدفع
لم تصلني الشحنة حتى الآن وتتبع الطلب لا يتحدث أرجو الحل بسرعة 😡,التوصيل
اِنتظّرتِ علىُ الخَط نصف سُاعةِ بدون فّائدُةُ أنتّظرُ رّدَكِم https://t.co/xyz,خدمة العملاء
مرحبا المبلغ المسترد لم يصل إلى حسابي أنتظر ردكم,الاسترجاع والاستبدال
بعد إذنكم طلبت استبدال المنتج ولم يتم حتى الآن,الاسترجاع والاستبدال
السلام عليكم، ما وصلتني فاتورة ضريبية رغم الطلب أنتظر ردكم,الفوترة والدفع
لا أستطيع تسجيل الدخول إلى حسابي غير راضي عن الخدمة,الحساب والتطبيق
السلام عليكم، وش سبب تأخير التوصيل كل مرة كمان أرسلت المنتج المرتجع ولم أحصل على أي تأكيد غير راضي عن الخدمة,التوصيل
اتصلِت أكثرِ منُ خمس مرَات وِلّمِ يِرِد أحدَ,خدمة العملاء
للأسف اااتصلت أكثر من خمس مرات ولم يرد أحد أنتظر ردكم,خدمة العملاء
بعد إذنكم تم سحب اشتراك شهري بدون علمي,الفوترة والدفع
بعد إذنكم ما وصلتني فاتورة ضريبية رغم الطلب هذا غير مقبول,الفوترة والدفع
انتظرت على الخط نصف ساعة بدون فائدة شكرا !!!,خدمة العملاء
يا جماعة سياسة الإرجاع غير واضحة ورفضوا طلبي أنتظر ردكم,الاسترجاع والاستبدال
أريد أن أشتكي: سياسة الإرجاع غير واضحة ورفضوا طلبي شكرا,الاسترجاع والاستبدال
طلب رقم 27590 انتظرت على الخط نصف ساعة بدون فائدة شكرا,خدمة العملاء
أريد أن أشتكي: تم سحب اشتراك شهري بدون علمي شكرا https://t.co/xyz,الفوترة والدفع
يِاِ جماُعَة لا أستِطيع تغيير رقُم الُجِوال في اّلمِلف الشخصيّ وأيضّا طُلب اُلُاستبدال ينّتظر اّلُمواُفقةَ منذ أِياّم هذّا غير مقُبُول,الحساب والتطبيق 
تم خصم المبلغ مرتين من بطاقتي أرجو الحل بسرعة,الفوترة والدفع
يا جماعة وش سبب تأخير التوصيل كل مرة أنتظر ردكم,التوصيل
بعد إذنكم نسيت كلمة المرور ولم تصلني رسالة التحقق,الحساب والتطبيق
يا جماعة مندوب التوصيل لا يرد على الاتصال ويرجع الطلب وفوق هذا المنتج لا يطابق الوصف في الموقع أنتظر ردكم,التوصيل
مرحبا تم خصم المبلغ مرتين من بطاقتي,الفوترة والدفع
مرحبا سياسة الإرجاع غير واضحة ورفضوا طلبي ومن جهة ثانية السعر في الفاتورة يختلف عن السعر المعلن شكرا,الاسترجاع والاستبدال
الجهاز توقف عن العمل بعد يومين فقط كمان الموقع بطيء جدا ولا يفتح صفحة الدفع شكرا,جودة المنتج
مرحبا وصلني الطلب لعنوان خاطئ رغم أني كتبت العنوان صح هذا غير مقبول,التوصيل
بعد إذنكم تم إغلاق حسابي بدون أي سبب هذا غير مقبول,الحساب والتطبيق
أّريِدّ أن أشتكيُ: ما وصلتني فاتوُرة ضريبيةّ رغم اِلطلّبَ أرجو الحل بسرعّةِ,الفوترة والدفع
البطارية تنفد بسرعة والمنتج ضعيف ومن جهة ثانية بعد التحديث ااالأخير اختفت بيانات حسابي غير راضي عن الخدمة,جودة المنتج
طلب رقم 49888 بعد إذنكم الموقع بطيء جدا ولا يفتح صفحة الدفع شكرا ؟؟؟,الحساب والتطبيق
تم إغلاق حسابي بدون أي سبب,الحساب والتطبيق
مرحبا تم خصم المبلغ مرتين من بطاقتي غير راضي عن الخدمة,الفوترة والدفع
للأسف لم يحل أحد مشكلتي وكل مرة يحولوني لقسم ثاني وفوق هذا الطلب تأخر عن الموعد المحدد بأكثر من أسبوع هذا غير مقبول,خدمة العملاء
يِا جَماعّة طَلب الَاُستبدال ينتظر المواّفقة منِذَ أيِامِ كمانُ لِا أَسُتطيّع تَغَيير رقَمِ الجِواِل في الّمُلّف اَلُشخصي هذّاّ غيَر مقبول,الاسترجاع والاستبدال
السلام عليكم، لم تصلني الشحنة حتى الآن وتتبعـــ الطلب لا يتحدث وأيضا عملية الدفع فشلت والمبلغ انسحب من حسابي,التوصيل
بعد إذنكم موظف خدمة العملاء كان غير محترم في الرد ومن جهة ثانية تم سحب اشتراك شهري بدون علمي هذا غير مقبول,خدمة العملاء
مرحبا تم إغلاق حسابي بدون أي سبب كمان لم تصلني الشحنة حتى الآن وتتبع الطلب لا يتحدث,الحساب والتطبيق
أريد أن أشتكي: الطلب تأخر عن الموعد المحدد بأكثر من أسبوع,التوصيل
ياـــ جماعة المنتج لا يطابق الوصف في الموقع وأيضا سياسة الإرجاع غير واضحة ورفضوا طلبي هذا غير مقبول,جودة المنتج
للأسف الخامة رديئة جدا ولا تشبه الصور وأيضا الطلب تأخر عن الموعد المحدد بأكثر من أسبوع order #5983,جودة المنتج
للأسف يطلبون مني دفع رسوم شحن للإرجاع أنتظر ردكم 😡,الاسترجاع والاستبدال
مرحبا فيه خدوش واضحة والمنتج مستعمل أنتظر ردكم,جودة المنتج
مرحبا وش سبب تأخير التوصيل كل مرة أنتظر ردكم,التوصيل
يا جماعة ما وصلتني فاتورة ضريبية رغم الطلب أنتظر ردكم,الفوترة والدفع
ردّ الدعم آلي وّلا يِفهم مِشكلُتيّ غير رُاِضي عِن الّخَدمَة,خدمة العملاء
طلب الاستبدال ينتظر الموافقة منذ أيام غير راضي عن الخدمة,الاسترجاع والاستبدال
مرحبا وش سبب تأخير التوصيل كل مرة وأيضا عملية الدفع فشلت والمبلغ انسحب من حسابي أنتظر ردكم,التوصيل
أُريد أن أشَتكيّ: اِنتظرتُ علىِ اَلخَط نصِفَ ساِعة بُدونَ فائِدُة,خدمة العملاء
انتظرت على الخط نصف ساعة بدون فائدة أرجو الحل بسرعة,خدمة العملاء
ما وصلتني فاتورة ضريبية رغم الطلب أنتظر ردكم,الفوترة والدفع
مرحبا بعد التحديث الأخير اختفت بيانات حسابي أرجو الحل بسرعة,التوصيل
للأسف سياسة الإرجاع غير واضحة ورفضوا طلبي هذا غير مقبول,الاسترجاع والاستبدال
للأسف الدعم الفني وعدني بمكالمة ولم يتصل غير راضي عن الخدمة,خدمة العملاء
يا جماعة الطرد وصل مفتوح وممزق من الخارج هذا غير مقبول ؟؟؟,التوصيل
الخامة رديئة جدا ولا تشبه الصور شكرا,جودة المنتج
مرحبا المنتج وصل معطوب ولا يعمل غير راضي عن الخدمة,جودة المنتج
يا جماعة وش سبب تأخير التوصيل كل مرة هذا غير مقبول,التوصيل
السلام عليكم، اتصلت أكثر من خمس مرات ولم يرد أحد شكرا,خدمة العملاء
السعر في الفاتورة يختلف عن السعر المعلن هذا غير مقبول !!!,الفوترة والدفع
للَأسفِ عمليِة اِلُدفع فشلت وَالمبّلّغ انسُحُب منُ حُسابَيَ,الفوترة والدفع
بعد إذنكم الطرد وصل مفتوح وممزق من الخارج كمان فيه خدوش واضحة والمنتج مستعمل أنتظر ردكم,التوصيل
مرحبا تذكرتي مفتوحة من أسبوعين وما أحد رد أنتظر ردكم,خدمة العملاء
بعد إذنكم لم تصلني الشحنة حتى الآن وتتبع الطلب لا يتحدث وأيضا الدعم الفني وعدني بمكالمة ولم يتصل أنتظر ردكم,التوصيل
يا جماعة تذكرتي مفتوحة من أسبوعين وما أحد رد وأيضا البطارية تنفد بسرعة والمنتج ضعيف شكرا,خدمة العملاء
السلام عليكم، السعر في الفاتورة يختلف عن السعر المعلن وفوق هذا طلبت استبدال المنتج ولمـــ يتم حتى الآن شكرا,الفوترة والدفع
السلام عليكم، وش سبب تأخير التوصيل كل مرة هذا غير مقبول,التوصيل
السلام عليكم، الطلب تأخر عن الموعد المحدد بأكثر من أسبوع شكرااا,التوصيل
طلب رقم 42905 المنتج وصل معطوب ولا يعمل أرجو الحل بسرعة,جودة المنتج
الطلب تأخر عن الموعد المحدد بأكثر من أسبوع وأيضا تذكرتي مفتوحة من أسبوعين وما أحد رد غير راضي عن الخدمة,التوصيل
وصلني الطلب لعنوان خاطئ رغم أني كتبت العنوان صح غير راضي عن الخدمة,التوصيل
فيه خدوش واضحة والمنتج مستعمل أنتظر ردكم !!!,جودة المنتج
للأسف الجهاز توقف عن العمل بعد يومين فقط كمان كود الخصم لم يعمل عند الدفع,جودة المنتج
مرحبا لا أستطيع تغيير رقم الجوال في الملف الشخصي هذا غير مقبول,الحساب والتطبيق
لّلأسف فيه خَدّوُش واضحةَ وَالَمنتج مّسّتعمل غير راضي عن الخدمِةَ,جودة المنتج
شركة الشحن تقول سلمنا الطلب وأنا ما استلمت شي غير راضي عن الخدمة,التوصيل
بعد إذنكم الجهاز توقف عن العمل بعد يومين فقط,جودة المنتج
لّلأسف فيه خَدّوُش واضحةَ وَالَمنتج مّسّتعمل غير راضي عن الخدمِةَ,جودة المنتج
الفاتورة تحتوي على رسوم لم أوافق عليها كمان تذكرتي مفتوحة من أسبوعين وما أحد رد أنتظر ردكم,الفوترة والدفع
طلب رقم 58499 للأسف المقاس غير مطابق والجودة سيئة أنتظر ردكم,جودة المنتج
طلب رقم 20415 السلام عليكم، فيه خدوش واضحة والمنتج مستعمل هذا غير مقبول,جودة المنتج
مرحبا المبلغ المسترد لم يصل إلى حسابي,الاسترجاع والاستبدال
للأسف وصلني الطلب لعنوان خاطئ رغم أني كتبت العنوان صح هذا غير مقبول,التوصيل
الطرد وصل مفتوح وممزق من الخارج هذا غير مقبول,التوصيل
طلبت استبدال المنتج ولم يتم حتى الآن شكرا,الاسترجاع والاستبدال
وصلني الطلب لعنوان خاطئ رغم أني كتبت العنوان صح أرجو الحل بسرعة ؟؟؟,التوصيل
طلب رقم 36033 مرحبا شركة الشحن تقول سلمنا الطلب وأنا ما استلمت شي,التوصيل
المنتج لا يطابق الوصف في الموقع كمان انتظرت على الخط نصف ساعة بدون فائدة غير راضي عن الخدمة,جودة المنتج
السلام عليكم، انتظرت على الخط نصف ساعة بدون فائدة,خدمة العملاء
بعد إذنكم وصلني الطلب لعنوان خاطئ رغم أني كتبت العنوان صح أنتظر ردكم,التوصيل
نسيت كلمة المرور ولم تصلني رسالة التحقق وفوق هذا ما وصلتني فاتورة ضريبية رغم الطلب هذا غير مقبول,الحساب والتطبيق
السلام عليكم، طلبت استبدال المنتج ولم يتم حتى الآن غير راضي عن الخدمة,الاسترجاع والاستبدال
طلب رقم 60535 أريد أن أشتكي: فيه خدوش واضحة والمنتج مستعمل 😤,جودة المنتج
مرحبا الطلب تأخر عن الموعد المحدد بأكثر من أسبوع هذا غير مقبول,التوصيل
مرحبا المنتج وصل معطوب ولا يعمل غير راضي عن الخدمة,جودة المنتج
مرحبا شركة الشحن تقول سلمنا الطلب وأنا ما استلمت شي,التوصيل
للأسف الجهاز توقفـــ عن العمل بعد يومين فقط,جودة المنتج
طلب رقم 68888 أريد أن أشتكي: المنتج لا يطابق الوصف في الموقع أنتظر ردكم,جودة المنتج
للأسف سياسة الإرجاع غير واضحة ورفضوا طلبي ومن جهة ثانية لا أستطيع تسجيل الدخول إلى حسابي هذا غير مقبول,الاسترجاع والاستبدال
مرحبا وش سبب تأخير التوصيل كل مرة هذا غير مقبول ؟؟؟,التوصيل
لم تصلني الشحنة حتى الآن وتتبع الطلب لا يتحدث,التوصيل
يا جماعة يطلبون مني دفع رسوم شحن للإرجاع هذا غير مقبول,الاسترجاع والاستبدال
شركة الشحن تقول سلمنا الطلب وأنا ما استلمت شي أنتظر ردكم,التوصيل
يطلبون مني دفع رسوم شحن للإرجاع أرجو الحل بسرعة,الاسترجاع والاستبدال
للأسف مندوب التوصيل لا يرد على الاتصال ويرجع الطلب هذا غير مقبول,التوصيل
طلب رقم 38757 تم سحب اشتراك شهري بدون علمي هذا غير مقبول,الفوترة والدفع
لم يحل أحد مشكلتي وكل مرة يحولوني لقسم ثاني هذا غير مقبول,خدمة العملاء
يا جماعة الطلب تأخر عن الموعد المحدد بأكثر من أسبوع,التوصيل
للأسف انتظرت على الخط نصف ساعة بدون فائدة هذا غير مقبول !!!,خدمة العملاء
للأسف الطرد وصل مفتوح وممزق من الخارج وفوق هذا كود الخصم لم يعمل عند الدفع,التوصيل
بعدُ إِذُنّكم فِيه خَدُوش واَضُحة وَالمنتج مستّعملُ,جودة المنتج
بعد إذنكم المنتج لا يطابق الوصف في الموقع أنتظر ردكم !!!,جودة المنتج
يا جماعة الجهاز توقف عن العمل بعد يومين فقط وفوق هذا موظف خدمة العملاء كان غير محترم في الرد شكرا,جودة المنتج
,الفوترة والدفع
مرحبا فيه خدوش واضحة والمنتج مستعمل غير راضي عن الخدمة,جودة المنتج
أريد أن أشتكي: ما وصلتني فاتورة ضريبية رغم الطلب غير راضي عن الخدمة,جودة المنتج
يا جماعة السعر في الفاتورة يختلف عن السعر المعلن,الفوترة والدفع 
بعد إذنكم انتظرت على الخط نصف ساعة بدون فائدة وأيضا شركة الشحن تقول سلمنا الطلب وأنا ما استلمت شي شكرا,خدمة العملاء
السلام عليكم، فيه خدوش واضحة والمنتج مستعمل وفوق هذا الطرد وصل مفتوح وممزق من الخارج غير راضي عن الخدمة,جودة المنتج
الطرد وصل مفتوح وممزق من الخارج,التوصيل
بعد إذنكم تم خصم المبلغ مرتين من بطاقتي ومن جهة ثانية مندوب التوصيل لا يرد على الاتصال ويرجع الطلب,الفوترة والدفع
,الحساب والتطبيق
مرحبا تم خصم المبلغ مرتين من بطاقتي,الفوترة والدفع
السلام عليكم، وش سبب تأخير التوصيل كل مرة شكرا,التوصيل
بعد إذنكم كود الخصم لم يعمل عند الدفع أرجو الحل بسرعة,الفوترة والدفع
يا جماعة الفاتورة تحتوي على رسوم لم أوافق عليها كمان المنتج لا يطابق الوصف في الموقع أنتظر ردكم,الفوترة والدفع
أريد أن أّشتكي: سيِاسةِ الّإرجاع غَير واِضحُة وُرّفضوّاُ طلبي وفوق هذا اِلفّاتورة تحتوي علُى رسوم لم أَوافق عليهاُ أنتظر رِدكم,الاسترجاع والاستبدال
بعد إذنكم الطرد وصل مفتوح وممزق من الخارج كمان المنتج وصل معطوب ولا يعمل هذا غير مقبول,التوصيل
مرحبا الجهاز توقف عن العمل بعد يومين فقط غير راضي عن الخدمة !!!,جودة المنتج
,خدمة العملاء
يا جماعِة منِدوبَ التوصيِل لا يرّد على اّلاَتُصال ويرجعُ الِطّلبَ وأّيضا بعّدّ التحدُيث الَأخير اخَتُفُت بِيانات حُساَبيّ أرجو اِلَحل بسرعة,التوصيل
مرحبا الخامة رديئة جدا ولا تشبه الصور ومن جهة ثانية لا أستطيع تغيير رقم الجوال في الملف الشخصي هذا غير مقبول,جودة المنتج
بعد إذنكم انتظرت على الخط نصف ساعة بدون فائدة أرجو الحل بسرعة,خدمة العملاء
شركة الشحن تقول سلمنا الطلب وأنا ما استلمت شي 😤,التوصيل
رد الدعم آلي ولا يفهم مشكلتي شكرا !!!,خدمة العملاء
يا جماعة الطلب تأخر عن الموعد المحدد بأكثر من أسبوع هذا غير مقبول,التوصيل
بعد إذنكم ما وصلتني فاتورة ضريبية رغم الطلب,الفوترة والدفع
للأسف يطلبون مني دفع رسوم شحن للإرجاع أرجو الحل بسرعة,الاسترجاع والاستبدال
مندوب التوصيل لا يرد على الاتصال ويرجع الطلب ومن جهة ثانية المقاس غير مطابق والجودة سيئة,التوصيل
وشَ سبب تأخير اَلِتوِصيل كل مرَة شَكرا,التوصيل
مرحبا وش سبب تأخير التوصيل كل مرة غير راضي عن الخدمة,التوصيل
طلب رقم 27373 للأسف موظف خدمة العملاء كان غير محترم في الرد هذا غير مقبول order #4113,خدمة العملاء
الفاتورة تحتوي على رسوم لم أوافق عليها وفوق هذا طلب الاستبدال ينتظر الموافقة منذ أيام أنتظر ردكم,الفوترة والدفع 
السلام عليكم، لم تصلني الشحنة حتى الآن وتتبع الطلب لا يتحدث كمان نسيت كلمة المرور ولم تصلني رسالة التحقق,التوصيل
نسيت كلمة المرور ولم تصلني رسالة التحقق أرجو الحل بسرعة,الحساب والتطبيق
للأسف اَلبِطاِرية تنفد بِسَرعة وُالمنتج ضعِيف وأيُضَاّ لا أّستِطيَع تّغَيير رقم اّلّجوَالِ في الملُف اّلشخِصّيِ هِذا غير مقِبَول,جودة المنتج
للأسف لم تصلني الشحنة حتى الآن وتتبع الطلب لاـــ يتحدث هذا غير مقبول,التوصيل
يا جِماعُةُ المقِاس غيِر مطابق والجّوّدِة سيئة أنتِظُر ردكِمّ,جودة المنتج
وصلني الطلب لعنوان خاطئ رغم أني كتبت العنوان صح وأيضا الخامة رديئة جدا ولا تشبه الصور 😡,التوصيل
يا جماعة انتظرت على الخط نصف ساعة بدون فائدة !!!,خدمة العملاء
للأسف تم خصم المبلغ مرتين من بطاقتي هذا غير مقبول,الفوترة والدفع
بعد إذنكم المقاس غير مطابق والجودة سيئة هذا غيرـــ مقبول,جودة المنتج
بعد إذنكم تم سحب اشتراك شهري بدون علمي هذا غير مقبول,الفوترة والدفع
طلب رقم 50035 مرحبا المنتج وصل معطوب ولا يعمل أنتظر ردكم,جودة المنتج
وصلني الطلب لعنوان خاطئ رغم أني كتبت العنوان صح كمان ما وصلتني فاتورة ضريبية رغم الطلب هذا غير مقبول,التوصيل
أريد أن أشتكي: البطارية تنفد بسرعة والمنتج ضعيف هذا غير مقبول order #5299,جودة المنتج
أريد أن أشتكي: الخامة رديئة جدا ولا تشبه الصور وفوق هذا الفاتورة تحتوي على رسوم لم أوافق عليها أنتظر ردكم,جودة المنتج
السلام عليكم، تم سحب اشتراك شهري بدون علمي أنتظر ردكم,الفوترة والدفع
,جودة المنتج
السلام عليكم، بعد التحديث الأخير اختفت بيانات حسابي أنتظر ردكم https://t.co/xyz,الحساب والتطبيق
مرحبا لم تصلني الشحنة حتى الآن وتتبع الطلب لا يتحدث,التوصيل
الطرد وصل مفتوح وممزق من الخارج هذا غير مقبول,التوصيل
مرحبا الطرد وصل مفتوح وممزق من الخارج كمان يطلبون مني دفع رسوم شحن للإرجاع,التوصيل
للأسف كود الخصم لم يعمل عند الدفع أرجو الحل بسرعة,الفوترة والدفع
مرحبا الخامة رديئة جدا ولا تشبه الصور شكرا,جودة المنتج
شركة الشحن تقول سلمنا الطلب وأنا ما استلمت شي وفوق هذا الفاتورة تحتوي على رسوم لم أوافق عليها أنتظر ردكم,التوصيل
طلب رقم 67438 الطرد وصل مفتوح وممزق من الخارج وأيضا فيه خدوش واضحة والمنتج مستعمل أرجو الحل بسرعة,التوصيل
السلام عليكم، المنتج لا يطابق الوصف في الموقع وفوق هذا تذكرتي مفتوحة من أسبوعين وما أحد رد شكرا,جودة المنتج
للأسف لم تصلني الشحنة حتى الآن وتتبع الطلب لااا يتحدث,التوصيل
لم يحل أحد مشكلتي وكل مرة يحولوني لقسم ثاني,خدمة العملاء
السلام عليكم، الجهاز توقف عن العمل بعد يومين فقط أنتظر ردكم,جودة المنتج
المبلغ المسترد لم يصل إلى حسابي,الاسترجاع والاستبدال
مرحبا أرسلت المنتج المرتجع ولم أحصل على أي تأكيد غير راضي عن الخدمة,الاسترجاع والاستبدال
طلب رقم 80756 أريد أن أشتكي: شركة الشحن تقول سلمنا الطلب وأنا ما استلمت شي وأيضا تم سحب اشتراك شهري بدون علمي أنتظر ردكم,التوصيل
المبلغ المسترد لم يصل إلى حسابي أرجو الحل بسرعة,الاسترجاع والاستبدال
مرحبا سياسة الإرجاع غير واضحة ورفضوا طلبي غير راضي عن الخدمة order #5699,الاسترجاع والاستبدال
مرحبا مندوب التوصيل لا يرد على الاتصال ويرجع الطلب ومن جهة ثانية الفاتورة تحتوي على رسوم لم أوافق عليها,التوصيل
سياسةّ الُإرجاعَ غير وَاضحةَ ورفّضوُاُ طلِبُي غيرِـــ رَاضيُ عنُ الُخدمةّ,الاسترجاع والاستبدال
بعد إذنكم اتصلت أكثر من خمس مرات ولم يرد أحد كمان لم تصلني الشحنة حتى الآن وتتبع الطلب لا يتحدث غير راضي عن الخدمة 😡,خدمة العملاء
طلب رقم 91239 بِعّد إذّنَكم يطلبونّ منيَ دِفع رسوَم شحِن للإِرجُاعَ وأِيضّاِ فَيهَ خدوش وّاضحة والمنّتجِ مسّتُعمل,الاسترجاع والاستبدال
يا جماعة عملية الدفع فشلت والمبلغ انسحب من حسابي,الفوترة والدفع
,الفوترة والدفع
يا جماعة المبلغ المسترد لم يصل إلى حسابي وأيضا الجهاز توقف عن العمل بعد يومين فقط,الاسترجاع والاستبدال
للأسف المقاس غير مطابق والجودة سيئة أرجو الحل بسرعة,جودة المنتج
للأسف المنتج وصل معطوب ولا يعمل هذا غير مقبول,جودة المنتج
بعد إذنكم الطرد وصل مفتوح وممزق من الخارج,التوصيل
يا جماعة المبلغ المسترد لم يصل إلى حسابي ومن جهة ثانية تم إغلاق حسابي بدون أي سبب غير راضي عن الخدمة,الاسترجاع والاستبدال
أريد أن أشتكي: عملية الدفع فشلت والمبلغ انسحب من حسابي,الفوترة والدفع
بعد إذنكم سياسة الإرجاع غير واضحة ورفضوا طلبي غير راضي عن الخدمة,الاسترجاع والاستبدال
يا جماااعة المنتج وصل معطوب ولا يعمل وأيضا تم سحب اشتراك شهري بدون علمي أنتظر ردكم https://t.co/xyz,جودة المنتج
للأسف الطرد وصل مفتوح وممزق من الخارج كمان المنتج وصل معطوب ولا يعمل هذا غير مقبول,التوصيل
للأسف البطارية تنفد بسرعة والمنتج ضعيف أرجو الحل بسرعة,جودة المنتج
شركة الشحن تقول سلمنا الطلب وأنا ما استلمت شي أنتظر ردكم ؟؟؟,التوصيل
أريد أن أشتكي: الخامة رديئة جدا ولا تشبه الصور هذا غير مقبول,الاسترجاع والاستبدال
للأسف البطارية تنفد بسرعة والمنتج ضعيف كمان لا أستطيع تسجيل الدخول إلى حسابي أرجو الحل بسرعة,جودة المنتج
فيه خدوش واضحة والمنتج مستعمل,جودة المنتج
أريد أن أشتكي: المنتج وصل معطوب ولا يعمل ومن جهة ثانية سياسة الإرجاع غير واضحة ورفضوا طلبي أرجو الحل بسرعة,جودة المنتج
مّرحباَ لَم يحَلَ أحدِ مَشكلتي وكلَ مرّة يِحوُلونِي لقسم ثانيَ شكرا,خدمة العملاء
للأسف الخامة رديئة جدا ولا تشبه الصور كمان التطبيق يتوقف باااستمرار ويغلق لوحده هذا غير مقبول,جودة المنتج
أريد أن أشتكي: كود الخصم لم يعمل عند الدفع,الفوترة والدفع
بعد إذنكم المنتج لا يطابق الوصف في الموقع أنتظر ردكم 😡,جودة المنتج
السلام عليكم، موظف خدمة العملاء كان غير محترم في الرد وفوق هذا لم تصلني الشحنة حتى الآن وتتبع الطلب لا يتحدث هذا غير مقبول,خدمة العملاء
مرحبا لم يحل أحد مشكلتي وكل مرة يحولوني لقسم ثاني هذا غير مقبول,خدمة العملاء
بعد إذنكم تم خصم المبلغ مرتين من بطاقتي أرجو الحل بسرعة,الفوترة والدفع
يا جماعة شركة الشحن تقول سلمنا الطلب وأنا ما استلمت شي,التوصيل
يا جماعة المقاس غير مطابق والجودة سيئة هذا غير مقبول,جودة المنتج
يا جماعة طلب الاستبدال ينتظر الموافقة منذ أيام وأيضا مندوب التوصيل لا يرد على الاتصال ويرجع الطلب,الاسترجاع والاستبدال
البطارية تنفد بسرعة والمنتج ضعيف شكرا,جودة المنتج
أريد أن أشتكي: الطرد وصل مفتوح وممزق من الخارج,التوصيل
طلب رقم 66626 شركة الشحن تقول سلمنا الطلب وأنا ما استلمت شي هذا غير مقبول,التوصيل
يا جماعة مندوب التوصيل لا يرد على الاتصال ويرجع الطلب كمان لم يحل أحد مشكلتي وكل مرة يحولوني لقسم ثاني أرجو الحل بسرعة,خدمة العملاء
يا جُماعةَ المُنتجُ وُصِل معطوِب وّلا يعمل غُير راضيِ عن الّخِدَمة,جودة المنتج
مرحبا الفاتورة تحتوي على رسوم لم أوافق عليها,الفوترة والدفع
أرسلت المنتج المرتجع ولم أحصل على أي تأكيد,الاسترجاع والاستبدال
طلب رقم 16870 أريدـــ أن أشتكي: لم يحل أحد مشكلتي وكل مرة يحولوني لقسم ثاني أنتظر ردكم,خدمة العملاء
السلام عليكم، تم خصم المبلغ مرتين من بطاقتي أنتظر ردكم,الفوترة والدفع 
السلام عليكم، رد الدعم آلي ولا يفهم مشكلتي وأيضا عملية الدفع فشلت والمبلغ انسحب من حسابي أرجو الحل بسرعة,الفوترة والدفع
طلب رقم 83738 يا جماعة عملية الدفع فشلت والمبلغ انسحب من حسابي هذا غير مقبول ؟؟؟,الفوترة والدفع
لم تصلني الشحنة حتى الآن وتتبع الطلب لا يتحدث,التوصيل
للأسف المقاس غير مطابق والجودة سيئة كمان كود الخصم لم يعمل عند الدفع أنتظر ردكم,جودة المنتج
يا جماعة اتصلت أكثر منـــ خمس مرات ولم يرد أحد شكرا,خدمة العملاء
الجهاز توقف عن العمل بعد يومين فقط هذا غير مقبول,جودة المنتج
بعد إَذنّكِم الطلبُ تُأخر عنّ المِوعِد المحدد بأكُثرُ من أِسبِوّع,التوصيل
شركُةَ الشحن تقوُل سلُمنِا اّلطّلب وَأنّاّ ماُ استلمت شي غير رّاضُي عنِ الَخَدِمة order #1220,التوصيل
البطارية تنفد بسرعة والمنتج ضعيف غير راضي عن الخدمة,جودة المنتج
مرحبا المقاس غير مطابق والجودة سيئة أرجو الحل بسرعة,جودة المنتج
للأسف لا أستطيع تسجيل الدخول إلى حسابي غير راضي عن الخدمة,الحساب والتطبيق
بعد إذنكم سياسة الإرجاع غير واضحة ورفضوا طلبي,الاسترجاع والاستبدال
أريد أن أشتكي: بعد التحديث الأخير اختفت بيانات حسابي هذا غير مقبول,الحساب والتطبيق 
بعد إذنكم الجهاز توقف عن العمل بعد يومين فقط غير راضي عن الخدمة https://t.co/xyz,جودة المنتج
وش سبب تأخير التوصيل كل مرة أنتظر ردكم,التوصيل
اتصلت أكثر من خمس مرات ولم يرد أحد order #2512,خدمة العملاء
وصلنيِ اّلطلبَ لعّنوان خاطئ رِغمِ أنّي كتبت اِلَعَنِوّانِ صُح شكرَاُ,خدمة العملاء
مرحُباُ تَمِ خصَم المّبلغ مَرَتين من بطاقتيَ وِأَيضا المُنتُجِ لا يَطابُق الُوصف في اِلموّقع غير راضُي عّن الخدمة,الفوترة والدفع
أريد أن أشتكي: وش سبب تأخير التوصيل كل مرة أنتظر ردكم,التوصيل
بعد إذنكم البطارية تنفد بسرعة والمنتج ضعيف أنتظر ردكم 😤,جودة المنتج
لم تصلني الشحنة حتى الآن وتتبع الطلب لا يتحدث شكرا,التوصيل
للأسف السعر في الفاتورة يختلف عن السعر المعلن وفوق هذا انتظرت على الخط نصف ساعة بدون فائدة شكرا 😡,الفوترة والدفع
مرحبا المنتج لا يطابق الوصف في الموقع كمان تم خصم المبلغ مرتين من بطاقتي,جودة المنتج
أريد أن أشتكي: المقاس غير مطابق والجودة سيئة أنتظر ردكم,جودة المنتج
بعد إذنكم تم سحب اشتراك شهري بدون علمي غير راضي عن الخدمة,الفوترة والدفع
للأسف تذكرتي مفتوحة من أسبوعين وما أحد رد ومن جهة ثانية المنتج لا يطابق الوصف في الموقع هذا غير مقبول,خدمة العملاء
بعد إذنكم المنتج لا يطابق الوصف في الموقع,جودة المنتج
مرَحِبا لم تصلّنيَ الشّحِنة حتى الِآن وتتبع الطلب لّاّ يتُحدثَ وِفَوّقَ هذا ما وُصَلِتني فاتورة ضرُيبيةِ رغِم اِلطلب,التوصيل
أريد أن أشتكي: البطارية تنفد بسرعة والمنتج ضعيف وأيضا وش سبب تأخير التوصيل كل مرة https://t.co/xyz,جودة المنتج
السلام عليكم، لا أستطيع تسجيل الدخول إلى حسابي غير راضي عن الخدمة,الحساب والتطبيق
السلام عليكم، الطرد وصل مفتوح وممزق من الخارج أنتظر ردكم,التوصيل
السلام عليكم، لا أستطيع تسجيل الدخول إلى حسابي أنتظر ردكم,الحساب والتطبيق
بعد إذنكم السعر في الفاتورة يختلف عن السعر المعلن وأيضا طلبت استبدال المنتج ولم يتم حتى الآن,الفوترة والدفع
مرحبا كود الخصم لم يعمل عند الدفع وأيضا الدعم الفني وعدني بمكالمة ولم يتصل أرجو الحل بسرعة,الفوترة والدفع
أريد أن أشتكي: لم تصلني الشحنة حتى الآن وتتبعـــ الطلب لا يتحدث,التوصيل
تم إغلاق حسابي بدون أي سبب كمان لم يحل أحد مشكلتي وكل مرة يحولوني لقسم ثاني هذا غير مقبول,خدمة العملاء
مرحبا تم سحب اشتراك شهري بدون علمي أرجو الحل بسرعة,الفوترة والدفع
يا جمّاُعَة الطّرد وَصلَ مفَتوح وَممزق مُنّ اُلخارَجِ كمُان سيُاسة اُلإِرَجاُع غيُر وَاّضحُة ورّفضوَا طلَبي شِكُرا,التوصيل
مرحبا موظف خدمة العملاء كان غير محترم في الرد,خدمة العملاء
بعد إذنكم تم خصم المبلغ مرتين من بطاقتي ومن جهة ثانية المبلغ المسترد لم يصل إلى حسابي غير راضي عن الخدمة,الفوترة والدفع
يا جماعة موظف خدمة العملاء كان غير محترم في الرد شكرا 😤,خدمة العملاء
مرحبا المقاس غير مطابق والجودة سيئة هذا غير مقبول,جودة المنتج
يطلبون مني دفع رسوم شحن للإرجاع أرجو الحل بسرعة,الاسترجاع والاستبدال
بعد إذنكم انتظرت على الخط نصف ساعة بدون فائدة هذا غير مقبول,خدمة العملاء
السلام عليكم، وش سبب تأخير التوصيل كل مرةـــ,التوصيل
موظف خدمة العملاء كان غير محترم في الرد,خدمة العملاء
الخاَمُة ردِيّئة جداُ ولاِ تشبُه الصوَر هذا غيِر مقبَولَ,جودة المنتج
للأسف الجهاز توقف عن العمل بعد يومين فقط,جودة المنتج
مرحبا ما وصلتني فاتورة ضريبية رغم الطلبـــ هذا غير مقبول,الفوترة والدفع
بعد إذنكم الفاتورة تحتوي على رسومـــ لم أوافق عليها,الفوترة والدفع
يا جُماعِةَ موظفَ خُدمة العمّلاّء كان غير مِحترمِ في اَلردّ وأيضا وِشَ سبب تأخيِرِ التوصُيل كل مَرّةّ أنتَظر ردّكم,خدمة العملاء
,التوصيل
يا جماعة اتصلت أكثر من خمس مرات ولم يرد أحد كمان الخامة رديئة جدا ولا تشبه الصور,خدمة العملاء
بعد إذنكم طلبت استبدال المنتج ولم يتم حتى الآن ومن جهة ثانية المنتج لا يطابق الوصف في الموقع,الاسترجاع والاستبدال
الدعم الفني وعدني بمكالمة ولم يتصل شكرا,خدمة العملاء
السلام عليكم، المنتج لاـــ يطابق الوصف في الموقع أرجو الحل بسرعة,جودة المنتج
السلام عليكم، انتظرت على الخط نصف ساعة بدون فائدة ومن جهة ثانية فيه خدوش واضحة والمنتج مستعمل أنتظر ردكم,خدمة العملاء
ما وصلتني فاتورة ضريبية رغم الطلب كمان البطارية تنفد بسرعة والمنتج ضعيف,الفوترة والدفع
الِسلاِم عليكُم، الجهِاّز توقف عنُ اّلعمل بِعد يومينّ فِقّطُ شكراّ,جودة المنتج
طلب رقم 58249 السلام عليكم، الجهاز توقف عن العمل بعد يومين فقط غير راضي عن الخدمة,جودة المنتج
مرحبا المنتج وصل معطوب ولا يعمل أنتظر ردكم,جودة المنتج
أريد أن أشتكي: مندوب التوصيل لا يرد على الاتصال ويرجع الطلب شكرا 😡,التوصيل
أريد أن أشتكي: رد الدعم آلي ولا يفهم مشكلتي كمان لا أستطيع تسجيل الدخول إلى حسابي شكرا,خدمة العملاء
طلب رقم 67392 السلام عليكم، المنتج لا يطابق الوصف في الموقع وأيضا يطلبون مني دفع رسوم شحن للإرجاع,جودة المنتج
طلب رقم 28212 أريد أن أشتكي: السعر في الفاتورة يختلف عن السعر المعلن,الفوترة والدفع
الطلَب تَأخر عِن اَلّموعّد المحدد بأُكُثرّ من أسُبّوع ومنُ جّهة ثانية تم سِحب اشتراك شهري بدون علميُ,التوصيل
أِريد أن أّشتكي: رّد الدعِم آلي ولاُ يُفِهمُ مِشِكلتي غير راّضيُ عن الخدُمة,خدمة العملاء
السلام عليكم، الطرد وصل مفتوح وممزق من الخارجـــ أنتظر ردكم,التوصيل
بعد التحديث الأخير اختفت بيانات حسابي وأيضا سياسة الإرجاع غير واضحة ورفضوا طلبي غير راضي عن الخدمة,الحساب والتطبيق
مرحبا الطلب تأخر عن الموعد المحدد بأكثر من أسبوع وأيضا الدعم الفني وعدني بمكالمة ولم يتصل أنتظر ردكم,التوصيل
أريد أن أشتكي: لا أستطيع تغيير رقم الجوال في الملف الشخصي,الحساب والتطبيق
بعّدّ إّذَنِكُم مِوِظف خدمة العَملاءّ كانِ غُير محترم فُي اُلرّد غيرّ راضي عَن اَلِخدمِةُ,خدمة العملاء
التطبيق يتوقف باستمرار ويغلق لوحده غير راضي عن الخدمة,الحساب والتطبيق
المنتج لا يطابق الوصف في الموقع شكرا,جودة المنتج
بعد إذنكم طلبت استبدال المنتج ولم يتم حتى الآن وفوق هذا الطلب تأخر عن الموعد المحدد بأكثر من أسبوع أنتظر ردكم,الاسترجاع والاستبدال
يا جماعة الفاتورة تحتوي على رسوم لم أوافق عليها غير راضي عن الخدمة ؟؟؟,الفوترة والدفع
طلب الاستبدال ينتظر الموافقة منذ أيام وأيضا موظف خدمة العملاء كان غير محترم في الرد غير راضي عن الخدمة,الاسترجاع والاستبدال
,جودة المنتج
الدعم الفني وعدني بمكالمة ولم يتصل أرجو الحل بسرعة,خدمة العملاء
للأسف تم خصم المبلغ مرتين من بطاقتي,الفوترة والدفع
بعد إذنكم الطلب تأخر عن الموعد المحدد بأكثر من أسبوع,التوصيل
لم تصلني الشحنة حتى الآن وتتبع الطلب لا يتحدث ؟؟؟,التوصيل
مرحبا سياسة الإرجاع غير واضحة ورفضوا طلبي هذا غير مقبول,الاسترجاع والاستبدال
أريد أن أشتكي: انتظرت على الخط نصف ساعة بدون فائدة ومن جهة ثانية التطبيق يتوقف باستمرار ويغلق لوحده أنتظر ردكم,خدمة العملاء
مرحبا الفاتورة تحتوي على رسوم لم أوافق عليها شكرا,الفوترة والدفع
بعَد إذنّكم لِم تصلني الشحنة حتّىِ اُلُآن وتتبع الّطلب لاَ يَتحدّثُ غيرِ رِاضّي عن اِلخدمةُ,التوصيل
بعد إذنكم وصلني الطلب لعنوان خاطئ رغم أني كتبت العنوان صح هذا غير مقبول 😡,التوصيل
لَلأسّف اُلطلب تأخرَ عِن الموعِد المحدد بِأِكثُر من أَسبوع وفوق هَذُا اّنتظِرتُ علَى الخطُ نصفُ سِاعة بِدون فائدة شكرا,التوصيل
كود الخصم لم يعمل عند الدفع غير راضي عن الخدمة,الفوترة والدفع
أريد أن أشتكي: مندوب التوصيل لا يرد على الاتصال ويرجع الطلب هذا غير مقبول,التوصيل
طلب رقم 56550 أريد أن أشتكي: كود الخصم لم يعمل عند الدفع غير راضي عن الخدمة,الفوترة والدفع
بعد إذنِكم مُا وصلَتني فاتورة ضريبيِة رغِمُ الَطلب,الفوترة والدفع
أريد أن أشتكي: المنتجـــ وصل معطوب ولا يعمل أنتظر ردكم,جودة المنتج
طلب رقم 87510 بعد إذنكم وش سبب تأخير التوصيل كل مرة,التوصيل
الطلب تأخر عن الموعد المحدد بأكثر من أسبوع أنتظر ردكم,التوصيل
يا جماعة الخامة رديئة جدا ولا تشبه الصور هذا غير مقبول,جودة المنتج
السلام عليكم، وصلني الطلب لعنوان خاطئ رغم أني كتبت العنوان صح,التوصيل
يِا جماّعّة تم خصم المبلُغ مرتيّن مِن بطاقتِي,الفوترة والدفع
أريد أن أشتكي: البطارية تنفد بسرعة والمنتج ضعيف أرجو الحل بسرعة,جودة المنتج
لم يحل أحد مشكلتي وكل مرة يحولوني لقسم ثاني وأيضا لم تصلني الشحنة حتى الآن وتتبع الطلب لا يتحدث شكرا,خدمة العملاء
طلب رقم 36975 أريد أن أشتكي: البطارية تنفد بسرعة والمنتج ضعيف أرجو الحل بسرعة,جودة المنتج
يا جماعةـــ اتصلت أكثر من خمس مرات ولم يرد أحد هذا غير مقبول,خدمة العملاء
أريد أن أشتكي: رفضوا استرجاع المنتج رغم أنهـــ ضمن المدة شكرا,الاسترجاع والاستبدال
السُلُام عِليكم، الدعم اّلفني وعدني بمكَالمةّ ولّم يَتَصل,خدمة العملاء
انتظرت على الخط نصف ساعة بدون فائدة وأيضا وش سبب تأخير التوصيل كل مرة,خدمة العملاء
ياُ جماعة مُنُدوب التوصيِل لِا يرد على الاتّصال ويرِجعُ الّطلب شِكراُ order #3878,التوصيل
السلام عليكم، سياسة الإرجاع غير واضحة ورفضوا طلبي هذا غير مقبول,الاسترجاع والاستبدال
مرحبا تذكرتي مفتوحة من أسبوعين وما أحد رد,خدمة العملاء
انتظرت على الخط نصف ساعة بدون فائدة,خدمة العملاء
يا جماعة عملية الدفعـــ فشلت والمبلغ انسحب من حسابي أنتظر ردكم 😤,الفوترة والدفع
مرحبا لا أستطيع تغيير رقم الجوال في الملف الشخصي غير راضي عن الخدمة,الحساب والتطبيق
يا جماعة شركة الشحن تقول سلمنا الطلب وأنا ما استلمت شي أرجو الحل بسرعة 😡,التوصيل
للأسف الفاتورة تحتوي على رسوم لم أوافق عليها غير راضي عن الخدمة,الفوترة والدفع
يا جماعة عملية الدفع فشلت والمبلغ انسحب من حسابي أرجو الحل بسرعة,الفوترة والدفع
للأسف موظف خدمة العملاء كان غير محترم في الرد أنتظر ردكم,خدمة العملاء
السلام عليكم، مندوب التوصيل لا يرد على الاتصال ويرجع الطلب,التوصيل
للأسف عملية الدفع فشلت والمبلغ انسحب من حسااابي غير راضي عن الخدمة,الفوترة والدفع
يا جماعة شركة الشحن تقول سلمنا الطلب وأنا ما استلمت شي كمان المبلغ المسترد لم يصل إلى حسابي,التوصيل
مرحبا البطارية تنفد بسرعة والمنتج ضعيف,جودة المنتج
تم سحب اشتراك شهري بدون علمي هذا غير مقبول,الفوترة والدفع
أريد أن أشتكي: وش سبب تأخير التوصيل كل مرة أرجو الحل بسرعة,التوصيل
رفضوا استرجاع المنتج رغم أنه ضمن المدة أرجو الحل بسرعة,الاسترجاع والاستبدال
طلب رقم 36233 للأسف الطلب تأخر عن الموعد المحدد بأكثر من أسبوع أنتظر ردكم,التوصيل 
بعد إذنكم بعد التحديث الأخير اختفت بيانات حسابي ومن جهة ثانية اتصلت أكثر من خمس مرات ولم يرد أحد شكرا,خدمة العملاء
السلام عليكم، مندوب التوصيل لا يرد على الاتصال ويرجع الطلب,التوصيل
بعد إذنكم وصلني الطلب لعنوان خاطئ رغم أني كتبت العنوان صح,التوصيل
وَصلّنَي اّلّطلُب لعنوان خاطُئ رِغَمُ أنيَ كُتبتَ اَلُعُنوان صح,التوصيل
بعد إذنكم يطلبون مني دفع رسوم شحن للإرجاع كمان المنتج وصل معطوب ولا يعمل,الاسترجاع والاستبدال
بعد إذنكم كود الخصم لم يعمل عند الدفع وأيضا المقاس غير مطابق والجودة سيئة هذا غير مقبول,الفوترة والدفع 
مرحبا يطلبون مني دفع رسوم شحن للإرجاع كمان الدعم الفني وعدني بمكالمة ولم يتصل,الاسترجاع والاستبدال
رد اُلدِعم آّليّ ولا يفهم مَشكلتي وأيضا اَلفاتورُة تحتويِ علىِ رسوّمِ لم أِوافق عّليِها هّذا غيُر مقَبِوِلَ order #4420,خدمة العملاء
أريد أن أشتكي: الطرد وصل مفتوح وممزق من الخارج وأيضا سياسة الإرجاع غير واضحة ورفضوا طلبي غير راضي عن الخدمة,التوصيل
بعد إذنكم كود الخصم لم يعمل عند الدفع ومن جهة ثانية التطبيق يتوقف باستمرار ويغلق لوحده هذا غير مقبول,الفوترة والدفع
مرحبا الجهاز توقف عن العمل بعد يومين فقط هذا غير مقبول,جودة المنتج
مِرحباَ تم خّصمّ المبلِغ مِرّتينّ من بطاقتي أرجُوِ الحل بسِرعة,الفوترة والدفع
المنتج لا يطابق الوصف في الموقع ومن جهة ثانية الفاتورة تحتوي على رسوم لم أوافق عليها شكرا,جودة المنتج
مرحبا الفاتورة تحتوي على رسوم لم أوافق عليها كمان الموقع بطيء جدا ولا يفتح صفحة الدفع أنتظر ردكم https://t.co/xyz,الفوترة والدفع
طلب رقم 19483 للأسف تم خصم المبلغ مرتين من بطاقتي ومن جهة ثانية لا أستطيع تغيير رقم الجوال في الملف الشخصي شكرا,الفوترة والدفع
السلام عليكم، تم سحب اشتراك شهري بدون علمي أنتظر ردكم,الفوترة والدفع
بعد إذنكم سياسة الإرجاع غير واضحة ورفضوا طلبي هذا غير مقبول,الاسترجاع والاستبدال
مرحبا الطلب تأخر عن الموعد المحدد بأكثر من أسبوع,التوصيل
طلب رقم 87141 الدعم الفني وعدني بمكالمة ولم يتصل كمان وصلني الطلب لعنوان خاطئ رغم أني كتبت العنوان صح شكرا,خدمة العملاء
تم سحبّ اشّتُراك شَهري بِدون عُلّمي وفوقّ هُذا الطلب تُأَخِرّ عّن الموعد اّلمحدد بَأكثر مَنِ أسبوع أنُتظر رّدكمّ,الفوترة والدفع
السلام عليكم، تم سحب اشتراك شهري بدون علمي ومن جهة ثانية نسيت كلمة المرور ولم تصلني رسالة التحقق,الفوترة والدفع
اَلسلَاِم علّيكّمُ، الَسعرُ فيُ الفّاتورة يختلّفّ عِنَ السعّرّ الّمعلنَ,الفوترة والدفع
مرحبا تم إغلاق حسابي بدون أي سبب وفوق هذا كود الخصم لم يعمل عند الدفع هذا غير مقبول,الحساب والتطبيق
مرحبا يطلبون مني دفع رسوم شحن للإرجاع,الاسترجاع والاستبدال
للأسف رفضوا استرجاع المنتج رغم أنه ضمن المدة,الاسترجاع والاستبدال
يا جماعة أرسلت المنتج المرتجع ولم أحصل على أي تأكيد أنتظر ردكم,الاسترجاع والاستبدال
مندوب التوصيل لا يرد على الاتصال ويرجع الطلب وفوق هذا التطبيق يتوقف باستمرار ويغلق لوحده,التوصيل
كود الخصم لم يعمل عند الدفع ومن جهة ثانية تذكرتي مفتوحة من أسبوعين وما أحد رد,الفوترة والدفع
مَرَحبا اتصلت أكثَر من خَمّس مراتّ ولم يِرَد أحدِ شِكّرا,خدمة العملاء
مرحبا رفضوا استرجاع المنتج رغم أنه ضمن المدة غير راضي عن ااالخدمة,الاسترجاع والاستبدال
المبلغ المسترد لم يصل إلى حسابي وفوق هذا اتصلت أكثر من خمس مرات ولم يرد أحد,الاسترجاع والاستبدال
المنتج لا يطابق الوصف في الموقع هذا غير مقبول,جودة المنتج
السلام عليكم، عملية الدفع فشلت والمبلغ انسحب من حسابي أنتظر ردكم,الفوترة والدفع
طلب رقم 86156 السلام عليكم، البطارية تنفد بسرعة والمنتج ضعيف غير راضي عن الخدمة !!!,جودة المنتج
للأسف وش سبب تأخير التوصيل كل مرة أرجو الحل بسرعة,التوصيل
للأسف الدعم الفني وعدني بمكالمة ولم يتصل وأيضا الجهاز توقف عن العمل بعد يومين فقط هذا غير مقبول,خدمة العملاء
بعد إذنكم رد الدعم آلي ولا يفهم مشكلتي هذا غير مقبول,خدمة العملاء
مرحبا موظف خدمة العملاء كان غير محترم في الرد,خدمة العملاء
رفضوا استرجاع المنتج رغم أنه ضمن المدة,الاسترجاع والاستبدال
أريد أن أشتكي: الخامة رديئة جدا ولا تشبه الصور أنتظر ردكم,جودة المنتج
أريدـــ أن أشتكي: عملية الدفع فشلت والمبلغ انسحب من حسابي ومن جهة ثانية لا أستطيع تسجيل الدخول إلى حسابي هذا غير مقبول,الفوترة والدفع
طلب رقم 42018 وش سبب تأخير التوصيل كل مرة كمان تم سحب اشتراك شهري بدون علمي أرجو الحل بسرعة,الحساب والتطبيق
للأسف أرسلت المنتج المرتجع ولم أحصل على أي تأكيد هذا غير مقبول,الاسترجاع والاستبدال
الطرد وصل مفتوح وممزق من الخارج ومن جهة ثانية تم سحب اشتراك شهري بدون علمي,التوصيل
مرحُباِ تم إِغلاُق حسابي بدون أي سبب هذا غير مقبولَ,الحساب والتطبيق
للأسف البطارية تنفد بسرعة والمنتج ضعيف,جودة المنتج
يا جماعة مندوب التوصيل لا يرد على الاتصال ويرجع الطلب أرجو الحل بسرعة,التوصيل
يا جماِعة المنتج وصل معطوبّ ولا يِعملَ غير راضي عنَ الّخّدُمةُ,جودة المنتج
طلب الاستبدال ينتظر الموافقة منذ أيام كمان الفاتورة تحتوي على رسوم لم أوافق عليها غير راضي عن الخدمة,الاسترجاع والاستبدال
ما وصلتني فاتورة ضريبية رغم الطلب,الفوترة والدفع
طلب رقم 76127 أريد أن أشتكي: بعد التحديث الأخير اختفت بيانات حسابي غير راضي عن الخدمة,الحساب والتطبيق 
يا جماعة أرسلت المنتج المرتجع ولم أحصل على أي تأكيد,الاسترجاع والاستبدال
أريد أن أشتكي: فيه خدوش واضحة والمنتج مستعمل أنتظر ردكم,جودة المنتج
يا جمُاُعة تم إغلاق حسابيُ بّدوَنَ أي سبب شّكرِا,الحساب والتطبيق
تذكرتي مفتوحة من أسبوعين وما أحد رد,خدمة العملاء
أريد أن أشتكي: مندوب التوصيل لا يرد على الاتصال ويرجع الطلب ومن جهة ثانية طلب الاستبدال ينتظر الموافقة منذ أيام هذا غير مقبول,التوصيل
أريد أن أشتكي: سياسة الإرجاع غير واضحة ورفضوا طلبي شكرا,الاسترجاع والاستبدال
طلب رقم 93000 بعد إذنكم التطبيق يتوقف باستمرار ويغلق لوحده أنتظر ردكم,الحساب والتطبيق
أريد أن أشتكي: طلبت استبدال المنتج ولم يتم حتى الآن شكرا 😡,الاسترجاع والاستبدال
بعد إذنكم المبلغ المسترد لم يصل إلى حسابي هذا غير مقبول,الاسترجاع والاستبدال
يا جماعة لم تصلني الشحنة حتى الآن وتتبع الطلب لا يتحدث وأيضا نسيت كلمة المرور ولم تصلني رسالة التحقق,التوصيل
تم خصم المبلغ مرتين من بطاقتي,الفوترة والدفع
الطرد وصل مفتوح وممزق من الخارج هذا غير مقبول,التوصيل
بعد إذنكم تذكرتي مفتوحة من أسبوعين وما أحد رد شكرا !!!,خدمة العملاء
بعد إذنكم رفضوا استرجاع المنتج رغم أنه ضمن المدة شكرا,الاسترجاع والاستبدال
طلب رقم 89717 بعد إذنكم نسيت كلمة المرور ولم تصلني رسالة التحقق شكرا,الحساب والتطبيق
مرحبا ااالفاتورة تحتوي على رسوم لم أوافق عليها هذا غير مقبول https://t.co/xyz,الفوترة والدفع
وش سبب تأخير التوصيل كل مرة غير راضي عن الخدمة,التوصيل
شركة الشحن تقول سلمنا الطلب وأنا ما استلمت شي كمان لا أستطيع تغيير رقم الجوال في الملف الشخصي غير راضي عن الخدمة,التوصيل
يا جماعة وصلني الطلب لعنوان خاطئ رغم أني كتبت العنوان صح,التوصيل
وصلني الطلب لعنوان خاطئ رغم أني كتبت العنوان صح كمان عملية الدفع فشلت والمبلغ انسحب من حسابي أنتظر ردكم,التوصيل
للأسف انتظرت على الخط نصف ساعة بدون فائدة شكرا,خدمة العملاء
للأسف المقاس غير مطابق والجودة سيئة أرجو الحل بسرعة,جودة المنتج
شركةِ الشحّنَ تقِول سلّمنا اِلطلّب وأنا ما اسّتلمّتَ شي غير رَاّضُيُ عن الُخُدَمة,التوصيل
أريد أن أشتكي: رد الدعم آلي ولا يفهم مشكلتي وأيضا الطلب تأخر عن الموعد المحدد بأكثر من أسبوع غير راضي عن الخدمة,خدمة العملاء
للأسف طلب الاستبدال ينتظر الموافقة منذ أيام شكرا,الاسترجاع والاستبدال 
للأسف طلب الاستبدال ينتظر الموافقة منذ أيام ومن جهة ثانية رد الدعم آلي ولا يفهم مشكلتي أنتظر ردكم,الاسترجاع والاستبدال
للأسف الطرد وصلـــ مفتوح وممزق من الخارج ومن جهة ثانية بعد التحديث الأخير اختفت بيانات حسابي أرجو الحل بسرعة,التوصيل
يا جماعة انتظرت على الخط نصف ساعة بدون فائدة وفوق هذا أرسلت المنتج المرتجع ولم أحصل على أي تأكيد شكرا,خدمة العملاء
البطارية تنفد بسرعة والمنتج ضعيف شكرا,جودة المنتج
يا جماُعِة شركِةَ اَلشحن تقول سلمِنَاَ اِلَطّلب وَأنا ما استَلمّت شِي وُأيضَا طِلُبت استَبَدال اُلمنتجَ ولّم يتمَ حتى الآن أنتّظرُ ردكمِ,التوصيل
لا أستطيع تسجيل الدخول إلى حسابي,الحساب والتطبيق
يا جماعّةّ كوَد اّلخصّم لَم يعملّ عند الدفع وفَوقِ هذاَ فيَهُ خدوُشُ واضِحة وُالمنتج مِسُتعُمل غّير رُاضَي عن اّلخّدمِةُ,الفوترة والدفع
يا جماعة المنتج وصل معطوب ولا يعمل,جودة المنتج
الجهاز توقف عن العمل بعد يومين فقط وأيضا وش سبب تأخير التوصيل كل مرة أرجو الحل بسرعة,جودة المنتج 
مرّحبا لمَ تصلنيّ الشحِنة حتِى الآَن وتتبَع الطِلبَ لاِ يتحدث,التوصيل
يا جماعة الطرد وصل مفتوح وممزق منـــ الخارج ومن جهة ثانية سياسة الإرجاع غير واضحة ورفضوا طلبي أنتظر ردكم,التوصيل
مرحبا الموقع بطيء جدا ولا يفتح صفحة الدفع وفوق هذا اتصلت أكثر من خمس مرات ولم يرد أحد أنتظر ردكم 😡,جودة المنتج
للأسف الدعم الفني وعدني بمكالمة ولم يتصل غير راضي عن الخدمة,خدمة العملاء
مرحبا لم يحل أحد مشكلتي وكل مرة يحولوني لقسم ثاني أرجو الحل بسرعة,خدمة العملاء
بعد إذنكم الطرد وصل مفتوح وممزق من الخارج غير راضي عن الخدمة,التوصيل
مرحبا الجهاز توقف عن العمل بعد يومين فقط هذا غير مقبول,جودة المنتج
يا جماعة المقاس غير مطابق والجودة سيئة أنتظر ردكم,جودة المنتج
كود الخصم لم يعمل عند الدفع أرجو الحل بسرعة,الفوترة والدفع
أريد أن أشتكي: يطلبون مني دفع رسوم شحن للإرجاع وفوق هذا المقاس غير مطابق والجودة سيئة,الاسترجاع والاستبدال
أريد أن أشتكي: المنتج وصل معطوب ولا يعمل,جودة المنتج
بعد إذنكم تم خصم المبلغ مرتين من بطاقتي أرجو الحل بسرعة,الفوترة والدفع
لم يحل أحد مشكلتي وكل مرة يحولوني لقسم ثاني شكرا,خدمة العملاء
طلب رقم 72691 أريد أن أشتكي: لم تصلني الشحنة حتى الآن وتتبع الطلب لا يتحدث !!!,التوصيل
,جودة المنتج
للأسف رد الدعم آلي ولا يفهم مشكلتي أرجو الحل بسرعة,خدمة العملاء
مرحبا الفاتورة تحتوي على رسوم لم أوافق عليها هذا غير مقبول,الفوترة والدفع
لا أستطيع تسجيل الدخول إلى حسابي أنتظر ردكم,الحساب والتطبيق
يا جماعة وش سبب تأخير التوصيل كل مرة,التوصيل
السلام عليكم، وصلني الطلب لعنوان خاطئ رغم أني كتبت العنوان صح أنتظر ردكم,التوصيل
أرُيد أن أّشتكيِ: الطّلُبِ تأخر عن الموعد اِلمحّدُد بُأكِثُر منُ أسبُوع غير رُاضي عن الخدمَة,التوصيل
رد الدعم آلي ولا يفهم مشكلتي شكرا,خدمة العملاء
يا جماعة المنتج وصل معطوب ولا يعمل,جودة المنتج
بعد إذنكم يطلبون مني دفع رسوم شحن للإرجاع,الاسترجاع والاستبدال
وصلني الطلب لعنوان خاطئ رغم أني كتبت العنوان صح,التوصيل
بعد إذنكم يطلبون مني دفع رسوم شحن للإرجاع غير راضي عن الخدمة,الاسترجاع والاستبدال
طلب رقم 38192 وشَ سبُب تأخير الُتوصّيُل كّل مرة ومن جهةُ ثانية تّم سحبِ اُشتراَك شهُرّي بِدون علمِي أَنتظر رُدَكم,التوصيل
التطبيق يتوقف باستمرار ويغلق لوحده,الحساب والتطبيق
ياِ جماُعة اِلَمنتجَ وِصُل معطَوُب ولاُ يعِمل غِير راضِيُ عن الخدمة,جودة المنتج 
نسيت كلمة المرور ولم تصلني رسالة التحقق شكرا,الحساب والتطبيق
فيه خدوش واضحة والمنتج مستعمل أنتظر ردكم,جودة المنتج
مرحبا انتظرت على الخط نصف ساعة بدون فائدة غير راضي عن الخدمة,خدمة العملاء
يا جماعة نسيت كلمة المرور ولم تصلني رسالة التحقق هذا غيرـــ مقبول,الحساب والتطبيق
الجهاز توقف عن العمل بعد يومين فقط,التوصيل
بعد إذنكم الطلب تأخر عن الموعد المحدد بأكثر من أسبوع أنتظر ردكم,التوصيل
أّريَدُ أن أشتكي: تم خّصم الّمَبِلغَ مرتَينَ مِن بطاقَتي شكرّا,الفوترة والدفع
مرحباِ المنتِج لا يَطُاِبقَ اّلوصف فِي الموقَع,جودة المنتج
طلب رقم 95991 بعد إذنكم كود الخصم لم يعمل عند الدفعـــ كمان المقاس غير مطابق والجودة سيئة,الفوترة والدفع
يا جماعة شركة الشحن تقول سلمنا الطلب وأنا ما استلمت شي شكرا,التوصيل
للأسف لا أستطيع تسجيل الدخول إلى حسابي ومن جهة ثانية تذكرتي مفتوحة من أسبوعين وما أحد رد,الحساب والتطبيق
مرحبااا موظف خدمة العملاء كان غير محترم في الرد شكرا,خدمة العملاء
بعد إذنكم مندوب التوصيل لا يرد على الاتصال ويرجع الطلب أرجو الحل بسرعة,التوصيل
المبلغ المسترد لم يصل إلى حسابي شكرا,الاسترجاع والاستبدال
للأسف سياسة الإرجاع غير واضحة ورفضوا طلبي ومن جهة ثانية شركة الشحن تقول سلمنا الطلب وأنا ما استلمت شي شكرا,الاسترجاع والاستبدال
مرحبا المنتج وصل معطوب ولا يعمل غير راضي عن الخدمة,جودة المنتج
يا جماعة وصلني الطلب لعنوان خاطئ رغم أني كتبت العنوان صح,التوصيل
بعدِ إذِنُكم البطاُريَة تنفِد بسرُعة واَلمنَتجُ ضُعيف كماّن وش سببّ تِأَخيَر اَلُتوصيلُ كلّ مرة,جودة المنتج
يا جماعة فيه خدوش واضحة والمنتج مستعمل أرجو الحل بسرعة,جودة المنتج
يا جماعة وش سبب تأخير التوصيل كل مرة,التوصيل
موظف خدمة العملاء كان غير محترم في الرد وفوق هذا الموقع بطيء جدا ولا يفتح صفحة الدفع أنتظر ردكم,خدمة العملاء
مرحبا وش سبب تأخير التوصيل كل مرة أنتظر ردكم,التوصيل
البطارية تنفد بسرعة والمنتج ضعيف غير راضي عن الخدمة,جودة المنتج
للأسف تذكرتي مفتوحة من أسبوعين وما أحد رد هذا غير مقبول,خدمة العملاء
يُاّ جُمُاعُةِ الِمبلغ اَلمسترّدُ لمِ يصل إلىَ حسابي أنّتظرّ ردَكّم,الاسترجاع والاستبدال
الّسُلاُم علّيَكم، اُلَطرد وصَل مّفتوُح وَممُزَق من الخِاُرج,التوصيل
بعد إّذنكِمّ فيه خدوش وّاضحُة واّلمُنتّجُ مستعَمل,جودة المنتج
السلام عليكم، الطلب تأخر عن الموعد المحدد بأكثر من أسبوع غير راضي عن الخدمة,التوصيل 
بعد إذنكم مندوب التوصيل لا يرد على الاتصال ويرجع الطلب https://t.co/xyz,التوصيل
طلب رقم 56782 يا جماعة البطارية تنفد بسرعة والمنتج ضعيف,جودة المنتج
بعد إذنكم تم سحب اشتراك شهري بدون علمي وفوق هذا مندوب التوصيل لا يرد على الاتصال ويرجع الطلب,الفوترة والدفع
مرحبا يطلبون مني دفع رسوم شحن للإرجاع,الاسترجاع والاستبدال
بّعَد إِذنكمُ الُمنتج لا يَطابقَ اُلوصفَ فيُ اُلموّقّع أنتظر ردكّم,جودة المنتج
يا جماعةـــ انتظرت على الخط نصف ساعة بدون فائدة شكرا https://t.co/xyz,خدمة العملاء
طلب رقم 81159 للأسف الطلب تأخر عن الموعد المحدد بأكثر من أسبوع ومن جهة ثانية بعد التحديث الأخير اختفت بيانات حسابي غير راضي عن الخدمة,التوصيل
وصلني الطلب لعنوان خاطئ رغم أني كتبت العنوان صح ومن جهة ثانية الفاتورة تحتوي على رسوم لم أوافق عليها أرجو الحل بسرعة,التوصيل
مرحبَا يطلبون مني دَفعِ رسوم شحن للإرجاَعّ وَفوق هِذا الَتُطبيق يتِوُقف باستمرَار ويغلق لوحِده غيَر رَاضي عّن الخدمَة,الاسترجاع والاستبدال
للأسِف اتصلِت أكّثُر منّ خُمسُ مِراَتِ ولَمِ يِرد أَحد أرجو اَلَحلَ بسرعة 😤,خدمة العملاء
السلام عليكم، لم تصلني الشحنة حتى الآن وتتبع الطلب لا يتحدث شكرااا,التوصيل
أريد أن أشتكي: لم يحل أحد مشكلتي وكل مرة يحولوني لقسم ثاني وفوق هذا المنتج وصل معطوب ولا يعمل غير راضي عن الخدمة,خدمة العملاء
طلب رقم 32680 البطارية تنفد بسرعة والمنتج ضعيف غير راضي عن الخدمة order #5554,جودة المنتج
طلب رقم 54868 تذكرتي مفتوحة من أسبوعين وما أحد رد غير راضي عن الخدمة,خدمة العملاء
الدعم الفني وعدني بمكالمة ولم يتصل أرجو الحل بسرعة,خدمة العملاء
البطارية تنفد بسرعة والمنتج ضعيف شكرا,جودة المنتج
أُريدِ أن أِشتِكُي: المّنتج وصلِ معطُوب ولا يعمَلُ,جودة المنتج
للأسف الموقع بطيء جدا ولاـــ يفتح صفحة الدفع شكرا,الحساب والتطبيق
المنتج لا يطابق الوصف في الموقع غير راضي عن الخدمة,جودة المنتج
مرحبا لم تصلني الشحنة حتى الآن وتتبع الطلب لا يتحدث شكرا,التوصيل
بعد إذنكم وش سبب تأخير التوصيل كل مرة هذا غير مقبول,التوصيل
بعد إذنكم تم سحب اشتراك شهري بدون علمي وفوق هذا الموقع بطيء جدا ولا يفتح صفحة الدفع,الفوترة والدفع
اّلسَلام عُليكم، اِلمنتج لاَ يطابقّ الوصفّ في الُمِوقع,جودة المنتج
مرحبا وصلني الطلب لعنوان خاطئ رغم أني كتبت العنوان صح غير راضي عن الخدمة,التوصيل
للأسف الجهاز توقف عن العمل بعد يومين فقط كمان لم تصلني الشحنة حتى الآن وتتبع الطلب لا يتحدث هذا غير مقبول,جودة المنتج
بعَدُ إذنكم تم خُصم اِلمَبَلغ مرتُيّن مّنُ بَطَاقتّيُ هذِااا غيرِ مَقبِولِ,الفوترة والدفع
أريد أنـــ أشتكي: تم سحب اشتراك شهري بدون علمي غير راضي عن الخدمة,الفوترة والدفع
السلام عليكم، وش سبب تأخير التوصيل كل مرة أنتظر ردكم,التوصيل
البطارية تنفد بسرعة والمنتج ضعيف أنتظر ردكم 😡,جودة المنتج
السّلامِ علّيّكم، طلَبِ اِلاِسّتبداُلّ ينتظر اِلموّافقة منذُ أيُام,الاسترجاع والاستبدال
أريد أن أشتكي: الطرد وصل مفتوح وممزق من الخارج هذا غير مقبول https://t.co/xyz,التوصيل
اَلسلِاَم عليكمّ، البطَاريةَ تنِفَد بسرعَة وِالمّنِتجّ ضِعِيِف وَأّيضاِ تَم سحبِ اُشتّراك شهريُ بَدون علمي أرّجو الَحل بسِرعة,جودة المنتج
يا جماعة مندوب التوصيل لا يرد على الاتصال ويرجع الطلب أرجو الحل بسرعة,التوصيل
تذكرتي مفتوحة من أسبوعين وما أحد رد شكرا 😡,خدمة العملاء
طلب رقم 84096 أريد أن أشتكي: المنتج وصل معطوب ولا يعمل هذا غير مقبول,جودة المنتج
أريد أن أشتكي: لا أستطيع تسجيل الدخول إلى حسابي غير راضي عن الخدمة,جودة المنتج
أريد أن أشتكي: وش سبب تأخير التوصيل كل مرة أرجو الحل بسرعة,التوصيل
,التوصيل
للأسف مندوب التوصيل لا يرد على الاتصال ويرجع الطلب,التوصيل
بعد إذنكم نسيت كلمة المرور ولم تصلني رسالة التحقق,الحساب والتطبيق
شركة الشحن تقول سلمنا الطلب وأنا ما استلمت شي وأيضا لم يحل أحد مشكلتي وكل مرة يحولوني لقسم ثاني هذا غير مقبول,التوصيل
للأسف موظف خدمة العملاء كان غير محترم في الرد,خدمة العملاء
طلب رقم 26291 بّعد إذَنَكمّ طلب الَاسُتبُدُالُ ينُتظرّ الموَافقة منذ أيام كّمان التطِبيِقُ يِتِوّقف باَستَمرّار ويغَلق لُوحده هذا غُير مقُبوِل,الاسترجاع والاستبدال
المقاس غير مطابق والجودة سيئة وفوق هذا الدعم الفني وعدني بمكالمة ولم يتصل أنتظر ردكم,جودة المنتج
يا جماعة أرسلت المنتج المرتجع ولم أحصل على أي تأكيد وأيضا الدعم الفني وعدني بمكالمة ولم يتصل,الاسترجاع والاستبدال
أريد أن أشتكي: تذكرتي مفتوحة من أسبوعين وما أحد رد شكرا,خدمة العملاء
السلام عليكم، رفضوا استرجاع المنتج رغم أنه ضمن المدة أرجو الحل بسرعة,الاسترجاع والاستبدال
يا جماعة تم سحب اشتراك شهري بدون علمي ومن جهة ثانية رفضوا استرجاع المنتج رغم أنه ضمن المدة أرجو الحل بسرعة,الفوترة والدفع
للأسف وش سبب تأخير التوصيل كل مرة وأيضا لا أستطيع تسجيل الدخول إلى حسابي شكرا,التوصيل
طلب رقم 89184 أريد أن أشتكي: لم يحل أحد مشكلتي وكل مرة يحولوني لقسم ثاني وأيضا الطرد وصل مفتوح وممزق من الخارج أرجو الحل بسرعة,خدمة العملاء
يا جماعة بعد التحديث الأخير اختفت بيانات حسابي,الحساب والتطبيق
البطارية تنفد بسرعة والمنتج ضعيف,جودة المنتج
للأسف لم تصلني الشحنة حتى الآن وتتبع الطلب لا يتحدث شكرا,التوصيل
مرحبا البطارية تنفد بسرعةـــ والمنتج ضعيف,جودة المنتج
للأسف البطارية تنفد بسرعة والمنتج ضعيف غير راضي عن الخدمة,جودة المنتج
للأسف تم سحب اشتراك شهري بدون علمي,الفوترة والدفع
مندوب التِوَصيلّـــ لا يرّد عِلِى اُلاتصاُلَ ويّرجع الَطِلبَ شِكَرا https://t.co/xyz,التوصيل
المنتج لا يطابق الوصف في الموقع,جودة المنتج
بعد إذنكم الِمقاس غّير مّطابق والّجُودَةُ سُيئة أرُجُو الحِل بُسرعة,جودة المنتج
السلام علِيكمُ، أرَسلتِ اّلمنتجّ الِمرتجعَ ولُمَ أحصل على أي تأُكُيّد شكرّا,الاسترجاع والاستبدال
تم سحب اشتراك شهري بدون علمي هذا غير مقبول,الفوترة والدفع
تذكرتي مفتوحة من أسبوعين وما أحد رد وأيضا وش سبب تأخير التوصيل كل مرة غير راضي عن الخدمة,خدمة العملاء
السلام عليكم، وش سبب تأخير التوصيل كل مرة وأيضا تم سحب اشتراك شهري بدون علمي هذا غير مقبول,التوصيل
الخامة رديئة جدا ولا تشبه الصور غير راضي عن الخدمة,جودة المنتج
التطبيق يتوقف باستمرار ويغلق لوحده ومن جهة ثانية مندوب التوصيل لا يرد على الاتصال ويرجع الطلب هذا غير مقبول,الحساب والتطبيق
الطلب تأخر عن الموعد المحدد بأكثر من أسبوع,التوصيل
أريد أن أشتكي: المبلغ المسترد لم يصل إلى حسابي,الاسترجاع والاستبدال
السلام عليكم، تم سحب اشتراك شهري بدون علمي وفوق هذا المنتج وصل معطوب ولا يعمل شكرا,الفوترة والدفع
طلب رقم 40356 ما وصلتني فاااتورة ضريبية رغم الطلب,الفوترة والدفع
بعد إذنكم رفضوا استرجاع المنتج رغم أنه ضمن المدة أنتظر ردكم,الاسترجاع والاستبدال
مرحبا طلب الاستبدال ينتظر الموافقة منذ أيام شكرا,الاسترجاع والاستبدال
أرسلت المنتج المرتجع ولم أحصل على أي تأكيد غير راضي عن الخدمة,الاسترجاع والاستبدال
طلب رقم 95766 وش سبب تأخير التوصيل كل مرة,التوصيل
لاَ أستُطَيّع تغييرُ رقّم اّلّجوال في اُلّملفَ الشخصي شُكَراَ,الحساب والتطبيق
السلام عليكم، الفاتورة تحتوي على رسوم لم أوافق عليها وفوق هذا الخامة رديئة جدا ولا تشبه الصور أرجو الحل بسرعة 😡,الفوترة والدفع
مرحبا المبلغ المسترد لم يصل إلى حسابي شكرا,الاسترجاع والاستبدال
طلب الاستبدال ينتظر الموافقة منذ أيام غير راضي عن الخدمة,الاسترجاع والاستبدال
طلب رقم 62909 مرحبا أرسلت المنتج المرتجع ولم أحصل على أي تأكيد ومن جهة ثانية مندوب التوصيل لا يرد على الاتصال ويرجع الطلب,الاسترجاع والاستبدال
السلام عليكم، البطارية تنفد بسرعة والمنتج ضعيف هذا غير مقبول order #4051,جودة المنتج
يا جماعة تم إغلاق حسابي بدون أي سبب غير راضي عن الخدمة,الحساب والتطبيق
طلب رقم 73680 أريد أن أشتكي: التطبيق يتوقف باستمرار ويغلق لوحده وفوق هذا وش سبب تأخير التوصيل كل مرة أنتظر ردكم,الحساب والتطبيق
بعد إذنكم تم إغلاق حسابي بدون أي سبب,الحساب والتطبيق
للأسفَ شرَكة الشّحن تَقّولِ سلمنا اَلطلُب وأُناّ ما استِلِمَتِ شي هذا غُير مَقبول,التوصيل
الجهازِ تُوّقف عِن اِلعمُل بّعد يومِين فقّط وأَيضِا الدعم الّفني وعدنّي بمُكالُمِة ولُم يُتصلُ أرّجوّ اِلِحُلّ بسرعُة,جودة المنتج
مرحبا رد الدعم آلي ولا يفهم مشكلتي ومن جهة ثانية المقاس غير مطابق والجودة سيئة شكرا,خدمة العملاء
للأسف طلبت استبدال المنتج ولم يتم حتى الآن,الاسترجاع والاستبدال
أريد أن أشتكي: الدعم الفني وعدني بمكالمة ولم يتصل وفوق هذا المنتج وصل معطوب ولا يعمل هذا غير مقبول,خدمة العملاء
بعد إذنكم نسيت كلمة المرور ولم تصلني رسالة التحقق,الحساب والتطبيق
بُعد اّلَتحدُيث الأخيرُ اُختفتِ بياَنِات حُسابيَ وَمنّ جهةَ ثاّنيةَ اُلبطاَرّيّة تُنَفد بُسرعة وَالّمنتَجّ ضعيف,الحساب والتطبيق
أرِيّد أَنَ أشتّكِي: ردّ الدعم آلي ولا يّفهم مشُكلتي شكرا,خدمة العملاء
الدعم الفني وعدني بمكالمة ولم يتصل ومن جهة ثانية التطبيق يتوقف باستمرار ويغلق لوحده شكرا,خدمة العملاء
الطرد وصل مفتوح وممزق من الخارج ومن جهة ثانية فيه خدوش واضحة والمنتج مستعمل أرجو الحل بسرعة,التوصيل
يا جماعة السعر في الفاتورة يختلف عن السعر المعلن شكرا ؟؟؟,الفوترة والدفع
طلب رقم 40025 عملية الدفع فشلت والمبلغ انسحب من حسابي ومن جهة ثانية الخامة رديئة جدا ولا تشبه الصور 😤,الفوترة والدفع
طلب رقم 22509 تم خصم المبلغ مرتين من بطاااقتي أرجو الحل بسرعة,الفوترة والدفع
لم تصلني الشحنة حتى الآن وتتبع الطلب لا يتحدث,التوصيل
بعد إذنكم تذكرتي مفتوحة من أسبوعين وما أحد رد وفوق هذا الفاتورة تحتوي على رسوم لم أوافق عليها أرجو الحل بسرعة,خدمة العملاء
للأسف وش سبب تأخير التوصيل كل مرة أرجو الحل بسرعة,التوصيل
بعد إذنكم المقاس غير مطابق والجودة سيئة أرجو الحل بسرعة,الحساب والتطبيق
أريد أن أّشتكي: انتظرتّ عِلى اُلُخّطَ نصف ساُعة بدُون فاَئدة وأِيضا نّسيَتَ كلَمة الَمّرور ولم تصلنيِ رِساَلة التحّققُ هذاُ غّيُر مقبِول,خدمة العملاء
يا جماعة المقاس غير مطابق والجودة سيئة هذا غير مقبول,جودة المنتج
أريد أن أشتكي: موظف خدمة العملاء كان غير محترم في الرد هذا غير مقبول,خدمة العملاء
يا جماعة تم سحب اشتراك شهري بدون علمي غير راضي عن الخدمة,الفوترة والدفع
الجهاز توقف عن العمل بعد يومين فقط شكرا,جودة المنتج
مرحبا تم خصم المبلغ مرتين من بطاقتي كمان مندوب التوصيل لا يرد على الاتصال ويرجع الطلب أنتظر ردكم,الفوترة والدفع
للأسف تم خصم المبلغ مرتينـــ من بطاقتي,الفوترة والدفع
التطبيق يتوقف باستمرار ويغلق لوحده,الحساب والتطبيق
السلام عليكم، ما وصلتني فاتورة ضريبية رغم الطلب أنتظر ردكم,الفوترة والدفع
أّرَيد أنّ أُشِتِكيِ: عَمليّة الِدَفعُ فِشلتَ وَالمِبلُغ انسحب من حسابُي هذّا غيَر مِقبول,الفوترة والدفع
بعد إذنكم الجهاز توقف عن العمل بعد يومين فقط شكرا,جودة المنتج
يا جماعة فيه خدوش واضحة والمنتج مستعمل كمان الفاتورة تحتوي على رسوم لم أوافق عليها أرجو الحل بسرعة,جودة المنتج
بعد إذنكم مندوب التوصيل لا يرد على الاتصال ويرجع الطلب شكرا,التوصيل
طلب رقم 39460 بعد إذنكم الخامة رديئة جدا ولا تشبه الصور وفوق هذا التطبيق يتوقف باستمرار ويغلق لوحده أنتظر ردكم,جودة المنتج
طلب رقم 43408 السلام عليكم، وش سبب تأخير التوصيل كل مرة ومن جهة ثانية لا أستطيع تغيير رقم الجوال في الملف الشخصي !!!,التوصيل
الخامة رديئة جدا ولا تشبه الصور شكرا,جودة المنتج
يا جماعة لم يحل أحد مشكلتي وكل مرة يحولوني لقسم ثاني,خدمة العملاء
السلام عليكم، المقاس غير مطابق والجودة سيئة هذا غير مقبول,جودة المنتج
طلب رقم 87579 مرحبا وصلني الطلب لعنوان خاطئ رغم أني كتبت العنوان صح وأيضا الدعم الفني وعدني بمكالمة ولم يتصل,التوصيل
بعد إذنكم ما وصلتني فاتورة ضريبية رغم الطلب أرجو الحل بسرعة,الفوترة والدفع
للأسف الطرد وصل مفتوح وممزق من الخارج هذا غير مقبول,التوصيل
للأسف فيه خدوش واضحة والمنتج مستعمل,جودة المنتج
ما وصلتني فاتورة ضريبية رغم الطلب وأيضا اتصلت أكثر من خمس مرات ولم يرد أحد,الفوترة والدفع
مرَحبا الَتطبّيق يتِوَقف باَستمراِرَ وُيّغلَق لَوحَده غيرـــ راضي عن الّخدُمة,الحساب والتطبيق
السلام عليكم، مندوب التوصيل لا يرد على الاتصال ويرجع الطلب ومن جهة ثانية السعر في الفاتورة يختلف عن السعر المعلن,التوصيل
يا جماعة اُلّطردّ وِصّل مفتِوح وممزَق منُ الُخارج أنتظِر ردكَم,التوصيل
يا جماعة السعر في الفاتورة يختلف عن السعر المعلن غير راضي عن الخدمة,الفوترة والدفع
رد الدعم آلي ولا يفهم مشكلتي,خدمة العملاء
بعد إذنكم البطارية تنفد بسرعة وااالمنتج ضعيف أرجو الحل بسرعة,جودة المنتج
مُرحَبا تم خُصم المبِلغّ مِرتين من بطّاقتي,الفوترة والدفع
مرحبا طلبِت استبداّل الُمنّتَجُ ولم يتم حِتى الآِن,الاسترجاع والاستبدال
بعد إذنكم تذكرتي مفتوحة من أسبوعين وما أحد رد شكرا,خدمة العملاء
طلب رقم 40339 طلبت استبدال المنتج ولم يتم حتى الآن ومن جهة ثانية السعر في الفاتورة يختلف عن السعر المعلن أرجو الحل بسرعة,الاسترجاع والاستبدال
طلب رقم 88168 السلام عليكم، الطرد وصل مفتوح وممزق من الخارج وفوق هذا المنتج لا يطابق الوصف في الموقع أنتظر ردكم,التوصيل
يا جماعة وش سبب تأخير التوصيل كل مرة,التوصيل
يا جماعة المنتج لا يطابق الوصف في الموقع ومن جهة ثانية ما وصلتني فاتورة ضريبية رغم الطلب شكرا,جودة المنتج
السلام عليكم، وش سبب تأخير التوصيل كل مرة هذا غير مقبول,التوصيل
الطرد وصل مفتوح وممزق من الخارج وفوق هذا الجهاز توقف عن العمل بعد يومين فقط هذا غير مقبول,التوصيل
أريد أن أشتكي: الطرد وصل مفتوح وممزق من الخارج هذا غير مقبول,التوصيل
اُلسلُام عليكَم، لم يحلَ أُحدّ مشكِلتّي وكِلُ مرِةَ يحولِوني لقسمِ ثاَنَي أرجو اَلِحل بسِرَعة,خدمة العملاء
للأسف الطرد وصل مفتوح وممزق من الخارج أنتظر ردكم,التوصيل
مرحُبا لم تصّلني الشحّنة حتِى الآُنّ وُتتبّع الطلبُ لّاِ يُتحدُثِ كمانَ كود الخصم لم يعُمل عنِد اَلدفِع أُنّتُظرِ رَدكمّ,التوصيل
بعد إذنكم رد الدعم آلي ولا يفهم مشكلتي غير راضي عن الخدمة,خدمة العملاء
,الفوترة والدفع
أريد أن أشتكي: الدعم الفني وعدني بمكالمة ولم يتصل,خدمة العملاء
وش سبب تأخير التوصيل كل مرة أنتظر ردكم,التوصيل
بعد إذنكم المقاس غير مطابق والجودة سيئة أرجو الحل بسرعة,جودة المنتج
الطلب تأخر عن الموعد المحدد بأكثر من أسبوع,التوصيل
أريد أن أشتكي: رفضوا استرجاع المنتج رغم أنه ضمن المدة هذا غير مقبول,الاسترجاع والاستبدال
الجهاز توقف عن العمل بعد يومين فقط وأيضا انتظرت على الخط نصف ساعة بدون فائدة أنتظر ردكم order #9841,جودة المنتج
للأسف انتظرت على الخط نصف ساعة بدون فائدة شكرا,خدمة العملاء
أريد أن أشتكي: يطلبون مني دفع رسوم شحن للإرجاع غير راضي عن الخدمة,الاسترجاع والاستبدال
السلام عليكم، اتصلت أكثر من خمس مرات ولم يرد أحد,خدمة العملاء
يا جماعة الدعم الفني وعدني بمكالمة ولم يتصل هذا غير مقبول,خدمة العملاء
طلب رقم 28966 للأسف المقاس غير مطابق والجودة سيئة أرجو الحل بسرعة !!!,جودة المنتج
لم يحل أحد مشكلتي وكل مرة يحولوني لقسم ثاني,خدمة العملاء
للأسف انتظرت على الخط نصف ساعة بدون فائدة وفوق هذا عملية الدفع فشلت والمبلغ انسحب من حسابي أنتظر ردكم,خدمة العملاء
للأسف المنتج لا يطابق الوصف في الموقع,جودة المنتج
السلام عليكم، وش سبب تأخير التوصيل كل مرة شكرا,التوصيل
للأسف وش سبب تأخير التوصيل كل مرة,التوصيل
مرحبا الطرد وصل مفتوح وممزق من الخارج غير راضي عن الخدمة,التوصيل
للأسف الطرد وصل مفتوح وممزق من الخارج هذا غير مقبول,التوصيل
رفضوا استرجاع المنتج رغم أنه ضمن المدة,الاسترجاع والاستبدال
بعد إذنكم عملية الدفع فشلت والمبلغ انسحب من حسابي ومن جهة ثانية أرسلت المنتج المرتجع ولم أحصل على أي تأكيد شكرا https://t.co/xyz,الفوترة والدفع
شركة الشحن تقول سلمنا الطلب وأنا ما استلمت شي غير راضي عن الخدمة 😡,التوصيل
أريد أن أشتكي: انتظرت على الخط نصف ساعة بدون فائدة شكرا,خدمة العملاء
يطلبون مني دفع رسوم شحن للإرجاع ومن جهة ثانية كود الخصم لم يعمل عند الدفع هذا غير مقبول 😤,الاسترجاع والاستبدال
السلام عليكم، رفضوا استرجاع المنتج رغم أنه ضمن المدة غير راضي عن الخدمة,الاسترجاع والاستبدال
المنتج وصل معطوب ولا يعمل,جودة المنتج
بعد إذنكم لا أستطيع تسجيل الدخول إلى حسابي,الحساب والتطبيق
الموقع بطيء جدا ولا يفتح صفحة الدفع غير راضي عن الخدمة,الحساب والتطبيق
طلب رقم 93508 لا أستطيع تغيير رقم الجوال في الملف الشخصي غير راضي عن الخدمة https://t.co/xyz,الحساب والتطبيق
المبلغ المسترد لم يصل إلى حسابي هذا غير مقبول,الاسترجاع والاستبدال
تذكرتي مفتوحة من أسبوعين وما أحد رد هذا غير مقبول,خدمة العملاء
تم سحب اشتراك شهري بدون علمي كمان المنتج لا يطابق الوصف في الموقع شكرا,الفوترة والدفع
تم سحب اشتراك شهري بدون علمي أنتظر ردكم,الفوترة والدفع
البطارية تنفد بسرعة والمنتج ضعيف أنتظر ردكم,جودة المنتج
أريد أن أشتكي: نسيت كلمة المرور ولم تصلني رسالة التحقق وفوق هذا تم خصم المبلغ مرتين من بطاقتي,الحساب والتطبيق
وش سبب تأخير التوصيل كل مرة كمان طلبت استبدال المنتج ولم يتم حتى الآن أنتظر ردكم,التوصيل
السلام عليكم، أرسلت المنتج المرتجع ولم أحصل على أي تأكيد غير راضي عن الخدمة,الاسترجاع والاستبدال
بعد إذنكم أرسلت المنتج المرتجع ولم أحصل على أي تأكيد وأيضا عملية الدفع فشلت والمبلغ انسحب من حسابي أنتظر ردكم,الاسترجاع والاستبدال
لم يحل أحد مشكلتي وكل مرة يحولوني لقسم ثاني !!!,خدمة العملاء
بعد إذنكُمّ وَصلني الِطلب لعنَوان خاّطئ رغّمّ أُنَي كّتبتِ الّعنِوُان صحّ,التوصيل
تم خصم المبلغ مرتين من بطاقتي شكرااا,الفوترة والدفع
أريد أن أشتكي: رد الدعم آلي ولا يفهم مشكلتي شكرا !!!,خدمة العملاء
اتصلت أكثر من خمس مرات ولم يرد أحد ومن جهة ثانية الخامة رديئة جدا ولا تشبه الصور أنتظر ردكم,خدمة العملاء
لَلأسَف الُفاِتورِةُ تحتَوي عَلىِ رَسّوِمُ لم أواَفقّ علَيها أنتظر ردكم,الفوترة والدفع
للأُسفّ انتظرت عِلى الخطَ نصف ساعةَ بَدونَ فُائدةّ وّمِنِ جِهةّـــ ثانيِةُ يِطّلِبوُن مني دَفَع رِسّوم شحن للإرَجاعِ أرّجَو الحل بُسرَعُة,خدمة العملاء
للأسف شركة الشحن تقول سلمنا الطلب وأنا ما استلمت شي هذا غير مقبول,التوصيل
أريد أن أشتكي: لم يحل أحد مشكلتي وكل مرة يحولوني لقسم ثاني,خدمة العملاء
أريد أن أشتكي: لا أستطيع تغيير رقم الجوال في الملف الشخصي غير راضي عن الخدمة,الحساب والتطبيق
السلام عليكم، الفاتورة تحتوي على رسوم لم أوافق عليها كمان الموقع بطيء جدا ولا يفتح صفحة الدفع هذا غير مقبول,الفوترة والدفع
يا جماعة تذكرتُي مفتوُحَة من أّسبّوعين وما أحد ردِ,خدمة العملاء
لم تصلني الشحنة حتى الآن وتتبع الطلب لا يتحدث,التوصيل
تم سحب اااشتراك شهري بدون علمي أرجو الحل بسرعة,الفوترة والدفع
السلام عليكم، الطلب تأخر عن الموعد المحدد بأكثر من أسبوع هذا غير مقبول,التوصيل
أريد أن أشتكي: مندوب التوصيل لا يرد على الاتصال ويرجع الطلب وفوق هذا المبلغ المسترد لم يصل إلى حسابي,التوصيل
يا جماعة وش سبب تأخير التوصيل كل مرة وأيضا الدعم الفني وعدني بمكالمة ولم يتصل شكرا,التوصيل
مرحبا الفاتورة تحتوي على رسوم لم أوافق عليها,الفوترة والدفع
يا جماعة لا أستطيع تسجيل الدخول إلى حسابي,الحساب والتطبيق
مرحبا ما وصلتني فاتورة ضريبية رغم الطلب ومن جهة ثانية وصلني الطلب لعنوان خاطئ رغم أني كتبت العنوان صح,الفوترة والدفع
البطارية تنفد بسرعة والمنتج ضعيف أنتظر ردكم,جودة المنتج
بعد إذنكم لم تصلني الشحنة حتى الآن وتتبع الطلب لا يتحدث وفوق هذا نسيت كلمة المرور ولم تصلني رسالة التحقق,التوصيل
الفاتورة تحتوي على رسوم لم أوافق عليها وفوق هذا مندوب التوصيل لا يرد على الاتصال ويرجع الطلب شكرا,الفوترة والدفع
يا جماعة الجهاز توقف عن العمل بعد يومين فقط هذا غير مقبول,جودة المنتج
طلب رقم 88478 يا جماعة رد الدعم آلي ولا يفهم مشكلتي,خدمة العملاء
المقاس غير مطابق والجودة سيئة شكرا https://t.co/xyz,جودة المنتج
السلام عليكم، مندوب التوصيل لا يرد على الاتصال ويرجع الطلب أنتظر ردكم,التوصيل
الدعم الفني وعدني بمكالمة ولمـــ يتصل أرجو الحل بسرعة,خدمة العملاء
طلب رقم 93148 للأسف الخامة رديئة جدا ولا تشبه الصور غير راضي عن الخدمة,جودة المنتج
,التوصيل
يا جماعة ااالطرد وصل مفتوح وممزق من الخارج هذا غير مقبول,الفوترة والدفع
السلام عليكم، تم سحب اشتراك شهري بدون علمي هذا غير مقبول,الفوترة والدفع 
أريد أن أشتكي: الطرد وصل مفتوح وممزق من الخارج أرجو الحل بسرعة 😤,التوصيل
السلام عليكم، ما وصلتني فاتورة ضريبية رغم الطلب هذا غير مقبول,الفوترة والدفع
بعد إذنكم لا أستطيع تغيير رقم الجوال في الملف الشخصي أنتظر ردكم,الحساب والتطبيق
يا جماعة طلب الاستبدال ينتظر الموافقة منذ أيام أنتظر ردكم,الاسترجاع والاستبدال
مُرحبَاّ انتَظرُت عّلىِ الّخُط نصّفُ ساُعة بدونَ فائدة ومن جهُة ثانّيةّ كود اّلخصِم لم يعملَ عند الدِفع هّذا غير مُقبول,خدمة العملاء
يا جماعة رفضوا استرجاع المنتج رغم أنه ضمن المدة شكرا,الحساب والتطبيق
طلب رقم 46675 يا جماعة ما وصلتني فاتورة ضريبية رغم الطلب شكرا,الفوترة والدفع
للأسف المنتج لا يطابق الوصف في الموقع شكرا,جودة المنتج
يا جماعة رفضوا استرجاع المنتج رغم أنه ضمن المدة وفوق هذا نسيت كلمة المرور ولم تصلني رسالة التحقق شكرا,الاسترجاع والاستبدال
أريد أن أشتكي: لا أستطيع تغيير رقم الجوال في الملف الشخصي هذا غير مقبول,الحساب والتطبيق
المقاس غير مطابق والجودة سيئة,جودة المنتج
الجهاز توقف عن العمل بعد يومين فقط,جودة المنتج
البطارية تنفد بسرعة والمنتج ضعيف هذا غير مقبول order #8245,جودة المنتج
السلام عليكم، تذكرتي مفتوحة من أسبوعين وما أحد رد أنتظر ردكم,خدمة العملاء
السلام عليكم، وش سبب تأخير التوصيل كل مرة,التوصيل
يا جماعة فيه خدوش واضحة والمنتج مستعمل,جودة المنتج
ما وصلتني فاتورة ضريبية رغم الطلب order #7375,الفوترة والدفع
مرحبا ما وصلتني فاتورة ضريبية رغم الطلب غير راضي عن الخدمة,الفوترة والدفع
عملية الدفع فشلت والمبلغ انسحب من حسابي وفوق هذا المنتج وصل معطوب ولا يعمل أنتظر ردكم,الفوترة والدفع
عَملية الدِفع فشلتَ وّالمبُلغ انسِحب من حِسُابِي أنتظر ردكمُ https://t.co/xyz,الفوترة والدفع
للأسف وش سبب تأخير التوصيل كل مرة وفوق هذا نسيت كلمة المرور ولم تصلني رسالة التحقق غير راضي عن الخدمة,التوصيل
بِعد إّذنكَم اُلخاِمة ردِيئُة جدُا ولا تُشبُه الصَوّر ومنّ جهّة ثانية تم خصمَ المِبَلَغ مِرّتِين منّ بطَاقتي أَنُتظِرّ رِدِكمَ 😡,جودة المنتج
بعد إذنكم تذكرتي مفتوحة من أسبوعين وما أحد رد وأيضا لم تصلني الشحنة حتى الآن وتتبع الطلب لا يتحدث أرجو الحل بسرعة 😤,خدمة العملاء
يا جماعة الطرد وصل مفتوح وممزق من الخارج شكرا,التوصيل
وش سبب تأخير التوصيل كل مرة شكرا,التوصيل
أريد أن أشتكي: بعد التحديث الأخير اختفت بيانات حسابي شكرا,الحساب والتطبيق 
يطلبوّنَ مني دفّعَ رسوِم شحنِ لّلإرُجاع,الاسترجاع والاستبدال
مرحبا رفضوا استرجاع المنتج رغم أنه ضمن المدة أرجو الحل بسرعة,الاسترجاع والاستبدال
بعد إذنكم موظف خدمة العملاء كان غير محترم في الرد أنتظر ردكم !!!,خدمة العملاء
للأسف كود الخصم لم يعمل عند الدفع ؟؟؟,الفوترة والدفع
للأسف المبلغ المسترد لم يصل إلى حسابي,الاسترجاع والاستبدال
شركة الشحن تقول سلمنا الطلب وأنا ما استلمت شي,التوصيل
للأسف الدعم الفني وعدني بمكالمة ولم يتصل غير راضي عن الخدمة,خدمة العملاء
يا جماعة طلب الاستبدال ينتظر الموافقة منذ أيام ومن جهة ثانية اتصلت أكثر من خمس مرات ولم يرد أحد !!!,الاسترجاع والاستبدال
السلام عليكم، لا أستطيع تغيير رقم الجوال في الملف الشخصي كمان الخامة رديئة جدا ولا تشبه الصور أنتظر ردكم,الحساب والتطبيق
بعد إذنكم السعر في الفاتورة يختلف عن السعر المعلن وفوق هذا أرسلت المنتج المرتجع ولم أحصل على أي تأكيد أرجو الحل بسرعة,الفوترة والدفع
التَطبيُق يتوقِف باستُمرارِ ويِغلق لوّحدّه https://t.co/xyz,الحساب والتطبيق
بعد إذنكم السعر في الفاتورة يختلف عن السعر المعلن ومن جهة ثانية لا أستطيع تسجيل الدخول إلى حسابي هذا غير مقبول,الفوترة والدفع
بّعد إذنكمَ لم تصَلنَي الشّحنةِ حتى اُلآن وتتبّع اُلُطلِب لا يتحُدثَ غِير راضُيِ عَنّ اِلِخدمة,التوصيل
السعر في الفاتورة يختلف عن السعر المعلن شكرا,الفوترة والدفع 
مندوَب التّوَصيل لِا يرد على اّلَاتّصالّ ويِرجع اُلطّلبَ أرجو الُحل بسرعةِ,التوصيل
مرحبا رفضوا استرجاع المنتج رغم أنه ضمن المدة وأيضا وش سبب تأخير التوصيل كل مرة,الاسترجاع والاستبدال
للأسف عملية الدفع فشلت والمبلغ انسحب من حسابي هذا غير مقبول,الفوترة والدفع
السلام عليكم، كود الخصم لم يعمل عند الدفع شكرا,الفوترة والدفع
مرحبا رفضوا استرجاع المنتج رغم أنه ضمن المدة,الاسترجاع والاستبدال
مرحبا تم سحب اشتراك شهري بدون علمي ؟؟؟,الفوترة والدفع 
مرحبا رد الدعم آلي ولا يفهم مشكلتي وفوق هذا تم سحب اشتراك شهري بدون علمي غير راضي عن الخدمة,خدمة العملاء 
بعّد إذنَكَمِ تذكَرتَي مفتوُحة من أسبَوّعين وما أحد رّد أِرجو الحل بُسرعةّ,خدمة العملاء
لم يحل أحد مشكلتي وكل مرة يحولوني لقسم ثاني أرجو الحل بسرعة,خدمة العملاء
انتظرت على الخط نصف ساعة بدون فائدة ومن جهة ثانية التطبيق يتوقف باستمرار ويغلق لوحده,خدمة العملاء
طلب رقم 82842 أريد أن أشتكي: المبلغ المسترد لم يصل إلى حسابي,الاسترجاع والاستبدال
السلام عليكم، المنتج وصل معطوب ولا يعمل أرجو الحل بسرعة,جودة المنتج
التطبيق يتوقف باستمرار ويغلق لوحده غيرـــ راضي عن الخدمة !!!,الحساب والتطبيق
بعد إذنكم وش سبب تأخير التوصيل كل مرة,التوصيل
ياُ جمِاااعة الّمبّلغُ اُلَمستردِ لم يصل إُلىَ حسِابي أرجو الحل بِسرعةُ,الاسترجاع والاستبدال
شركة الشحن تقول سلمنا الطلب وأنا ما استلمت شي وفوق هذا عملية الدفع فشلت والمبلغ انسحب من حسابي غير راضي عن الخدمة 😤,التوصيل
الموقع بطيء جدا ولا يفتح صفحة الدفع,الحساب والتطبيق
يا جماعة فيه خدوش واضحة والمنتج مستعمل غير راضي عن الخدمة 😡,جودة المنتج
طلب الاستبدال ينتظر الموافقة منذ أيام شكرا,الاسترجاع والاستبدال
يا جماعة المنتج وصل معطوب ولا يعمل شكرا,جودة المنتج
للأسف لا أستطيع تغيير رقم الجوال في الملف الشخصي أرجو الحل بسرعة,الحساب والتطبيق
مرحبا وصلني الطلب لعنوان خاطئ رغم أني كتبت العنوان صح هذا غير مقبول ؟؟؟,التوصيل
للأسف عملية الدفع فشلت والمبلغ انسحب من حسابي كمان المنتج لا يطابق الوصف في الموقع أرجو الحل بسرعة,الفوترة والدفع
أريد أن أشتكي: فيه خدوش واضحة والمنتج مستعمل,جودة المنتج
يا جماعة تذكرتي مفتوحة من أسبوعين وما أحد رد هذا غير مقبول,خدمة العملاء
أريد أن أشتكي: الموقع بطيء جدا ولا يفتح صفحة الدفع وأيضا اتصلت أكثر من خمس مرات ولم يرد أحد أرجو الحل بسرعة,الحساب والتطبيق
فيه خدوش واضحة والمنتج مستعمل أنتظر ردكم,جودة المنتج
يا جماعة اتصلت أكثر من خمس مرات ولم يرد أحد وأيضا عملية الدفع فشلت والمبلغ انسحب من حسابي هذا غير مقبول,خدمة العملاء
السلام عليكم، المبلغ المسترد لم يصل إلى حسابي أنتظر ردكم,الاسترجاع والاستبدال
بعد إذنكم لا أستطيع تسجيل الدخول إلى حسابي هذا غير مقبول !!!,الحساب والتطبيق
أريد أن أشتكي: المنتج وصل معطوب ولا يعمل أرجو الحل بسرعة,جودة المنتج
يا جماعة الجهاز توقف عن العمل بعد يومين فقط وأيضا بعد التحديث الأخير اختفت بيانات حسابي,جودة المنتج
للأسف المقاس غير مطابق والجودة سيئة وفوق هذا تم إغلاق حسابي بدون أي سبب شكرا 😤,جودة المنتج
طلب رقم 13367 أريد أن أشتكي: تم سحب اشتراك شهري بدون علمي,الفوترة والدفع
الجهاز توقف عن العمل بعد يومين فقط وفوق هذا بعد التحديث الأخير اختفت بيانات حسابي,جودة المنتج
كود الخصم لم يعمل عند الدفع كمان التطبيق يتوقف باستمرار ويغلق لوحده أنتظر ردكم,الفوترة والدفع
مرّحُباّ اّلمنتِجِ وّصلُ مَعطوب ولا يعَملُ هذّاّ غّيّرُ مقُبول,جودة المنتج
لم يحل أحد مشكلتي وكل مرة يحولوني لقسم ثاني شكرا,خدمة العملاء
رد الدعم آلي ولا يفهم مشكلتي ومن جهة ثانية السعر في الفاتورة يختلف عن السعر المعلن أرجو الحل بسرعة,خدمة العملاء
يا جماعة المنتج وصل معطوب ولا يعمل,جودة المنتج
طلب رقم 15655 مرحبا السعر في الفاتورة يختلف عن السعر المعلن شكرا,الفوترة والدفع
للأسف لم تصلني الشحنة حتى الآن وتتبع الطلب لا يتحدث ومن جهة ثانية تم خصم المبلغ مرتين من بطاقتي أرجو الحل بسرعة,التوصيل
السلام عليكم، مندوب التوصيل لا يرد على الاتصال ويرجع الطلب شكرا 😤,التوصيل
السلَامُ عليكمّ، سياُسة الإرّجُاع غِيرَ واضحةُ وُرفضوا طلبُي كَمان اّلجهازِ توَقف عنُ ااالعمِلُ بعد يِومين فقط أنتُظرُ ردكم,الاسترجاع والاستبدال
السلام عليكم، المنتج وصل معطوب ولا يعمل,جودة المنتج
طلب رقم 25406 للأسف لم يحل أحد مشكلتي وكل مرة يحولوني لقسم ثاني ومن جهة ثانية ما وصلتني فاتورة ضريبية رغم الطلب https://t.co/xyz,الحساب والتطبيق
السلام عليكم، أرسلت المنتج المرتجع ولم أحصل على أي تأكيد أرجو الحل بسرعة 😡,الاسترجاع والاستبدال
للأسف الطرد وصل مفتوح وممزق من الخارج غير راضي عن الخدمة 😡,التوصيل
السلام عليكم، تم خصم المبلغ مرتين من بطاقتي غير راضي عن الخدمة,الفوترة والدفع
وصلني الطلب لعنوان خاطئ رغم أني كتبت العنوان صح شكرا,التوصيل
للأسف المقاس غير مطابق والجودة سيئة,جودة المنتج
أريد أن أشتكي: نسيت كلمة المرور ولم تصلني رسالة التحقق وأيضا شركة الشحن تقول سلمنا الطلب وأنا ما استلمت شي أرجو الحل بسرعة,الحساب والتطبيق
يا جماعة اتصلت أكثر من خمس مرات ولم يرد أحد هذا غير مقبول,خدمة العملاء
أريد أن أشتكي: وصلني الطلب لعنوان خاطئ رغم أني كتبت العنوان صح كمان عملية الدفع فشلت والمبلغ انسحب من حسابي,التوصيل
بعد إذنكم عملية الدفع فشلت والمبلغ انسحب من حسابي شكرا,الفوترة والدفع
السلام عليكم، لم يحل أحد مشكلتي وكل مرة يحولوني لقسم ثاني كمان تم خصم المبلغ مرتين من بطاقتي شكرا,خدمة العملاء
مرحبا فيه خدوش واضحة والمنتج مستعمل أرجو الحل بسرعة,جودة المنتج
السلام عليكم، لم تصلني الشحنة حتى الآن وتتبع الطلب لا يتحدث شكرا,التوصيل
للأسف الطلب تأخر عن الموعد المحدد بأكثر من أسبوع كمان أرسلت المنتج المرتجع ولم أحصل على أي تأكيد شكرا,جودة المنتج
بعد إذنكم فيه خدوش واضحة والمنتج مستعمل غير راضي عن الخدمة 😡,الاسترجاع والاستبدال
السلام عليكم، وصلني الطلب لعنوان خاااطئ رغم أني كتبت العنوان صح ومن جهة ثانية التطبيق يتوقف باستمرار ويغلق لوحده شكرا,التوصيل
أريد أن أشتكي: انتظرت على الخط نصف ساعة بدون فائدة أرجو الحل بسرعة,خدمة العملاء
بعد إذنكم سياسة الإرجاع غير واضحة ورفضوا طلبي وفوق هذا مندوب التوصيل لا يرد على الاتصال ويرجع الطلب,الاسترجاع والاستبدال
للأسف انتظرت على الخط نصف ساعة بدون فائدة ومن جهة ثانية وصلني الطلب لعنوان خاطئ رغم أني كتبت العنوان صح هذا غير مقبول,خدمة العملاء
للأسف تم خصم المبلغ مرتين من بطاقتي كمان طلب الاستبدال ينتظر الموافقة منذ أيام,الفوترة والدفع
طلب رقم 87462 أريد أن أشتكي: شركة الشحن تقول سلمنا الطلب وأنا ما استلمت شي وفوق هذا لا أستطيع تسجيل الدخول إلى حسابي شكرا,التوصيل
,خدمة العملاء
أريد أن أشتكي: المنتج لا يطابق الوصف في الموقع غير راضي عن الخدمة,جودة المنتج
أريد أن أشتكي: تم سحب اشتراك شهري بدون علمي وفوق هذا نسيت كلمة المرور ولم تصلني رسالة التحقق أرجو الحل بسرعة,الفوترة والدفع
السلام عليكم، لم تصلني الشحنة حتى الآن وتتبع الطلب لا يتحدث أنتظر ردكم,التوصيل
يا جماعة فيه خدوش واضحة والمنتج مستعمل أرجو الحل بسرعة,جودة المنتج
السلام عليكم، تم خصم المبلغ مرتين من بطاقتي غير راضي عن الخدمة,الفوترة والدفع
أريد أن أشتكي: لم تصلني الشحنة حتى الآن وتتبع الطلب لا يتحدث كمان كود الخصم لم يعمل عند الدفع أنتظر ردكم,التوصيل
للأسف الطرد وصل مفتوح وممزق من الخارج أرجو الحل بسرعة,التوصيل
أريد أن أشتكي: البطارية تنفد بسرعة والمنتج ضعيف,جودة المنتج
طلب رقم 61216 بعد إذنكم يطلبون مني دفع رسوم شحن للإرجاع أرجو الحل بسرعة,الاسترجاع والاستبدال
التطبيق يتوقف باستمرار ويغلق لوحده وفوق هذا البطارية تنفد بسرعة والمنتج ضعيف شكرا,الحساب والتطبيق
يا جماعة تم خصم المبلغ مرتين من بطاقتي أرجو الحل بسرعة,الفوترة والدفع
بعد إذنكم وصلني الطلب لعنوان خاطئ رغم أني كتبت العنوان صح,التوصيل
طلب رقم 72229 المقاس غير مطابق والجودة سيئة شكرا,جودة المنتج
بعُد إُذنكُمُ اُلّمنتج وصل معطوب ولا يعمل هذا غيرِ مقُبولّ,جودة المنتج
للأسف الموقع بطيء جدا ولا يفتح صفحة الدفع هذا غير مقبول,الحساب والتطبيق
السلام عليكم، المنتج لا يطابق الوصف في الموقع أرجو الحل بسرعة,جودة المنتج
بعد إذنكم تم سحب اشتراك شهري بدون علمي شكرا,الفوترة والدفع
طلب رقم 22060 السلام عليكم، اتصلت أكثر من خمس مرات ولم يرد أحد شكرا https://t.co/xyz,خدمة العملاء
تم خصم المبلغـــ مرتين من بطاقتي شكرا,الفوترة والدفع
السلام عليكم، الطلب تأخر عن الموعد المحدد بأكثر من أسبوع هذا غير مقبول,التوصيل
المقاس غير مطابق والجودة سيئة هذا غير مقبول,جودة المنتج
بعد إذنكم الطلب تأخر عن الموعد المحدد بأكثر من أسبوع,التوصيل
السلام عليكم، الفاتورة تحتوي على رسوم لم أوافق عليها أنتظر ردكم,الفوترة والدفع
للأسف مَندوب التوصيل لا يرّد علىّ الِاتصّاّلَ ويرجع اِلَطلب أَنتظر ردكم,التوصيل
أريد أن أشتكي: تذكرتي مفتوحة من أسبوعين وما أحد رد وأيضا الجهاز توقف عن العمل بعد يومين فقط https://t.co/xyz,خدمة العملاء
كود الخصم لم يعمل عند الدفع ومن جهة ثانية انتظرت على الخط نصف ساعة بدون فائدة غير راضي عن الخدمة,الفوترة والدفع
للأسف مندوب التوصيل لا يرد على الاتصال ويرجع الطلب هذا غير مقبول,التوصيل
السلام عليكم، شركة الشحن تقول سلمنا الطلب وأنا ما استلمت شي أرجو الحل بسرعة 😤,التوصيل
الموقع بطيء جدا ولا يفتح صفحة الدفع وأيضا البطارية تنفد بسرعة والمنتج ضعيف شكرا,الحساب والتطبيق
طلب رقم 65052 مرحبا وش سبب تأخير التوصيل كل مرة شكرا,التوصيل
يا جُماِعّة يُطُلبونِ مني دِفعُ رسوم شُحن للِإِرجاِع,الاسترجاع والاستبدال
الخامة رديئة جدا ولا تشبه الصور ومن جهة ثانية تم خصم المبلغ مرتين من بطاقتي شكرا,جودة المنتج
مرّحبا تِمُ سَحبِ اَشتراك شهري بِدون علمِيُ أنتظر رَدّكمُ,الفوترة والدفع
الطرد وصل مفتوح وممزق من الخارج هذا غير مقبول,التوصيل
السلام عليكم، المنتج وصل معطوب ولا يعمل أرجو الحل بسرعة,جودة المنتج
السلام عليكم، طلبت استبدال المنتج ولم يتم حتى الآن هذا غير مقبول,الاسترجاع والاستبدال
أريد أن أشتكي: الخامة رديئة جدا ولا تشبه الصور وفوق هذا تم سحب اشتراك شهري بدون علمي,جودة المنتج
موظف خدمة العملاء كان غير محترم في الرد هذا غير مقبول,خدمة العملاء
بعد إذنكم يطلبون مني دفع رسوم شحن للإرجاع أنتظر ردكم,الاسترجاع والاستبدال
الطلب تأخر عن الموعد المحدد بأكثر من أسبوع وفوق هذا عملية الدفع فشلت والمبلغ انسحب من حسابي,التوصيل
أريدِ أن أشتكُيِ: طَلب اِلاستبدال ينتُظّر المواُفقة منذ أيام كمّانُ اِلُخَاّمة رديئةُ جِدا وُلا تشبِه الّصِوّر أِنتظرُ ردكمَ,الاسترجاع والاستبدال
للأسف مندوب التوصيل لا يرد على الاتصال ويرجع الطلب أرجو الحل بسرعة,التوصيل
الموقع بطيء جدا ولا يفتح صفحة الدفع هذا غير مقبول,الحساب والتطبيق
أريد أن أشتكي: تم خصم المبلغ مرتين من بطاقتي شكرا,الفوترة والدفع
للأسف الفاتورة تحتوي على رسوم لم أوافق عليها كمان الخامة رديئة جدا ولا تشبه الصور أنتظر ردكم 😤,الفوترة والدفع
يا جماعة الطلب تأخر عن الموعد المحدد بأكثر من أسبوع كمان التطبيق يتوقف باستمرار ويغلق لوحده هذا غير مقبول,التوصيل
الطلب تأخر عن الموعد المحدد بأكثر من أسبوع هذا غير مقبول,التوصيل
مرحبا وصلني الطلب لعنوان خاطئ رغم أني كتبت العنوان صح,التوصيل
مرحبا طلب الاستبدال ينتظر الموافقة منذ أيام وفوق هذا الدعم الفني وعدني بمكالمة ولم يتصل شكرا,الاسترجاع والاستبدال
يا جماعة الجهاز توقف عن العمل بعد يومين فقط,جودة المنتج
طلب رقم 58982 مرحبا السعر في الفاتورة يختلف عن السعر المعلن كمان سياسة الإرجاع غير واضحة ورفضوا طلبي غير راضي عن الخدمة,الفوترة والدفع
تم إغلاق حسابي بدون أي سبب,الحساب والتطبيق
أرسلت المنتج المرتجع ولم أحصل على أي تأكيد,الاسترجاع والاستبدال
يا جماعة مندوب التوصيل لا يرد على الاتصال ويرجع الطلب أرجو الحل بسرعة,التوصيل
بعد إذنكم اتصلت أكثر من خمس مرات ولم يرد أحد وفوق هذا طلب الاستبدال ينتظر الموافقة منذ أيام غير راضي عن الخدمة,خدمة العملاء
طلب رقم 59052 السلام عليكم، المقاس غير مطابق والجودة سيئة وفوق هذا الفاتورة تحتوي على رسوم لم أوافق عليها غير راضي عن الخدمة 😤,جودة المنتج
أريد أن أشتكي: رد الدعم آلي ولا يفهم مشكلتي وفوق هذا الخامة رديئة جدا ولا تشبه الصور غير راضي عن الخدمة,خدمة العملاء 
السلام علّيكَم، اّلمنتَجَ وصل معُطِوب وُلا يعملُ هذاَ غير مقبول,جودة المنتج
للأسف الخامة رديئة جدا ولا تشبه الصور أرجو الحل بسرعة,جودة المنتج
طلب رقم 42757 بعد إذنكم شركة الشحن تقول سلمنا الطلب وأنا ما استلمت شي أنتظر ردكم,التوصيل
السلام عليكم، عملية الدفع فشلت والمبلغ انسحب من حسابي وفوق هذا تذكرتي مفتوحة من أسبوعين وما أحد رد أنتظر ردكم,الفوترة والدفع
كود الخصم لم يعمل عند الدفع وفوق هذا لم يحل أحد مشكلتي وكل مرة يحولوني لقسم ثاني شكرا,الفوترة والدفع
تم إغلاق حسابي بدون أي سبب ومن جهة ثانية فيه خدوش واضحة والمنتج مستعمل شكرا,الحساب والتطبيق
بعد إذنكم ما وصلتني فاتورة ضريبية رغم الطلب وفوق هذا بعد التحديث الأخير اختفت بيانات حسابي,الفوترة والدفع
بعد إذنكم الفاتورة تحتوي على رسوم لم أوافق عليها ومن جهة ثانية انتظرت على الخط نصف ساعة بدون فائدة غير راضي عن الخدمة,الفوترة والدفع
تم سحب اشتراك شهري بدون علمي,الفوترة والدفع
بعد إذنكم تم إغلاق حسابي بدون أي سبب هذا غير مقبول,الحساب والتطبيق
لِلأسّفِ بعد اُلُتحديث الأخيرِ اختفّت بيانَات حَسابي,الحساب والتطبيق
للأسف الفاتورة تحتوي على رسوم لم أوافق عليها,الفوترة والدفع
يا جماعة السعر في الفاتورة يختلف عن السعر المعلن وفوق هذا سياسة الإرجاع غير واضحة ورفضوا طلبي هذا غير مقبول order #4625,الفوترة والدفع
السلام عليكم، المنتج لا يطابق الوصف في الموقع,جودة المنتج
تم خصم المبلغ مرتين من بطاقتي هذا غير مقبول,الفوترة والدفع
أريد أن أشتكي: ما وصلتني فاتورة ضريبية رغم الطلب أرجو الحل بسرعة,الفوترة والدفع
السلام عليكم، المنتج وصل معطوب ولا يعمل,جودة المنتج
السلام عليكم، تم سحب اشتراك شهري بدون علمي غير راضي عن الخدمة,الفوترة والدفع
يا جماعة أرسلت المنتج المرتجع ولم أحصل على أي تأكيد شكرا,الاسترجاع والاستبدال
للأسف كود الخصم لم يعمل عند الدفع شكرا,الفوترة والدفع
يا جماعة شركة الشحن تقول سلمنا الطلب وأنا ما استلمت شي أنتظر ردكم,التوصيل
طلب رقم 85218 وصلني الطلب لعنوان خاطئ رغم أني كتبت العنوان صح أنتظر ردكم,التوصيل
تمُ خصمَ المبلغ مرّتينُ مِنُ بطاقُتي أنَتظرّ رَدكمِ 😤,الفوترة والدفع
ما وصلتني فاتورة ضريبية رغم الطلب,الفوترة والدفع
للأسف التطبيق يتوقف باستمرار ويغلق لوحده غير راضي عن الخدمة 😤,الحساب والتطبيق
مّرحبَا الجِهازّ توقّفّ عن العملِ بِعدّ يَومينَ فقُط غّيرّ راضي عّنّ اُلخدمَة,جودة المنتج 
السلام عليكم، أرسلت المنتج المرتجع ولمـــ أحصل على أي تأكيد شكرا,الاسترجاع والاستبدال
لمَ يّحل أّحدِ مَشَكلتي وكلِ مرُة يحولُوني لّقسّم ثِانّي كمانَ بعد اِلَتحِدُيث اِلِأخير اختفّتُ بِيانِاِت حساُبيِ أرجو اُلحل بسُرعة,خدمة العملاء
السلام عليكم، وصلني الطلب لعنوان خاطئ رغم أني كتبت العنوان صح شكرا,التوصيل
يا جماعة السعر في الفاتورة يختلف عن السعر المعلن,الاسترجاع والاستبدال
طلب رقم 58546 يا جماعة شركة الشحن تقول سلمنا الطلب وأنا ما استلمت شي كمان لم يحل أحد مشكلتي وكل مرة يحولوني لقسم ثاني شكرا,التوصيل
للأسف فيه خدوش واضحة والمنتج مستعمل أرجو الحل بسرعة,جودة المنتج
طلب رقم 13030 مرحبا لا أستطيع تسجيل الدخول إلى حسابي أنتظر ردكم,الحساب والتطبيق 
السلام عليكم، فيه خدوش واضحة والمنتج مستعمل غير راضي عن الخدمة,جودة المنتج
تذكرتي مفتوحة من أسبوعين وما أحد رد وأيضا الخامة رديئة جدا ولا تشبه الصور أنتظر ردكم,خدمة العملاء
رفضوا استرجاع المنتج رغم أنه ضمن المدة هذا غير مقبول,الاسترجاع والاستبدال
يا جَمَاعة مندّوبُ التّوّصيُلُ لا يرد علِى الاتصاَل ويَرجع الطلبـــ هذا غُيّر مقبول,التوصيل
يا جماعة الفاتورة تحتوي على رسوم لم أوافق عليها order #1919,الفوترة والدفع
يا جماعة بعد التحديث الأخير اختفت بيانات حسابي شكرا,الحساب والتطبيق
السلام عليكم، انتظرت على الخط نصف ساعة بدون فائدة,خدمة العملاء
للأسف فيه خدوش واضحة والمنتج مستعمل شكرا,الاسترجاع والاستبدال
السلام عليكم، المقاس غير مطابق والجودة سيئة,جودة المنتج
موظف خدمة العملاء كان غير محترم في الرد أنتظر ردكم,خدمة العملاء
طلب رقم 23895 سياسة الإرجاع غير واضحة ورفضوا طلبي ومن جهة ثانية تم إغلاق حسابي بدون أي سبب شكرا,الاسترجاع والاستبدال
مِرِحّبا البطاّرُيةّ تنفَد بُسرّعّة وِاَلمنتّج ضعيفّ أنتظر ردّكَم,جودة المنتج
بعد إذنكم انتظرت على الخط نصف ساعة بدون فائدة ومن جهة ثانية ما وصلتني فاتورة ضريبية رغم الطلب,خدمة العملاء
يا جماعة رد الدعم آلي ولا يفهم مشكلتي أنتظر ردكم,خدمة العملاء
للأسف سياسة الإرجاع غير واضحة ورفضوا طلبي أرجو الحل بسرعة,الاسترجاع والاستبدال
طلب الاستبدال ينتظر الموافقة منذ أيام,الاسترجاع والاستبدال 
يا جماعة الطلب تأخر عن الموعد المحدد بأكثر من أسبوع ومن جهة ثانية البطارية تنفد بسرعة والمنتج ضعيف شكرا,التوصيل
لا أستطيع تغيير رقم الجوال في الملف الشخصي وفوق هذا مندوب التوصيل لا يرد على الاتصال ويرجع الطلب,الحساب والتطبيق
مندوب التوصيل لا يرد على الاتصال ويرجع الطلب كمان أرسلت المنتج المرتجع ولم أحصل على أي تأكيد أرجو الحل بسرعة,التوصيل
المبلغ المسترد لم يصل إلى حسابيـــ,الاسترجاع والاستبدال
طلب رقم 43841 أريد أن أشتكي: الطلب تأخر عن الموعد المحدد بأكثر من أسبوع أرجو الحل بسرعة,التوصيل
طلب رقم 20155 الفاتورة تحتوي على رسوم لم أوافق عليها هذا غير مقبول,الفوترة والدفع
أريد أن أشتكي: تم سحب اشتراك شهري بدون علمي أنتظر ردكم,الفوترة والدفع
مرّحبُاّ اّلدعّمِ الّفنِي وعدنّيِ بمكَالمة ولم يتُصلُ أّنتظر رِدَكم,خدمة العملاء
الموقع بطيء جدا ولا يفتح صفحة الدفع أنتظر ردكم,الحساب والتطبيق
للأسف تم خصم المبلغ مرتين من بطاقتي هذا غير مقبول,الفوترة والدفع
طلب رقم 55591 السلام عليكم، الطلب تأخر عن الموعد المحدد بأكثر من أسبوع ومن جهة ثانية المبلغ المسترد لم يصل إلى حسابي أرجو الحل بسرعة,التوصيل
لم تصلني الشحنة حتى الآن وتتبع الطلب لا يتحدث,التوصيل
أريد أن أشتكي: بعد التحديث الأخير اختفت بيانات حسابي أنتظر ردكم,الحساب والتطبيق
بعد التحديث الأخير اختفت بيانات حسابي كمان رفضوا استرجاع المنتج رغم أنه ضمن المدة أرجو ااالحل بسرعة,الحساب والتطبيق
مرحبا المنتج لا يطابق الوصف في الموقع أنتظر ردكم,جودة المنتج
طلب رقم 49537 مرحبا الطلب تأخر عن الموعد المحدد بأكثر من أسبوع,التوصيل
للأسف الدعم الفني وعدني بمكالمة ولم يتصل,خدمة العملاء
للأسف لا أستطيع تغيير رقمـــ الجوال في الملف الشخصي شكرا,الحساب والتطبيق
السلام عليكم، لم تصلني الشحنة حتى الآن وتتبع الطلب لا يتحدث,التوصيل
بعد إذنكم أرسلت المنتج المرتجع ولم أحصل على أي تأكيد غير راضي عن الخدمة,الاسترجاع والاستبدال
مندوب التوصيل لا يرد على الاتصال ويرجع الطلب,التوصيل
يا جماعة الجهاز توقف عن العمل بعد يومين فقط وأيضا مندوب التوصيل لا يرد على الاتصال ويرجع الطلب,جودة المنتج
طلب رقم 44351 أريد أن أشتكي: وصلني الطلب لعنوااان خاطئ رغم أني كتبت العنوان صح أنتظر ردكم 😤,التوصيل
أريد أن أشتكي: الخامةـــ رديئة جدا ولا تشبه الصور وأيضا مندوب التوصيل لا يرد على الاتصال ويرجع الطلب أرجو الحل بسرعة,جودة المنتج
للأسف المنتج لا يطابق الوصف في الموقع أرجو الحل بسرعة !!!,جودة المنتج
يا جماعة تم سحب اشتراك شهري بدون علمي غير راضي عن الخدمة,الفوترة والدفع
وش سبب تأخير التوصيل كل مرة,التوصيل
يا جماعة اتصلت أكثر من خمس مرات ولم يرد أحد,خدمة العملاء
يا جماعة تم سحب اشتراك شهري بدون علمي أنتظر ردكم,الفوترة والدفع
للأسف وش سبب تأخير التوصيل كل مرة,التوصيل
السلام عليكم، موظف خدمة العملاء كان غير محترم في الرد شكرا,خدمة العملاء
مرحبا الطرد وصل مفتوح وممزق من الخارج,التوصيل
للأسف اِلّمِوقُع بطُيء جدا وّلا يفتحُ صُفحةّ الدفعُ هِذاِ غَيّر مقبول,الحساب والتطبيق
السلام عليكم، السعر في الفاتورة يختلف عن السعر المعلن هذا غير مقبول 😡,الفوترة والدفع
طلب رقم 28705 السلام عليكم، رفضوا استرجاع المنتج رغم أنه ضمن المدة أرجو الحل بسرعة,الاسترجاع والاستبدال
السلام عليكم، فيه خدوش واضحة والمنتج مستعمل شكرا,جودة المنتج
وصلني الطلب لعنوان خاطئ رغم أني كتبت العنوان صح وفوق هذا سياسة الإرجاع غير واضحة ورفضوا طلبي أرجو الحل بسرعة,التوصيل
يا جماعة لم تصلني الشحنة حتى الآن وتتبع الطلب لا يتحدث أرجو الحل بسرعة,التوصيل
أريد أن أشتكي: الجهاز توقف عن العمل بعد يومين فقط شكرا,جودة المنتج
أريّد أنِ أّشتُكيِ: اُتصلت أكّثِر من خمس مراتَ ولمُ يِرد أّحد أّرجو الّحلّ بسَرعُةُ,خدمة العملاء
بعد إذنكم ما وصلتني فاتورة ضريبية رغم الطلب,الفوترة والدفع
كود الخصم لم يعمل عند الدفع ومن جهة ثانية مندوب التوصيل لا يرد على الاتصال ويرجع الطلب ؟؟؟,الفوترة والدفع
بعد إذنكم الجهاز توقف عن العمل بعد يومين فقط كمان طلبت استبدال المنتج ولم يتم حتى الآن,جودة المنتج
السلام عليكم، اتصلت أكثر من خمس مرات ولم يرد أحد,خدمة العملاء
للأسف طلب الاستبدال ينتظر الموافقة منذ أيام,الاسترجاع والاستبدال
طلب رقم 18274 أريد أن أشتكي: لا أستطيع تغيير رقم الجوال في الملف الشخصي غير راضي عن الخدمة,الحساب والتطبيق
السلام عليكم، الطلب تأخر عنـــ الموعد المحدد بأكثر من أسبوع غير راضي عن الخدمة,التوصيل
مرحبا الجهاز توقف عن العمل بعد يومين فقط شكرا,جودة المنتج
مرحبا لا أستطيع تغيير رقم الجوال في الملف الشخصي هذا غير مقبول,الحساب والتطبيق
يا جماعة أرسلت المنتج المرتجع ولم أحصل على أي تأكيد غير راضي عن الخدمة,الاسترجاع والاستبدال
,التوصيل
أريد أن أشتكي: انتظرت على الخط نصف ساعة بدون فائدة وأيضا عملية الدفع فشلت والمبلغ انسحب من حسابي شكرا,خدمة العملاء
طلب رقم 52684 فيه خدوش واضحة والمنتج مستعمل أنتظر ردكم,جودة المنتج
للأسف وش سبب تأخير التوصيل كل مرة هذا غير مقبول,التوصيل
طلب رقم 55542 أريد أن أشتكي: مندوب التوصيل لا يرد على الاتصال ويرجع الطلب وفوق هذا الجهاز توقف عن العمل بعد يومين فقط هذا غير مقبول 😤,التوصيل
طلب الاستبدال ينتظر الموافقة منذ أيام وفوق هذا موظف خدمة العملاء كان غير محترم في الرد,الاسترجاع والاستبدال
لم تصلني الشحنة حتى الآن وتتبع الطلب لا يتحدث هذا غير مقبول,التوصيل
يَطُلبَونُ مني دفّع رسِومَ شّحن لّلإرجاع أنتظرّ ردكَم,الاسترجاع والاستبدال
أريد أن أشتكي: الطرد وصل مفتوح وممزق من الخارج أنتظر ردكم,التوصيل
أريدـــ أن أشتكي: الطلب تأخر عن الموعد المحدد بأكثر من أسبوع ومن جهة ثانية تذكرتي مفتوحة من أسبوعين وما أحد رد هذا غير مقبول https://t.co/xyz,التوصيل
للأسف لم تصلني الشحنة حتى الآن وتتبع الطلب لا يتحدث وأيضا اتصلت أكثر من خمس مرات ولم يرد أحد غير راضي عن الخدمة,التوصيل
يا جماعة كود الخصم لم يعمل عند الدفع غير راضي عن الخدمة,الفوترة والدفع
طلب رقم 56594 السلام عليكم، لم تصلني الشحنة حتى الآن وتتبع الطلب لا يتحدث أنتظر ردكم,التوصيل
أريد أن أشتكي: عملية الدفع فشلت والمبلغ انسحب من حسابي شكرا,الفوترة والدفع
بعد إذنكم المنتج وصل معطوب ولا يعمل أرجو الحل بسرعة,جودة المنتج
أريد أن أشتكي: ما وصلتني فاتورة ضريبية رغم الطلب وأيضا لم يحل أحد مشكلتي وكل مرة يحولوني لقسم ثاني,الفوترة والدفع
بعد إذنكم مندوب التوصيل لا يرد على الاتصال ويرجع الطلب كمان طلب الاستبدال ينتظر الموافقة منذ أيام,التوصيل
لا أُسُتطيعِ تسجيل الدُخِوَل إِلُى حِسابيّ غيّرِ راضُي عنَ اّلخِدمة,الحساب والتطبيق
طلبت استبدال المنتج ولم يتم حتى الآن وأيضا الفاتورة تحتوي على رسوم لم أوافق عليها هذا غير مقبول,الاسترجاع والاستبدال
السلام عليكم، السعر في الفاتورة يختلف عن السعر المعلن أنتظر ردكم,الفوترة والدفع
فيه خدوش واضحة والمنتج مستعمل أنتظر ردكم,جودة المنتج
بعد إذنكم تذكرتي مفتوحة من أسبوعين وما أحد رد شكرا,خدمة العملاء
أريد أن أشتكي: وش سبب تأخير التوصيل كل مرة شكرا,التوصيل
بعد إذنكم لم يحل أحد مشكلتي وكل مرة يحولوني لقسم ثاني أرجو الحل بسرعة,خدمة العملاء
أريد أن أشتكي: نسيت كلمة المرور ولم تصلني رسالة التحقق,الحساب والتطبيق
أريد أن أشتكي: الخامة رديئة جدا ولا تشبه الصور غير راضي عن الخدمة,جودة المنتج
السلام عليكم، عملية الدفع فشلت والمبلغ انسحب من حسابي,الفوترة والدفع
أريد أن أشتكي: تذكرتي مفتوحة من أسبوعين وما أحد رد أرجو الحل بسرعة,خدمة العملاء
مرحبا وش سبب تأخير التوصيل كل مرة هذا غير مقبول,التوصيل
للأسف يطلبون مني دفع رسوم شحن للإرجاع أنتظر ردكم,الاسترجاع والاستبدال
السلام عليكم، المنتج وصل معطوب ولا يعمل كمان لا أستطيع تغيير رقم الجوال في الملف الشخصي,جودة المنتج
طلب رقم 55358 للأسفّ التطبيّق يَتوقف باسّتمُرَار ويّغلِق لوِحدِه هذا غيَر مقّبول,الحساب والتطبيق
وش سبب تأخير التوصيل كل مرة شكرا,التوصيل
السلام عليكم، موظف خدمة العملاء كان غير محترم في الرد وفوق هذا البطارية تنفد بسرعة والمنتج ضعيف أنتظر ردكم,خدمة العملاء
بعد إذنكم المنتج وصل معطوب ولا يعمل ومن جهة ثانية ما وصلتني فاتورة ضريبية رغم الطلب,جودة المنتج
اَلطلب تأخر عن المُوِعّد المحدد بأِكثّر مِن أسبوعّ وأّيَضاّ اُلِمِقاِسّ غيُرّ مِطَابَقِ والجُودةُ سيئِة,التوصيل
مرحبا تذكرتي مفتوحة من أسبوعين وما أحد رد,خدمة العملاء
للأسف تم خصم المبلغ مرتين من بطاقتي كمان اتصلت أكثر من خمس مرات ولم يرد أحد أرجو الحل بسرعة,الفوترة والدفع
مرحبا تم خصم المبلغ مرتين من بطاقتي شكرا,الفوترة والدفع
مرحبا ما وصلتني فاتورة ضريبية رغم الطلب شكرا,الفوترة والدفع
بعد إذنكم المبلغ المسترد لم يصل إلى حسابي أرجو الحل بسرعة,الاسترجاع والاستبدال
للأسف الجهاز توقف عن العمل بعد يومين فقط,جودة المنتج
الدعم الفني وعدني بمكالمة ولم يتصل,خدمة العملاء 
بعد إذنكم الخامة رديئة جدا ولا تشبه الصور كمان الفاتورة تحتوي على رسوم لم أوافق عليها أنتظر ردكم,جودة المنتج
يا جماعة وش سبب تأخير التوصيل كل مرة غير راضي عن الخدمة,التوصيل
ما وصلتني فاتورة ضريبية رغم الطلب وفوق هذا رد الدعم آلي ولا يفهم مشكلتي,الفوترة والدفع
السلام عليكم، الموقع بطيء جدا ولا يفتح صفحة الدفع غير راضي عن الخدمة order #9161,الحساب والتطبيق
الفاتورة تحتوي على رسوم لم أوافق عليها كمان رد الدعم آلي ولا يفهم مشكلتي غير راضي عن الخدمة,الفوترة والدفع
السلام عليكم، شركة الشحن تقول سلمنا الطلب وأنا ما استلمت شي وفوق هذا سياسة الإرجاع غير واضحة ورفضوا طلبي غير راضي عن الخدمة,التوصيل
مرحبا المبلغ المسترد لم يصل إلى حسابي,الاسترجاع والاستبدال
طلب رقم 21665 السلام عليكم، تم سحب اشتراك شهري بدون علمي غير راضي عن الخدمة,الفوترة والدفع
أريد أن أشتكي: الجهاز توقف عن العمل بعد يومين فقط أنتظر ردكم,جودة المنتج
السلام عليكم، البطارية تنفد بسرعة والمنتج ضعيف !!!,جودة المنتج
يا جماعة كود الخصم لم يعمل عند الدفع غير راضي عن الخدمة,الفوترة والدفع
مرحبا الموقع بطيء جدا ولا يفتح صفحة الدفع,الحساب والتطبيق
للأسف كود الخصم لم يعمل عند الدفع,الفوترة والدفع
بعد إذنكم المقاس غير مطابق والجودة سيئة,التوصيل
أريد أن أشتكي: رد الدعم آلي ولا يفهم مشكلتي أرجو الحل بسرعة,خدمة العملاء
للأسف المنتج وصل معطوب ولا يعمل هذا غير مقبول,جودة المنتج
أريد أن أشتكي: المنتج وصل معطوب ولا يعمل ومن جهة ثانية السعر في الفاتورة يختلف عن السعر المعلن غير راضي عن الخدمة,جودة المنتج
يا جماعة موظف خدمة العملاء كان غير محترم في الرد,خدمة العملاء
الموقع بطيء جدا ولا يفتح صفحة الدفع أنتظر ردكم,الحساب والتطبيق
مرحبا المنتج وصل معطوب ولا يعمل شكرا,جودة المنتج
يا جماعة لا أستطيع تسجيل الدخول إلى حسابي شكرا,الحساب والتطبيق
للأُسف رفضواُ استِرجاع المنّتج رغمُ أّنه ضمنّ المِدة شكَرا,الاسترجاع والاستبدال
يا جماعة لم تصلني الشحنة حتى الآن وتتبع الطلب لا يتحدث وأيضا المقاس غير مطابق والجودة سيئة هذا غير مقبول,التوصيل
مرحبا اتصلت أكثر من خمس مرات ولم يرد أحد,خدمة العملاء
أرسلت المنتج المرتجع ولم أحصل على أي تأكيد هذا غير مقبول,الاسترجاع والاستبدال
اُلَسعّر فيِ الِفاتورة يِختلفِ عن السعِرِ المعلِنُ غير راُضِي عُن الَخدمة,الفوترة والدفع
الطرد وصل مفتوح وممزق من الخارج ومن جهة ثانية موظف خدمة العملاء كان غير محترم في الرد شكرا,التوصيل
السلام عليكم، وش سبب تأخير التوصيل كل مرة وفوق هذا الجهاز توقف عن العمل بعد يومين فقط أرجو الحل بسرعة,التوصيل
أريد أن أشتكي: لا أستطيع تغيير رقم الجوال في الملف الشخصي كمان الدعم الفني وعدني بمكالمة ولم يتصل,الحساب والتطبيق
مرحبا نسيت كلمة المرور ولم تصلني رسالة التحقق,الحساب والتطبيق
طلب رقم 93351 كود الخصم لم يعمل عند الدفع أنتظر ردكم,الفوترة والدفع
طلب رقم 94392 لا أستطيع تسجيل الدخول إلى حسابي,الحساب والتطبيق
السعر في الفاتورة يختلف عن السعر المعلن أرجو الحل بسرعة order #3231,الفوترة والدفع
للأسف تم خصم المبلغ مرتينـــ من بطاقتي أنتظر ردكم,الفوترة والدفع
رفضوا استرجاع المنتج رغم أنه ضمن المدة ومن جهة ثانية لا أستطيع تغيير رقم الجوال في الملف الشخصي شكرا,الاسترجاع والاستبدال
مرحبا مندوب التوصيل لا يرد على الاتصال ويرجع الطلب أنتظر ردكم,التوصيل
أريد أن أشتكي: السعر في الفاتورة يختلف عن السعر المعلن ومن جهة ثانية طلبت استبدال المنتج ولم يتم حتى الآن شكرا,الفوترة والدفع
أريد أن أشتكي: عملية الدفع فشلت والمبلغ انسحب من حسابي أنتظر ردكم,الفوترة والدفع
الخامة رديئة جدا ولا تشبه الصور وأيضا المبلغ المسترد لم يصل إلى حسابي غير راضي عن الخدمة,جودة المنتج
عملية الدفع فشلت والمبلغ انسحب من حسابي أنتظر ردكم,الفوترة والدفع
مرَحُبِا الجهِاز توِقِف عن العمل بعد يومينُ فقطُ شِكرُاِ,جودة المنتج
يا جماعة الموقع بطيء جدا ولا يفتح صفحة الدفع,الحساب والتطبيق
مرحبا مندوب التوصيل لا يرد على الاتصال ويرجع الطلب شكرا,التوصيل
طلب رقم 81883 الطلب تأخر عن الموعد المحدد بأكثر من أسبوع غير راضي عن الخدمة,التوصيل
لا أستطيع تسجيل الدخول إلى حسابي أرجو الحل بسرعة,الحساب والتطبيق
بِعد إُذنِكمَ المنتُج لا يطابقُ الُوَصَف في المّوقَع أِرجو الّحل بسرعةِ,جودة المنتج
لا أستطيع تسجيل الدخول إلى حسابي أرجو الحل بسرعة,الحساب والتطبيق
وصلني الطلب لعنوان خاطئ رغم أني كتبت العنوان صح أنتظر ردكم,التوصيل
بعد إذنكم البطارية تنفد بسرعة والمنتج ضعيف هذا غير مقبول,جودة المنتج
بعدِ إذُنَكم مُندوِب التوصُيل لاّ يردِ علّىُ الاتصَاَلّ ويرجع اُلطّلب,التوصيل
مرحبا الفاتورة تحتوي على رسوم لم أوافق عليها كمان التطبيق يتوقف باستمرار ويغلق لوحده أرجو الحل بسرعة,الفوترة والدفع
وش سبب تأخير التوصيل كل مرة هذا غير مقبول,التوصيل
طلب رقم 23816 مرحبا المنتج وصل معطوب ولا يعمل,جودة المنتج
بعد إذنكم اتصلت أكثر من خمس مرات ولم يرد أحد,خدمة العملاء 
مرحبا لم يحل أحد مشكلتي وكل مرة يحولوني لقسم ثاني وأيضا الطلب تأخر عن الموعد المحدد بأكثر من أسبوع هذا غير مقبول,خدمة العملاء
ما وصلتني فاتورة ضريبية رغم الطلب وأيضا مندوب التوصيل لا يرد على الاتصال ويرجع الطلب أرجو الحل بسرعة,الفوترة والدفع
مرُحبا فِيهِ خدوش واَضُحة وُاُلمّنتُج مَسّتعمِل وّأِيضاِ مندّوب التَوصيِل لاُ يِرَدّ عّلِى اّلَاَتصّال ويرُجَعّ الّطلب أرجوّ الُحل بسُرُعة,التوصيل
لم تصلني الشحنة حتى الآن وتتبع الطلب لا يتحدث غير راضي عن الخدمة order #7973,التوصيل 
السلام عليكم، مندوب التوصيل لا يرد على الاتصال ويرجع الطلب ومن جهة ثانية لم يحل أحد مشكلتي وكل مرة يحولوني لقسم ثاني,التوصيل
يّا جماُعِةَ المُنتج وصَلّ معطوب ولاُ يعمّل ومن جهَةُ ثّانية تَم خصم المِبلُغ مِرتينِ من بطّاَقَتي غِيّر راَضي عَن اِلَخدمة,جودة المنتج
